Workbook

Sheet 👥 Daftar Nama Pasien
B1: =IFERROR(__xludf.DUMMYFUNCTION("IMPORTRANGE(""https://docs.google.com/spreadsheets/d/1q5irXBuyRkQM_goHlRjPTSwHk1on6thK70p8lljqLrs/edit?gid=1342096879#gid=1342096879"",""🙎‍♂️ Pasien!$G$2:$I"")"),"Nama Pasien") -> Nama Pasien | C1: =IFERROR(__xludf.DUMMYFUNCTION("""COMPUTED_VALUE"""),"No. RM") -> No. RM | D1: =IFERROR(__xludf.DUMMYFUNCTION("""COMPUTED_VALUE"""),"Usia") -> Usia
B2: =IFERROR(__xludf.DUMMYFUNCTION("""COMPUTED_VALUE"""),"OFF") -> OFF | C2: =IFERROR(__xludf.DUMMYFUNCTION("""COMPUTED_VALUE"""),"OFF") -> OFF
B3: =IFERROR(__xludf.DUMMYFUNCTION("""COMPUTED_VALUE"""),"LIBUR") -> LIBUR | C3: =IFERROR(__xludf.DUMMYFUNCTION("""COMPUTED_VALUE"""),"LIBUR") -> LIBUR
B4: =IFERROR(__xludf.DUMMYFUNCTION("""COMPUTED_VALUE"""),"TA") -> TA | C4: =IFERROR(__xludf.DUMMYFUNCTION("""COMPUTED_VALUE"""),"TA") -> TA
B5: =IFERROR(__xludf.DUMMYFUNCTION("""COMPUTED_VALUE"""),"MANAJEMEN") -> MANAJEMEN | C5: =IFERROR(__xludf.DUMMYFUNCTION("""COMPUTED_VALUE"""),"MANAJEMEN") -> MANAJEMEN
B6: =IFERROR(__xludf.DUMMYFUNCTION("""COMPUTED_VALUE"""),"KHUSUS") -> KHUSUS | C6: =IFERROR(__xludf.DUMMYFUNCTION("""COMPUTED_VALUE"""),"KHUSUS") -> KHUSUS
B7: =IFERROR(__xludf.DUMMYFUNCTION("""COMPUTED_VALUE"""),"BELUM ISI DATA") -> BELUM ISI DATA | C7: =IFERROR(__xludf.DUMMYFUNCTION("""COMPUTED_VALUE"""),"BELUM ISI DATA") -> BELUM ISI DATA
C8: =IFERROR(__xludf.DUMMYFUNCTION("""COMPUTED_VALUE"""),"") | D8: =IFERROR(__xludf.DUMMYFUNCTION("""COMPUTED_VALUE"""),"")
B9: =IFERROR(__xludf.DUMMYFUNCTION("""COMPUTED_VALUE"""),"ZHOFRAN FARRAS ATAYA") -> ZHOFRAN FARRAS ATAYA | C9: =IFERROR(__xludf.DUMMYFUNCTION("""COMPUTED_VALUE"""),"Z0922105765") -> Z0922105765 | D9: =IFERROR(__xludf.DUMMYFUNCTION("""COMPUTED_VALUE"""),17.0) -> 17
B10: =IFERROR(__xludf.DUMMYFUNCTION("""COMPUTED_VALUE"""),"DIAH SUCI RINI") -> DIAH SUCI RINI | C10: =IFERROR(__xludf.DUMMYFUNCTION("""COMPUTED_VALUE"""),"D5722102445") -> D5722102445 | D10: =IFERROR(__xludf.DUMMYFUNCTION("""COMPUTED_VALUE"""),68.0) -> 68
B11: =IFERROR(__xludf.DUMMYFUNCTION("""COMPUTED_VALUE"""),"MEIZARANI HELJA") -> MEIZARANI HELJA | C11: =IFERROR(__xludf.DUMMYFUNCTION("""COMPUTED_VALUE"""),"M9322128010") -> M9322128010 | D11: =IFERROR(__xludf.DUMMYFUNCTION("""COMPUTED_VALUE"""),33.0) -> 33
B12: =IFERROR(__xludf.DUMMYFUNCTION("""COMPUTED_VALUE"""),"HUWAIDAH THIFAL NAURAH") -> HUWAIDAH THIFAL NAURAH | C12: =IFERROR(__xludf.DUMMYFUNCTION("""COMPUTED_VALUE"""),"H0123016085") -> H0123016085 | D12: =IFERROR(__xludf.DUMMYFUNCTION("""COMPUTED_VALUE"""),25.0) -> 25
B13: =IFERROR(__xludf.DUMMYFUNCTION("""COMPUTED_VALUE"""),"SUFIRNA") -> SUFIRNA | C13: =IFERROR(__xludf.DUMMYFUNCTION("""COMPUTED_VALUE"""),"S7823018882") -> S7823018882 | D13: =IFERROR(__xludf.DUMMYFUNCTION("""COMPUTED_VALUE"""),48.0) -> 48
B14: =IFERROR(__xludf.DUMMYFUNCTION("""COMPUTED_VALUE"""),"ALVIN DIYANDRA") -> ALVIN DIYANDRA | C14: =IFERROR(__xludf.DUMMYFUNCTION("""COMPUTED_VALUE"""),"A9723017817") -> A9723017817 | D14: =IFERROR(__xludf.DUMMYFUNCTION("""COMPUTED_VALUE"""),29.0) -> 29
B15: =IFERROR(__xludf.DUMMYFUNCTION("""COMPUTED_VALUE"""),"ANDI ICHWANUL AZWAR") -> ANDI ICHWANUL AZWAR | C15: =IFERROR(__xludf.DUMMYFUNCTION("""COMPUTED_VALUE"""),"A8823011011") -> A8823011011 | D15: =IFERROR(__xludf.DUMMYFUNCTION("""COMPUTED_VALUE"""),37.0) -> 37
B16: =IFERROR(__xludf.DUMMYFUNCTION("""COMPUTED_VALUE"""),"AREEFAQEEL DIEN HAQQ") -> AREEFAQEEL DIEN HAQQ | C16: =IFERROR(__xludf.DUMMYFUNCTION("""COMPUTED_VALUE"""),"A1023015335") -> A1023015335 | D16: =IFERROR(__xludf.DUMMYFUNCTION("""COMPUTED_VALUE"""),15.0) -> 15
B17: =IFERROR(__xludf.DUMMYFUNCTION("""COMPUTED_VALUE"""),"NURLINA") -> NURLINA | C17: =IFERROR(__xludf.DUMMYFUNCTION("""COMPUTED_VALUE"""),"N8523017483") -> N8523017483 | D17: =IFERROR(__xludf.DUMMYFUNCTION("""COMPUTED_VALUE"""),40.0) -> 40
B18: =IFERROR(__xludf.DUMMYFUNCTION("""COMPUTED_VALUE"""),"A. THENU") -> A. THENU | C18: =IFERROR(__xludf.DUMMYFUNCTION("""COMPUTED_VALUE"""),"A7023018857") -> A7023018857 | D18: =IFERROR(__xludf.DUMMYFUNCTION("""COMPUTED_VALUE"""),55.0) -> 55
B19: =IFERROR(__xludf.DUMMYFUNCTION("""COMPUTED_VALUE"""),"ATIKA ALIFIA F. TOBING") -> ATIKA ALIFIA F. TOBING | C19: =IFERROR(__xludf.DUMMYFUNCTION("""COMPUTED_VALUE"""),"A9023018425") -> A9023018425 | D19: =IFERROR(__xludf.DUMMYFUNCTION("""COMPUTED_VALUE"""),36.0) -> 36
B20: =IFERROR(__xludf.DUMMYFUNCTION("""COMPUTED_VALUE"""),"JAKA SEPTIADI") -> JAKA SEPTIADI | C20: =IFERROR(__xludf.DUMMYFUNCTION("""COMPUTED_VALUE"""),"J8823016633") -> J8823016633 | D20: =IFERROR(__xludf.DUMMYFUNCTION("""COMPUTED_VALUE"""),38.0) -> 38
B21: =IFERROR(__xludf.DUMMYFUNCTION("""COMPUTED_VALUE"""),"MARIYO") -> MARIYO | C21: =IFERROR(__xludf.DUMMYFUNCTION("""COMPUTED_VALUE"""),"M6523010470") -> M6523010470 | D21: =IFERROR(__xludf.DUMMYFUNCTION("""COMPUTED_VALUE"""),60.0) -> 60
B22: =IFERROR(__xludf.DUMMYFUNCTION("""COMPUTED_VALUE"""),"ADIEL PRATAMA PUTRA K.") -> ADIEL PRATAMA PUTRA K. | C22: =IFERROR(__xludf.DUMMYFUNCTION("""COMPUTED_VALUE"""),"A0623015163") -> A0623015163 | D22: =IFERROR(__xludf.DUMMYFUNCTION("""COMPUTED_VALUE"""),20.0) -> 20
B23: =IFERROR(__xludf.DUMMYFUNCTION("""COMPUTED_VALUE"""),"DAVID BURUI") -> DAVID BURUI | C23: =IFERROR(__xludf.DUMMYFUNCTION("""COMPUTED_VALUE"""),"D6123013327") -> D6123013327 | D23: =IFERROR(__xludf.DUMMYFUNCTION("""COMPUTED_VALUE"""),64.0) -> 64
B24: =IFERROR(__xludf.DUMMYFUNCTION("""COMPUTED_VALUE"""),"DEDI SUNARDI") -> DEDI SUNARDI | C24: =IFERROR(__xludf.DUMMYFUNCTION("""COMPUTED_VALUE"""),"D8223017622") -> D8223017622 | D24: =IFERROR(__xludf.DUMMYFUNCTION("""COMPUTED_VALUE"""),43.0) -> 43
B25: =IFERROR(__xludf.DUMMYFUNCTION("""COMPUTED_VALUE"""),"MIGUEL TJONDRO") -> MIGUEL TJONDRO | C25: =IFERROR(__xludf.DUMMYFUNCTION("""COMPUTED_VALUE"""),"M9823010741") -> M9823010741 | D25: =IFERROR(__xludf.DUMMYFUNCTION("""COMPUTED_VALUE"""),28.0) -> 28
B26: =IFERROR(__xludf.DUMMYFUNCTION("""COMPUTED_VALUE"""),"TRI WAHYUNI") -> TRI WAHYUNI | C26: =IFERROR(__xludf.DUMMYFUNCTION("""COMPUTED_VALUE"""),"T7623010391") -> T7623010391 | D26: =IFERROR(__xludf.DUMMYFUNCTION("""COMPUTED_VALUE"""),50.0) -> 50
B27: =IFERROR(__xludf.DUMMYFUNCTION("""COMPUTED_VALUE"""),"ANANTA UTAMI") -> ANANTA UTAMI | C27: =IFERROR(__xludf.DUMMYFUNCTION("""COMPUTED_VALUE"""),"A9123011070") -> A9123011070 | D27: =IFERROR(__xludf.DUMMYFUNCTION("""COMPUTED_VALUE"""),34.0) -> 34
B28: =IFERROR(__xludf.DUMMYFUNCTION("""COMPUTED_VALUE"""),"EMMI") -> EMMI | C28: =IFERROR(__xludf.DUMMYFUNCTION("""COMPUTED_VALUE"""),"E6223013059") -> E6223013059 | D28: =IFERROR(__xludf.DUMMYFUNCTION("""COMPUTED_VALUE"""),63.0) -> 63
B29: =IFERROR(__xludf.DUMMYFUNCTION("""COMPUTED_VALUE"""),"ZIQRIL HAKIM R") -> ZIQRIL HAKIM R | C29: =IFERROR(__xludf.DUMMYFUNCTION("""COMPUTED_VALUE"""),"Z0423010391") -> Z0423010391 | D29: =IFERROR(__xludf.DUMMYFUNCTION("""COMPUTED_VALUE"""),21.0) -> 21
B30: =IFERROR(__xludf.DUMMYFUNCTION("""COMPUTED_VALUE"""),"ERNA SETIAWATY") -> ERNA SETIAWATY | C30: =IFERROR(__xludf.DUMMYFUNCTION("""COMPUTED_VALUE"""),"E5423019005") -> E5423019005 | D30: =IFERROR(__xludf.DUMMYFUNCTION("""COMPUTED_VALUE"""),71.0) -> 71
B31: =IFERROR(__xludf.DUMMYFUNCTION("""COMPUTED_VALUE"""),"EVA DOLOROSA") -> EVA DOLOROSA | C31: =IFERROR(__xludf.DUMMYFUNCTION("""COMPUTED_VALUE"""),"E6723010889") -> E6723010889 | D31: =IFERROR(__xludf.DUMMYFUNCTION("""COMPUTED_VALUE"""),59.0) -> 59
B32: =IFERROR(__xludf.DUMMYFUNCTION("""COMPUTED_VALUE"""),"ANTO PRAYUGO") -> ANTO PRAYUGO | C32: =IFERROR(__xludf.DUMMYFUNCTION("""COMPUTED_VALUE"""),"A9523012989") -> A9523012989 | D32: =IFERROR(__xludf.DUMMYFUNCTION("""COMPUTED_VALUE"""),31.0) -> 31
B33: =IFERROR(__xludf.DUMMYFUNCTION("""COMPUTED_VALUE"""),"FAHMI") -> FAHMI | C33: =IFERROR(__xludf.DUMMYFUNCTION("""COMPUTED_VALUE"""),"F8623010888") -> F8623010888 | D33: =IFERROR(__xludf.DUMMYFUNCTION("""COMPUTED_VALUE"""),40.0) -> 40
B34: =IFERROR(__xludf.DUMMYFUNCTION("""COMPUTED_VALUE"""),"RYANDI ARDIENDA P.") -> RYANDI ARDIENDA P. | C34: =IFERROR(__xludf.DUMMYFUNCTION("""COMPUTED_VALUE"""),"R9323012323") -> R9323012323 | D34: =IFERROR(__xludf.DUMMYFUNCTION("""COMPUTED_VALUE"""),32.0) -> 32
B35: =IFERROR(__xludf.DUMMYFUNCTION("""COMPUTED_VALUE"""),"NURYANTO") -> NURYANTO | C35: =IFERROR(__xludf.DUMMYFUNCTION("""COMPUTED_VALUE"""),"N5423010002") -> N5423010002 | D35: =IFERROR(__xludf.DUMMYFUNCTION("""COMPUTED_VALUE"""),71.0) -> 71
B36: =IFERROR(__xludf.DUMMYFUNCTION("""COMPUTED_VALUE"""),"DIMAS PANDU HIDAYATULLAH") -> DIMAS PANDU HIDAYATULLAH | C36: =IFERROR(__xludf.DUMMYFUNCTION("""COMPUTED_VALUE"""),"D0023011314") -> D0023011314 | D36: =IFERROR(__xludf.DUMMYFUNCTION("""COMPUTED_VALUE"""),26.0) -> 26
B37: =IFERROR(__xludf.DUMMYFUNCTION("""COMPUTED_VALUE"""),"EIVA RADE SIHO") -> EIVA RADE SIHO | C37: =IFERROR(__xludf.DUMMYFUNCTION("""COMPUTED_VALUE"""),"E7623015810") -> E7623015810 | D37: =IFERROR(__xludf.DUMMYFUNCTION("""COMPUTED_VALUE"""),49.0) -> 49
B38: =IFERROR(__xludf.DUMMYFUNCTION("""COMPUTED_VALUE"""),"ERICK TRIENARDO") -> ERICK TRIENARDO | C38: =IFERROR(__xludf.DUMMYFUNCTION("""COMPUTED_VALUE"""),"E9723014638") -> E9723014638 | D38: =IFERROR(__xludf.DUMMYFUNCTION("""COMPUTED_VALUE"""),29.0) -> 29
B39: =IFERROR(__xludf.DUMMYFUNCTION("""COMPUTED_VALUE"""),"FLAVIUS PANGAREGO") -> FLAVIUS PANGAREGO | C39: =IFERROR(__xludf.DUMMYFUNCTION("""COMPUTED_VALUE"""),"F9623012859") -> F9623012859 | D39: =IFERROR(__xludf.DUMMYFUNCTION("""COMPUTED_VALUE"""),30.0) -> 30
B40: =IFERROR(__xludf.DUMMYFUNCTION("""COMPUTED_VALUE"""),"HERI RAHMANTO") -> HERI RAHMANTO | C40: =IFERROR(__xludf.DUMMYFUNCTION("""COMPUTED_VALUE"""),"H6123011926") -> H6123011926 | D40: =IFERROR(__xludf.DUMMYFUNCTION("""COMPUTED_VALUE"""),65.0) -> 65
B41: =IFERROR(__xludf.DUMMYFUNCTION("""COMPUTED_VALUE"""),"HILMIY DZAKIY") -> HILMIY DZAKIY | C41: =IFERROR(__xludf.DUMMYFUNCTION("""COMPUTED_VALUE"""),"H0923018457") -> H0923018457 | D41: =IFERROR(__xludf.DUMMYFUNCTION("""COMPUTED_VALUE"""),17.0) -> 17
B42: =IFERROR(__xludf.DUMMYFUNCTION("""COMPUTED_VALUE"""),"BARIONO") -> BARIONO | C42: =IFERROR(__xludf.DUMMYFUNCTION("""COMPUTED_VALUE"""),"B7723012106") -> B7723012106 | D42: =IFERROR(__xludf.DUMMYFUNCTION("""COMPUTED_VALUE"""),49.0) -> 49
B43: =IFERROR(__xludf.DUMMYFUNCTION("""COMPUTED_VALUE"""),"BASORI") -> BASORI | C43: =IFERROR(__xludf.DUMMYFUNCTION("""COMPUTED_VALUE"""),"B9723011146") -> B9723011146 | D43: =IFERROR(__xludf.DUMMYFUNCTION("""COMPUTED_VALUE"""),29.0) -> 29
B44: =IFERROR(__xludf.DUMMYFUNCTION("""COMPUTED_VALUE"""),"CHALISA PUTRI PRISYLA") -> CHALISA PUTRI PRISYLA | C44: =IFERROR(__xludf.DUMMYFUNCTION("""COMPUTED_VALUE"""),"C0923018735") -> C0923018735 | D44: =IFERROR(__xludf.DUMMYFUNCTION("""COMPUTED_VALUE"""),16.0) -> 16
B45: =IFERROR(__xludf.DUMMYFUNCTION("""COMPUTED_VALUE"""),"HARDJONO") -> HARDJONO | C45: =IFERROR(__xludf.DUMMYFUNCTION("""COMPUTED_VALUE"""),"H4623015667") -> H4623015667 | D45: =IFERROR(__xludf.DUMMYFUNCTION("""COMPUTED_VALUE"""),80.0) -> 80
B46: =IFERROR(__xludf.DUMMYFUNCTION("""COMPUTED_VALUE"""),"JUSWARDI") -> JUSWARDI | C46: =IFERROR(__xludf.DUMMYFUNCTION("""COMPUTED_VALUE"""),"J6223019000") -> J6223019000 | D46: =IFERROR(__xludf.DUMMYFUNCTION("""COMPUTED_VALUE"""),64.0) -> 64
B47: =IFERROR(__xludf.DUMMYFUNCTION("""COMPUTED_VALUE"""),"TUTI NOVITA") -> TUTI NOVITA | C47: =IFERROR(__xludf.DUMMYFUNCTION("""COMPUTED_VALUE"""),"T7223011339") -> T7223011339 | D47: =IFERROR(__xludf.DUMMYFUNCTION("""COMPUTED_VALUE"""),53.0) -> 53
B48: =IFERROR(__xludf.DUMMYFUNCTION("""COMPUTED_VALUE"""),"HENDRI WAHYUDHI") -> HENDRI WAHYUDHI | C48: =IFERROR(__xludf.DUMMYFUNCTION("""COMPUTED_VALUE"""),"H7623014100") -> H7623014100 | D48: =IFERROR(__xludf.DUMMYFUNCTION("""COMPUTED_VALUE"""),49.0) -> 49
B49: =IFERROR(__xludf.DUMMYFUNCTION("""COMPUTED_VALUE"""),"HERLINA AGUSTININGSIH") -> HERLINA AGUSTININGSIH | C49: =IFERROR(__xludf.DUMMYFUNCTION("""COMPUTED_VALUE"""),"H8523011399") -> H8523011399 | D49: =IFERROR(__xludf.DUMMYFUNCTION("""COMPUTED_VALUE"""),40.0) -> 40
B50: =IFERROR(__xludf.DUMMYFUNCTION("""COMPUTED_VALUE"""),"JOCELYN WAHYUDHI") -> JOCELYN WAHYUDHI | C50: =IFERROR(__xludf.DUMMYFUNCTION("""COMPUTED_VALUE"""),"J0623019005") -> J0623019005 | D50: =IFERROR(__xludf.DUMMYFUNCTION("""COMPUTED_VALUE"""),20.0) -> 20
B51: =IFERROR(__xludf.DUMMYFUNCTION("""COMPUTED_VALUE"""),"JON ALI") -> JON ALI | C51: =IFERROR(__xludf.DUMMYFUNCTION("""COMPUTED_VALUE"""),"J8823019998") -> J8823019998 | D51: =IFERROR(__xludf.DUMMYFUNCTION("""COMPUTED_VALUE"""),38.0) -> 38
B52: =IFERROR(__xludf.DUMMYFUNCTION("""COMPUTED_VALUE"""),"LIWONO") -> LIWONO | C52: =IFERROR(__xludf.DUMMYFUNCTION("""COMPUTED_VALUE"""),"L6623014041") -> L6623014041 | D52: =IFERROR(__xludf.DUMMYFUNCTION("""COMPUTED_VALUE"""),59.0) -> 59
B53: =IFERROR(__xludf.DUMMYFUNCTION("""COMPUTED_VALUE"""),"AGUS SETIAWAN") -> AGUS SETIAWAN | C53: =IFERROR(__xludf.DUMMYFUNCTION("""COMPUTED_VALUE"""),"A9523018347") -> A9523018347 | D53: =IFERROR(__xludf.DUMMYFUNCTION("""COMPUTED_VALUE"""),30.0) -> 30
B54: =IFERROR(__xludf.DUMMYFUNCTION("""COMPUTED_VALUE"""),"ANGGA HENDHARSA") -> ANGGA HENDHARSA | C54: =IFERROR(__xludf.DUMMYFUNCTION("""COMPUTED_VALUE"""),"A9023010811") -> A9023010811 | D54: =IFERROR(__xludf.DUMMYFUNCTION("""COMPUTED_VALUE"""),36.0) -> 36
B55: =IFERROR(__xludf.DUMMYFUNCTION("""COMPUTED_VALUE"""),"HELEN RANDY FEBRIANA") -> HELEN RANDY FEBRIANA | C55: =IFERROR(__xludf.DUMMYFUNCTION("""COMPUTED_VALUE"""),"H8723012002") -> H8723012002 | D55: =IFERROR(__xludf.DUMMYFUNCTION("""COMPUTED_VALUE"""),39.0) -> 39
B56: =IFERROR(__xludf.DUMMYFUNCTION("""COMPUTED_VALUE"""),"ELFA MARTIAN") -> ELFA MARTIAN | C56: =IFERROR(__xludf.DUMMYFUNCTION("""COMPUTED_VALUE"""),"E8423012220") -> E8423012220 | D56: =IFERROR(__xludf.DUMMYFUNCTION("""COMPUTED_VALUE"""),42.0) -> 42
B57: =IFERROR(__xludf.DUMMYFUNCTION("""COMPUTED_VALUE"""),"M. ARKANA DISA AL MASRI") -> M. ARKANA DISA AL MASRI | C57: =IFERROR(__xludf.DUMMYFUNCTION("""COMPUTED_VALUE"""),"M1323013389") -> M1323013389 | D57: =IFERROR(__xludf.DUMMYFUNCTION("""COMPUTED_VALUE"""),13.0) -> 13
B58: =IFERROR(__xludf.DUMMYFUNCTION("""COMPUTED_VALUE"""),"SRI MARTINI") -> SRI MARTINI | C58: =IFERROR(__xludf.DUMMYFUNCTION("""COMPUTED_VALUE"""),"S6123013882") -> S6123013882 | D58: =IFERROR(__xludf.DUMMYFUNCTION("""COMPUTED_VALUE"""),65.0) -> 65
B59: =IFERROR(__xludf.DUMMYFUNCTION("""COMPUTED_VALUE"""),"AMINAH") -> AMINAH | C59: =IFERROR(__xludf.DUMMYFUNCTION("""COMPUTED_VALUE"""),"A6323017817") -> A6323017817 | D59: =IFERROR(__xludf.DUMMYFUNCTION("""COMPUTED_VALUE"""),62.0) -> 62
B60: =IFERROR(__xludf.DUMMYFUNCTION("""COMPUTED_VALUE"""),"DIMAS ARYO BIMO") -> DIMAS ARYO BIMO | C60: =IFERROR(__xludf.DUMMYFUNCTION("""COMPUTED_VALUE"""),"D0523010337") -> D0523010337 | D60: =IFERROR(__xludf.DUMMYFUNCTION("""COMPUTED_VALUE"""),20.0) -> 20
B61: =IFERROR(__xludf.DUMMYFUNCTION("""COMPUTED_VALUE"""),"MARSIANA RITA") -> MARSIANA RITA | C61: =IFERROR(__xludf.DUMMYFUNCTION("""COMPUTED_VALUE"""),"M7623018071") -> M7623018071 | D61: =IFERROR(__xludf.DUMMYFUNCTION("""COMPUTED_VALUE"""),49.0) -> 49
B62: =IFERROR(__xludf.DUMMYFUNCTION("""COMPUTED_VALUE"""),"MARVELLA BENITA PUSPORINI") -> MARVELLA BENITA PUSPORINI | C62: =IFERROR(__xludf.DUMMYFUNCTION("""COMPUTED_VALUE"""),"M0423015817") -> M0423015817 | D62: =IFERROR(__xludf.DUMMYFUNCTION("""COMPUTED_VALUE"""),22.0) -> 22
B63: =IFERROR(__xludf.DUMMYFUNCTION("""COMPUTED_VALUE"""),"NENI RIMBAWATI") -> NENI RIMBAWATI | C63: =IFERROR(__xludf.DUMMYFUNCTION("""COMPUTED_VALUE"""),"N7123011230") -> N7123011230 | D63: =IFERROR(__xludf.DUMMYFUNCTION("""COMPUTED_VALUE"""),54.0) -> 54
B64: =IFERROR(__xludf.DUMMYFUNCTION("""COMPUTED_VALUE"""),"NOVI WINATA") -> NOVI WINATA | C64: =IFERROR(__xludf.DUMMYFUNCTION("""COMPUTED_VALUE"""),"N8723013099") -> N8723013099 | D64: =IFERROR(__xludf.DUMMYFUNCTION("""COMPUTED_VALUE"""),38.0) -> 38
B65: =IFERROR(__xludf.DUMMYFUNCTION("""COMPUTED_VALUE"""),"NURDIN") -> NURDIN | C65: =IFERROR(__xludf.DUMMYFUNCTION("""COMPUTED_VALUE"""),"N6423016044") -> N6423016044 | D65: =IFERROR(__xludf.DUMMYFUNCTION("""COMPUTED_VALUE"""),61.0) -> 61
B66: =IFERROR(__xludf.DUMMYFUNCTION("""COMPUTED_VALUE"""),"ALDI") -> ALDI | C66: =IFERROR(__xludf.DUMMYFUNCTION("""COMPUTED_VALUE"""),"A0623017317") -> A0623017317 | D66: =IFERROR(__xludf.DUMMYFUNCTION("""COMPUTED_VALUE"""),19.0) -> 19
B67: =IFERROR(__xludf.DUMMYFUNCTION("""COMPUTED_VALUE"""),"NURHAYATI 55") -> NURHAYATI 55 | C67: =IFERROR(__xludf.DUMMYFUNCTION("""COMPUTED_VALUE"""),"N5523017792") -> N5523017792 | D67: =IFERROR(__xludf.DUMMYFUNCTION("""COMPUTED_VALUE"""),71.0) -> 71
B68: =IFERROR(__xludf.DUMMYFUNCTION("""COMPUTED_VALUE"""),"RIZKI SAPUTRA") -> RIZKI SAPUTRA | C68: =IFERROR(__xludf.DUMMYFUNCTION("""COMPUTED_VALUE"""),"R0423012690") -> R0423012690 | D68: =IFERROR(__xludf.DUMMYFUNCTION("""COMPUTED_VALUE"""),22.0) -> 22
B69: =IFERROR(__xludf.DUMMYFUNCTION("""COMPUTED_VALUE"""),"RONY LIUNG") -> RONY LIUNG | C69: =IFERROR(__xludf.DUMMYFUNCTION("""COMPUTED_VALUE"""),"R0123012900") -> R0123012900 | D69: =IFERROR(__xludf.DUMMYFUNCTION("""COMPUTED_VALUE"""),25.0) -> 25
B70: =IFERROR(__xludf.DUMMYFUNCTION("""COMPUTED_VALUE"""),"NOVI ASMARANI") -> NOVI ASMARANI | C70: =IFERROR(__xludf.DUMMYFUNCTION("""COMPUTED_VALUE"""),"N8723015132") -> N8723015132 | D70: =IFERROR(__xludf.DUMMYFUNCTION("""COMPUTED_VALUE"""),38.0) -> 38
B71: =IFERROR(__xludf.DUMMYFUNCTION("""COMPUTED_VALUE"""),"SULISTIYOWATI") -> SULISTIYOWATI | C71: =IFERROR(__xludf.DUMMYFUNCTION("""COMPUTED_VALUE"""),"S7523014141") -> S7523014141 | D71: =IFERROR(__xludf.DUMMYFUNCTION("""COMPUTED_VALUE"""),51.0) -> 51
B72: =IFERROR(__xludf.DUMMYFUNCTION("""COMPUTED_VALUE"""),"ARIFYANDI") -> ARIFYANDI | C72: =IFERROR(__xludf.DUMMYFUNCTION("""COMPUTED_VALUE"""),"A9923014697") -> A9923014697 | D72: =IFERROR(__xludf.DUMMYFUNCTION("""COMPUTED_VALUE"""),27.0) -> 27
B73: =IFERROR(__xludf.DUMMYFUNCTION("""COMPUTED_VALUE"""),"KARTINAH") -> KARTINAH | C73: =IFERROR(__xludf.DUMMYFUNCTION("""COMPUTED_VALUE"""),"K6223018878") -> K6223018878 | D73: =IFERROR(__xludf.DUMMYFUNCTION("""COMPUTED_VALUE"""),64.0) -> 64
B74: =IFERROR(__xludf.DUMMYFUNCTION("""COMPUTED_VALUE"""),"KHARISMA RIZKI UTAMA") -> KHARISMA RIZKI UTAMA | C74: =IFERROR(__xludf.DUMMYFUNCTION("""COMPUTED_VALUE"""),"K9223011118") -> K9223011118 | D74: =IFERROR(__xludf.DUMMYFUNCTION("""COMPUTED_VALUE"""),33.0) -> 33
B75: =IFERROR(__xludf.DUMMYFUNCTION("""COMPUTED_VALUE"""),"M. ABDUL LATIEF LAZUARDI") -> M. ABDUL LATIEF LAZUARDI | C75: =IFERROR(__xludf.DUMMYFUNCTION("""COMPUTED_VALUE"""),"M0023019835") -> M0023019835 | D75: =IFERROR(__xludf.DUMMYFUNCTION("""COMPUTED_VALUE"""),25.0) -> 25
B76: =IFERROR(__xludf.DUMMYFUNCTION("""COMPUTED_VALUE"""),"SUPINI") -> SUPINI | C76: =IFERROR(__xludf.DUMMYFUNCTION("""COMPUTED_VALUE"""),"S6923014949") -> S6923014949 | D76: =IFERROR(__xludf.DUMMYFUNCTION("""COMPUTED_VALUE"""),56.0) -> 56
B77: =IFERROR(__xludf.DUMMYFUNCTION("""COMPUTED_VALUE"""),"TUKIJO") -> TUKIJO | C77: =IFERROR(__xludf.DUMMYFUNCTION("""COMPUTED_VALUE"""),"T5523016407") -> T5523016407 | D77: =IFERROR(__xludf.DUMMYFUNCTION("""COMPUTED_VALUE"""),70.0) -> 70
B78: =IFERROR(__xludf.DUMMYFUNCTION("""COMPUTED_VALUE"""),"FAHRIZAL") -> FAHRIZAL | C78: =IFERROR(__xludf.DUMMYFUNCTION("""COMPUTED_VALUE"""),"F7023014230") -> F7023014230 | D78: =IFERROR(__xludf.DUMMYFUNCTION("""COMPUTED_VALUE"""),55.0) -> 55
B79: =IFERROR(__xludf.DUMMYFUNCTION("""COMPUTED_VALUE"""),"INNOSENSIUS SILA") -> INNOSENSIUS SILA | C79: =IFERROR(__xludf.DUMMYFUNCTION("""COMPUTED_VALUE"""),"I0123017652") -> I0123017652 | D79: =IFERROR(__xludf.DUMMYFUNCTION("""COMPUTED_VALUE"""),25.0) -> 25
B80: =IFERROR(__xludf.DUMMYFUNCTION("""COMPUTED_VALUE"""),"PRIMA FARRET") -> PRIMA FARRET | C80: =IFERROR(__xludf.DUMMYFUNCTION("""COMPUTED_VALUE"""),"P8223015614") -> P8223015614 | D80: =IFERROR(__xludf.DUMMYFUNCTION("""COMPUTED_VALUE"""),43.0) -> 43
B81: =IFERROR(__xludf.DUMMYFUNCTION("""COMPUTED_VALUE"""),"SRI SURYATI") -> SRI SURYATI | C81: =IFERROR(__xludf.DUMMYFUNCTION("""COMPUTED_VALUE"""),"S5723017882") -> S5723017882 | D81: =IFERROR(__xludf.DUMMYFUNCTION("""COMPUTED_VALUE"""),69.0) -> 69
B82: =IFERROR(__xludf.DUMMYFUNCTION("""COMPUTED_VALUE"""),"SUADI") -> SUADI | C82: =IFERROR(__xludf.DUMMYFUNCTION("""COMPUTED_VALUE"""),"S6823014569") -> S6823014569 | D82: =IFERROR(__xludf.DUMMYFUNCTION("""COMPUTED_VALUE"""),58.0) -> 58
B83: =IFERROR(__xludf.DUMMYFUNCTION("""COMPUTED_VALUE"""),"TRIANI SEPTI") -> TRIANI SEPTI | C83: =IFERROR(__xludf.DUMMYFUNCTION("""COMPUTED_VALUE"""),"T9523019991") -> T9523019991 | D83: =IFERROR(__xludf.DUMMYFUNCTION("""COMPUTED_VALUE"""),30.0) -> 30
B84: =IFERROR(__xludf.DUMMYFUNCTION("""COMPUTED_VALUE"""),"YUDHI PONCA MANALU") -> YUDHI PONCA MANALU | C84: =IFERROR(__xludf.DUMMYFUNCTION("""COMPUTED_VALUE"""),"Y8823015888") -> Y8823015888 | D84: =IFERROR(__xludf.DUMMYFUNCTION("""COMPUTED_VALUE"""),38.0) -> 38
B85: =IFERROR(__xludf.DUMMYFUNCTION("""COMPUTED_VALUE"""),"DEDE ALFIANDI") -> DEDE ALFIANDI | C85: =IFERROR(__xludf.DUMMYFUNCTION("""COMPUTED_VALUE"""),"D8923011717") -> D8923011717 | D85: =IFERROR(__xludf.DUMMYFUNCTION("""COMPUTED_VALUE"""),37.0) -> 37
B86: =IFERROR(__xludf.DUMMYFUNCTION("""COMPUTED_VALUE"""),"DENY SUMANTRI") -> DENY SUMANTRI | C86: =IFERROR(__xludf.DUMMYFUNCTION("""COMPUTED_VALUE"""),"D9523019981") -> D9523019981 | D86: =IFERROR(__xludf.DUMMYFUNCTION("""COMPUTED_VALUE"""),30.0) -> 30
B87: =IFERROR(__xludf.DUMMYFUNCTION("""COMPUTED_VALUE"""),"ELO SINAGA") -> ELO SINAGA | C87: =IFERROR(__xludf.DUMMYFUNCTION("""COMPUTED_VALUE"""),"E1023019575") -> E1023019575 | D87: =IFERROR(__xludf.DUMMYFUNCTION("""COMPUTED_VALUE"""),15.0) -> 15
B88: =IFERROR(__xludf.DUMMYFUNCTION("""COMPUTED_VALUE"""),"FARIDA") -> FARIDA | C88: =IFERROR(__xludf.DUMMYFUNCTION("""COMPUTED_VALUE"""),"F6023018181") -> F6023018181 | D88: =IFERROR(__xludf.DUMMYFUNCTION("""COMPUTED_VALUE"""),65.0) -> 65
B89: =IFERROR(__xludf.DUMMYFUNCTION("""COMPUTED_VALUE"""),"MAYSHA PUTRI LESMANA") -> MAYSHA PUTRI LESMANA | C89: =IFERROR(__xludf.DUMMYFUNCTION("""COMPUTED_VALUE"""),"M0823012188") -> M0823012188 | D89: =IFERROR(__xludf.DUMMYFUNCTION("""COMPUTED_VALUE"""),18.0) -> 18
B90: =IFERROR(__xludf.DUMMYFUNCTION("""COMPUTED_VALUE"""),"PRILANDA GILANG RADANNA") -> PRILANDA GILANG RADANNA | C90: =IFERROR(__xludf.DUMMYFUNCTION("""COMPUTED_VALUE"""),"P9823015565") -> P9823015565 | D90: =IFERROR(__xludf.DUMMYFUNCTION("""COMPUTED_VALUE"""),28.0) -> 28
B91: =IFERROR(__xludf.DUMMYFUNCTION("""COMPUTED_VALUE"""),"RAISAN FIQRI") -> RAISAN FIQRI | C91: =IFERROR(__xludf.DUMMYFUNCTION("""COMPUTED_VALUE"""),"R0423010268") -> R0423010268 | D91: =IFERROR(__xludf.DUMMYFUNCTION("""COMPUTED_VALUE"""),21.0) -> 21
B92: =IFERROR(__xludf.DUMMYFUNCTION("""COMPUTED_VALUE"""),"REZA FERDIANSYAH") -> REZA FERDIANSYAH | C92: =IFERROR(__xludf.DUMMYFUNCTION("""COMPUTED_VALUE"""),"R0323019317") -> R0323019317 | D92: =IFERROR(__xludf.DUMMYFUNCTION("""COMPUTED_VALUE"""),23.0) -> 23
B93: =IFERROR(__xludf.DUMMYFUNCTION("""COMPUTED_VALUE"""),"RIA") -> RIA | C93: =IFERROR(__xludf.DUMMYFUNCTION("""COMPUTED_VALUE"""),"R7723015689") -> R7723015689 | D93: =IFERROR(__xludf.DUMMYFUNCTION("""COMPUTED_VALUE"""),49.0) -> 49
B94: =IFERROR(__xludf.DUMMYFUNCTION("""COMPUTED_VALUE"""),"SYARIF ABDUL KHALID") -> SYARIF ABDUL KHALID | C94: =IFERROR(__xludf.DUMMYFUNCTION("""COMPUTED_VALUE"""),"S8823016365") -> S8823016365 | D94: =IFERROR(__xludf.DUMMYFUNCTION("""COMPUTED_VALUE"""),38.0) -> 38
B95: =IFERROR(__xludf.DUMMYFUNCTION("""COMPUTED_VALUE"""),"TITIK NURSIAH") -> TITIK NURSIAH | C95: =IFERROR(__xludf.DUMMYFUNCTION("""COMPUTED_VALUE"""),"T5423015410") -> T5423015410 | D95: =IFERROR(__xludf.DUMMYFUNCTION("""COMPUTED_VALUE"""),72.0) -> 72
B96: =IFERROR(__xludf.DUMMYFUNCTION("""COMPUTED_VALUE"""),"YESSI ANDRIANI S") -> YESSI ANDRIANI S | C96: =IFERROR(__xludf.DUMMYFUNCTION("""COMPUTED_VALUE"""),"Y8523019223") -> Y8523019223 | D96: =IFERROR(__xludf.DUMMYFUNCTION("""COMPUTED_VALUE"""),40.0) -> 40
B97: =IFERROR(__xludf.DUMMYFUNCTION("""COMPUTED_VALUE"""),"AGUSTINUS SIMATUPANG") -> AGUSTINUS SIMATUPANG | C97: =IFERROR(__xludf.DUMMYFUNCTION("""COMPUTED_VALUE"""),"A8723018222") -> A8723018222 | D97: =IFERROR(__xludf.DUMMYFUNCTION("""COMPUTED_VALUE"""),38.0) -> 38
B98: =IFERROR(__xludf.DUMMYFUNCTION("""COMPUTED_VALUE"""),"EKO SUTRISTIYADI") -> EKO SUTRISTIYADI | C98: =IFERROR(__xludf.DUMMYFUNCTION("""COMPUTED_VALUE"""),"E9523011787") -> E9523011787 | D98: =IFERROR(__xludf.DUMMYFUNCTION("""COMPUTED_VALUE"""),31.0) -> 31
B99: =IFERROR(__xludf.DUMMYFUNCTION("""COMPUTED_VALUE"""),"FIKRI RIPARTA HARAHAP") -> FIKRI RIPARTA HARAHAP | C99: =IFERROR(__xludf.DUMMYFUNCTION("""COMPUTED_VALUE"""),"F0523012509") -> F0523012509 | D99: =IFERROR(__xludf.DUMMYFUNCTION("""COMPUTED_VALUE"""),21.0) -> 21
B100: =IFERROR(__xludf.DUMMYFUNCTION("""COMPUTED_VALUE"""),"SRI SUGIHARTI") -> SRI SUGIHARTI | C100: =IFERROR(__xludf.DUMMYFUNCTION("""COMPUTED_VALUE"""),"S5423018611") -> S5423018611 | D100: =IFERROR(__xludf.DUMMYFUNCTION("""COMPUTED_VALUE"""),71.0) -> 71
...

Sheet ⬇️ PEMASUKAN
B1: CATATAN PEMASUKAN LAYANAN FISIOTERAPI GANG SEHAT PONTIANAK 2026
B4: NO | C4: ADMIN | D4: TANGGAL | E4: TAHUN | F4: BULAN | G4: JAM | H4: FISIO | I4: NAMA PASIEN | J4: PEMBELIAN | K4: KATEGORI PEMBELIAN | L4: STATUS PEMBELIAN | M4: KETERANGAN BAYAR | N4: JUMLAH BAYAR | O4: DISKON | P4: HARGA | Q4: KEKURANGAN | R4: METODE BAYAR | S4: PENJAMIN | T4: ✅ | U4: CATATAN
B5: 60 | C5: NOPI | D5: 45844 | E5: =if(D5="","",text(D5,"YYY")) -> 2025 | F5: =if(D5="","",text(D5,"MM")&" "&text(D5,"MMM")) -> 07 Jul | I5: HARYA PAMUNGKAS | J5: K.PT - PAKET 1 | K5: {=IF(J5="","", XLOOKUP(J5,'⚙️ Pengaturan'!$E$2:$E3237,'⚙️ Pengaturan'!$G$2:$G3237))} -> KLINIK FT PAKET | L5: =if(I5="","",if(countifs($J$5:J5,J5,$I$5:I5,I5)=1,"BARU","LANJUTAN")) -> BARU | M5: DP | N5: 200000 | O5: 0 | P5: {=IFNA(XLOOKUP(J5,'⚙️ Pengaturan'!$E$2:$E3237,'⚙️ Pengaturan'!$F$2:$F3237),"")} -> 650000 | Q5: =IF(I5="","",(N5+O5)-P5) -> -450000 | R5: TRANSFER BCA | S5: HARYA PAMUNGKAS | T5: TRUE
B6: 84 | C6: LAINNYA | D6: 45846 | E6: =if(D6="","",text(D6,"YYY")) -> 2025 | F6: =if(D6="","",text(D6,"MM")&" "&text(D6,"MMM")) -> 07 Jul | I6: SUKARDI. SH MM | J6: K.PT - PAKET 1 | K6: {=IF(J6="","", XLOOKUP(J6,'⚙️ Pengaturan'!$E$2:$E3237,'⚙️ Pengaturan'!$G$2:$G3237))} -> KLINIK FT PAKET | L6: =if(I6="","",if(countifs($J$5:J6,J6,$I$5:I6,I6)=1,"BARU","LANJUTAN")) -> BARU | M6: DP | N6: 200000 | O6: 0 | P6: {=IFNA(XLOOKUP(J6,'⚙️ Pengaturan'!$E$2:$E3237,'⚙️ Pengaturan'!$F$2:$F3237),"")} -> 650000 | Q6: =IF(I6="","",(N6+O6)-P6) -> -450000 | R6: TUNAI | S6: - | T6: TRUE
B7: 247 | C7: LAINNYA | D7: 45858 | E7: =if(D7="","",text(D7,"YYY")) -> 2025 | F7: =if(D7="","",text(D7,"MM")&" "&text(D7,"MMM")) -> 07 Jul | I7: MURTI JULIANDARI | J7: K.PT - PAKET 1 | K7: {=IF(J7="","", XLOOKUP(J7,'⚙️ Pengaturan'!$E$2:$E3237,'⚙️ Pengaturan'!$G$2:$G3237))} -> KLINIK FT PAKET | L7: =if(I7="","",if(countifs($J$5:J7,J7,$I$5:I7,I7)=1,"BARU","LANJUTAN")) -> BARU | M7: DP | N7: 250000 | O7: 0 | P7: {=IFNA(XLOOKUP(J7,'⚙️ Pengaturan'!$E$2:$E3237,'⚙️ Pengaturan'!$F$2:$F3237),"")} -> 650000 | Q7: =IF(I7="","",(N7+O7)-P7) -> -400000 | R7: TRANSFER BCA | S7: MURTI JULIANDARI | T7: TRUE
B8: 317 | C8: NOPI | D8: 45864 | E8: =if(D8="","",text(D8,"YYY")) -> 2025 | F8: =if(D8="","",text(D8,"MM")&" "&text(D8,"MMM")) -> 07 Jul | I8: MURTI JULIANDARI | J8: K.PT - PAKET 1 | K8: {=IF(J8="","", XLOOKUP(J8,'⚙️ Pengaturan'!$E$2:$E3237,'⚙️ Pengaturan'!$G$2:$G3237))} -> KLINIK FT PAKET | L8: =if(I8="","",if(countifs($J$5:J8,J8,$I$5:I8,I8)=1,"BARU","LANJUTAN")) -> LANJUTAN | M8: CICILAN | N8: 200000 | O8: 250000 | P8: {=IFNA(XLOOKUP(J8,'⚙️ Pengaturan'!$E$2:$E3237,'⚙️ Pengaturan'!$F$2:$F3237),"")} -> 650000 | Q8: =IF(I8="","",(N8+O8)-P8) -> -200000 | R8: TUNAI | S8: - | T8: TRUE
B9: 696 | C9: NOPI | D9: 45897 | E9: =if(D9="","",text(D9,"YYY")) -> 2025 | F9: =if(D9="","",text(D9,"MM")&" "&text(D9,"MMM")) -> 08 Agu | I9: MUNAGI | J9: K.PT - PAKET 1 | K9: {=IF(J9="","", XLOOKUP(J9,'⚙️ Pengaturan'!$E$2:$E3237,'⚙️ Pengaturan'!$G$2:$G3237))} -> KLINIK FT PAKET | L9: =if(I9="","",if(countifs($J$5:J9,J9,$I$5:I9,I9)=1,"BARU","LANJUTAN")) -> BARU | M9: DP | N9: 200000 | O9: 0 | P9: {=IFNA(XLOOKUP(J9,'⚙️ Pengaturan'!$E$2:$E3237,'⚙️ Pengaturan'!$F$2:$F3237),"")} -> 650000 | Q9: =IF(I9="","",(N9+O9)-P9) -> -450000 | R9: TUNAI | S9: - | T9: TRUE
B10: 738 | C10: SUCI | D10: 45901 | E10: =if(D10="","",text(D10,"YYY")) -> 2025 | F10: =if(D10="","",text(D10,"MM")&" "&text(D10,"MMM")) -> 09 Sep | I10: MUNAGI | J10: K.PT - PAKET 1 | K10: {=IF(J10="","", XLOOKUP(J10,'⚙️ Pengaturan'!$E$2:$E3237,'⚙️ Pengaturan'!$G$2:$G3237))} -> KLINIK FT PAKET | L10: =if(I10="","",if(countifs($J$5:J10,J10,$I$5:I10,I10)=1,"BARU","LANJUTAN")) -> LANJUTAN | M10: CICILAN | N10: 200000 | O10: 200000 | P10: {=IFNA(XLOOKUP(J10,'⚙️ Pengaturan'!$E$2:$E3237,'⚙️ Pengaturan'!$F$2:$F3237),"")} -> 650000 | Q10: =IF(I10="","",(N10+O10)-P10) -> -250000 | R10: TUNAI | S10: - | T10: TRUE
B11: 1013 | C11: NOPI | D11: 45925 | E11: =if(D11="","",text(D11,"YYY")) -> 2025 | F11: =if(D11="","",text(D11,"MM")&" "&text(D11,"MMM")) -> 09 Sep | I11: SYAHRIL AKBARI | J11: K.PT - PAKET 1 | K11: {=IF(J11="","", XLOOKUP(J11,'⚙️ Pengaturan'!$E$2:$E3237,'⚙️ Pengaturan'!$G$2:$G3237))} -> KLINIK FT PAKET | L11: =if(I11="","",if(countifs($J$5:J11,J11,$I$5:I11,I11)=1,"BARU","LANJUTAN")) -> BARU | M11: DP | N11: 200000 | O11: 0 | P11: {=IFNA(XLOOKUP(J11,'⚙️ Pengaturan'!$E$2:$E3237,'⚙️ Pengaturan'!$F$2:$F3237),"")} -> 650000 | Q11: =IF(I11="","",(N11+O11)-P11) -> -450000 | R11: TUNAI | S11: - | T11: TRUE
B12: 1085 | C12: SUCI | D12: 45931 | E12: =if(D12="","",text(D12,"YYY")) -> 2025 | F12: =if(D12="","",text(D12,"MM")&" "&text(D12,"MMM")) -> 10 Okt | I12: RUDI HARTONO | J12: K.PT - PAKET 2 | K12: {=IF(J12="","", XLOOKUP(J12,'⚙️ Pengaturan'!$E$2:$E3237,'⚙️ Pengaturan'!$G$2:$G3237))} -> KLINIK FT PAKET | L12: =if(I12="","",if(countifs($J$5:J12,J12,$I$5:I12,I12)=1,"BARU","LANJUTAN")) -> BARU | M12: DP | N12: 500000 | O12: 0 | P12: {=IFNA(XLOOKUP(J12,'⚙️ Pengaturan'!$E$2:$E3237,'⚙️ Pengaturan'!$F$2:$F3237),"")} -> 1200000 | Q12: =IF(I12="","",(N12+O12)-P12) -> -700000 | R12: EDC BCA | S12: RUDI HARTONO | T12: TRUE
B13: 1153 | C13: SUCI | D13: 45937 | E13: =if(D13="","",text(D13,"YYY")) -> 2025 | F13: =if(D13="","",text(D13,"MM")&" "&text(D13,"MMM")) -> 10 Okt | I13: ARIFIN NUR ROCHMAD | J13: K.PT - PAKET 1 | K13: {=IF(J13="","", XLOOKUP(J13,'⚙️ Pengaturan'!$E$2:$E3237,'⚙️ Pengaturan'!$G$2:$G3237))} -> KLINIK FT PAKET | L13: =if(I13="","",if(countifs($J$5:J13,J13,$I$5:I13,I13)=1,"BARU","LANJUTAN")) -> BARU | M13: DP | N13: 200000 | O13: 0 | P13: {=IFNA(XLOOKUP(J13,'⚙️ Pengaturan'!$E$2:$E3237,'⚙️ Pengaturan'!$F$2:$F3237),"")} -> 650000 | Q13: =IF(I13="","",(N13+O13)-P13) -> -450000 | R13: TUNAI | S13: - | T13: TRUE
B14: 1159 | C14: SUCI | D14: 45938 | E14: =if(D14="","",text(D14,"YYY")) -> 2025 | F14: =if(D14="","",text(D14,"MM")&" "&text(D14,"MMM")) -> 10 Okt | I14: CINTHYA MEILIZA | J14: K.PT - PAKET 1 | K14: {=IF(J14="","", XLOOKUP(J14,'⚙️ Pengaturan'!$E$2:$E3237,'⚙️ Pengaturan'!$G$2:$G3237))} -> KLINIK FT PAKET | L14: =if(I14="","",if(countifs($J$5:J14,J14,$I$5:I14,I14)=1,"BARU","LANJUTAN")) -> BARU | M14: DP | N14: 200000 | O14: 0 | P14: {=IFNA(XLOOKUP(J14,'⚙️ Pengaturan'!$E$2:$E3237,'⚙️ Pengaturan'!$F$2:$F3237),"")} -> 650000 | Q14: =IF(I14="","",(N14+O14)-P14) -> -450000 | R14: TRANSFER BCA | S14: CINTHYA MEILIZA | T14: TRUE
B15: 1172 | C15: NOPI | D15: 45939 | E15: =if(D15="","",text(D15,"YYY")) -> 2025 | F15: =if(D15="","",text(D15,"MM")&" "&text(D15,"MMM")) -> 10 Okt | I15: SULAIMAN 9601 | J15: K.PT - PAKET 2 | K15: {=IF(J15="","", XLOOKUP(J15,'⚙️ Pengaturan'!$E$2:$E3237,'⚙️ Pengaturan'!$G$2:$G3237))} -> KLINIK FT PAKET | L15: =if(I15="","",if(countifs($J$5:J15,J15,$I$5:I15,I15)=1,"BARU","LANJUTAN")) -> BARU | M15: DP | N15: 500000 | O15: 0 | P15: {=IFNA(XLOOKUP(J15,'⚙️ Pengaturan'!$E$2:$E3237,'⚙️ Pengaturan'!$F$2:$F3237),"")} -> 1200000 | Q15: =IF(I15="","",(N15+O15)-P15) -> -700000 | R15: TUNAI | S15: - | T15: TRUE
B16: 1313 | C16: SUCI | D16: 45951 | E16: =if(D16="","",text(D16,"YYY")) -> 2025 | F16: =if(D16="","",text(D16,"MM")&" "&text(D16,"MMM")) -> 10 Okt | I16: DIKI FIRMANSYAH | J16: K.PT - PAKET 1 | K16: {=IF(J16="","", XLOOKUP(J16,'⚙️ Pengaturan'!$E$2:$E3237,'⚙️ Pengaturan'!$G$2:$G3237))} -> KLINIK FT PAKET | L16: =if(I16="","",if(countifs($J$5:J16,J16,$I$5:I16,I16)=1,"BARU","LANJUTAN")) -> BARU | M16: DP | N16: 300000 | O16: 0 | P16: {=IFNA(XLOOKUP(J16,'⚙️ Pengaturan'!$E$2:$E3237,'⚙️ Pengaturan'!$F$2:$F3237),"")} -> 650000 | Q16: =IF(I16="","",(N16+O16)-P16) -> -350000 | R16: TRANSFER BCA | S16: DIKI FIRNANDA | T16: TRUE
B17: 1324 | C17: NOPI | D17: 45952 | E17: =if(D17="","",text(D17,"YYY")) -> 2025 | F17: =if(D17="","",text(D17,"MM")&" "&text(D17,"MMM")) -> 10 Okt | I17: ALY AL DASTAN | J17: K.PT - PAKET 1 | K17: {=IF(J17="","", XLOOKUP(J17,'⚙️ Pengaturan'!$E$2:$E3237,'⚙️ Pengaturan'!$G$2:$G3237))} -> KLINIK FT PAKET | L17: =if(I17="","",if(countifs($J$5:J17,J17,$I$5:I17,I17)=1,"BARU","LANJUTAN")) -> BARU | M17: DP | N17: 200000 | O17: 0 | P17: {=IFNA(XLOOKUP(J17,'⚙️ Pengaturan'!$E$2:$E3237,'⚙️ Pengaturan'!$F$2:$F3237),"")} -> 650000 | Q17: =IF(I17="","",(N17+O17)-P17) -> -450000 | R17: TUNAI | S17: - | T17: TRUE
B18: 1354 | C18: NOPI | D18: 45955 | E18: =if(D18="","",text(D18,"YYY")) -> 2025 | F18: =if(D18="","",text(D18,"MM")&" "&text(D18,"MMM")) -> 10 Okt | I18: TUTI TRISNAWATI | J18: K.PT - PAKET 1 | K18: {=IF(J18="","", XLOOKUP(J18,'⚙️ Pengaturan'!$E$2:$E3237,'⚙️ Pengaturan'!$G$2:$G3237))} -> KLINIK FT PAKET | L18: =if(I18="","",if(countifs($J$5:J18,J18,$I$5:I18,I18)=1,"BARU","LANJUTAN")) -> BARU | M18: DP | N18: 200000 | O18: 0 | P18: {=IFNA(XLOOKUP(J18,'⚙️ Pengaturan'!$E$2:$E3237,'⚙️ Pengaturan'!$F$2:$F3237),"")} -> 650000 | Q18: =IF(I18="","",(N18+O18)-P18) -> -450000 | R18: TUNAI | S18: - | T18: TRUE
B19: 1569 | C19: SUCI | D19: 45972 | E19: =if(D19="","",text(D19,"YYY")) -> 2025 | F19: =if(D19="","",text(D19,"MM")&" "&text(D19,"MMM")) -> 11 Nov | I19: ARIFIN NUR ROCHMAD | J19: K.PT - PAKET 1 | K19: {=IF(J19="","", XLOOKUP(J19,'⚙️ Pengaturan'!$E$2:$E3237,'⚙️ Pengaturan'!$G$2:$G3237))} -> KLINIK FT PAKET | L19: =if(I19="","",if(countifs($J$5:J19,J19,$I$5:I19,I19)=1,"BARU","LANJUTAN")) -> LANJUTAN | M19: DP | N19: 200000 | O19: 0 | P19: {=IFNA(XLOOKUP(J19,'⚙️ Pengaturan'!$E$2:$E3237,'⚙️ Pengaturan'!$F$2:$F3237),"")} -> 650000 | Q19: =IF(I19="","",(N19+O19)-P19) -> -450000 | R19: TUNAI | S19: - | T19: TRUE
B20: 1577 | C20: NOPI | D20: 45973 | E20: =if(D20="","",text(D20,"YYY")) -> 2025 | F20: =if(D20="","",text(D20,"MM")&" "&text(D20,"MMM")) -> 11 Nov | I20: ZULKIFLI HASANUDDIN | J20: K.PT - PAKET 1 | K20: {=IF(J20="","", XLOOKUP(J20,'⚙️ Pengaturan'!$E$2:$E3237,'⚙️ Pengaturan'!$G$2:$G3237))} -> KLINIK FT PAKET | L20: =if(I20="","",if(countifs($J$5:J20,J20,$I$5:I20,I20)=1,"BARU","LANJUTAN")) -> BARU | M20: DP | N20: 200000 | O20: 0 | P20: {=IFNA(XLOOKUP(J20,'⚙️ Pengaturan'!$E$2:$E3237,'⚙️ Pengaturan'!$F$2:$F3237),"")} -> 650000 | Q20: =IF(I20="","",(N20+O20)-P20) -> -450000 | R20: TRANSFER BCA | S20: ZULKIFLI HASANUDDIN | T20: TRUE
B21: 1593 | C21: SUCI | D21: 45976 | E21: =if(D21="","",text(D21,"YYY")) -> 2025 | F21: =if(D21="","",text(D21,"MM")&" "&text(D21,"MMM")) -> 11 Nov | I21: DHAIFULLAH IRFAN HAFIZH | J21: K.PT - PAKET 2 | K21: {=IF(J21="","", XLOOKUP(J21,'⚙️ Pengaturan'!$E$2:$E3237,'⚙️ Pengaturan'!$G$2:$G3237))} -> KLINIK FT PAKET | L21: =if(I21="","",if(countifs($J$5:J21,J21,$I$5:I21,I21)=1,"BARU","LANJUTAN")) -> BARU | M21: DP | N21: 600000 | O21: 0 | P21: {=IFNA(XLOOKUP(J21,'⚙️ Pengaturan'!$E$2:$E3237,'⚙️ Pengaturan'!$F$2:$F3237),"")} -> 1200000 | Q21: =IF(I21="","",(N21+O21)-P21) -> -600000 | R21: TUNAI | S21: - | T21: TRUE
B22: 1637 | C22: NOPI | D22: 45979 | E22: =if(D22="","",text(D22,"YYY")) -> 2025 | F22: =if(D22="","",text(D22,"MM")&" "&text(D22,"MMM")) -> 11 Nov | I22: RUDI HARTONO | J22: K.PT - PAKET 2 | K22: {=IF(J22="","", XLOOKUP(J22,'⚙️ Pengaturan'!$E$2:$E3237,'⚙️ Pengaturan'!$G$2:$G3237))} -> KLINIK FT PAKET | L22: =if(I22="","",if(countifs($J$5:J22,J22,$I$5:I22,I22)=1,"BARU","LANJUTAN")) -> LANJUTAN | M22: DP | N22: 500000 | O22: 0 | P22: {=IFNA(XLOOKUP(J22,'⚙️ Pengaturan'!$E$2:$E3237,'⚙️ Pengaturan'!$F$2:$F3237),"")} -> 1200000 | Q22: =IF(I22="","",(N22+O22)-P22) -> -700000 | R22: EDC BCA | S22: RUDI HARTONO | T22: TRUE
B23: 1762 | C23: NOPI | D23: 45990 | E23: =if(D23="","",text(D23,"YYY")) -> 2025 | F23: =if(D23="","",text(D23,"MM")&" "&text(D23,"MMM")) -> 11 Nov | I23: TUTI TRISNAWATI | J23: K.PT - PAKET 1 | K23: {=IF(J23="","", XLOOKUP(J23,'⚙️ Pengaturan'!$E$2:$E3237,'⚙️ Pengaturan'!$G$2:$G3237))} -> KLINIK FT PAKET | L23: =if(I23="","",if(countifs($J$5:J23,J23,$I$5:I23,I23)=1,"BARU","LANJUTAN")) -> LANJUTAN | M23: DP | N23: 200000 | O23: 0 | P23: {=IFNA(XLOOKUP(J23,'⚙️ Pengaturan'!$E$2:$E3237,'⚙️ Pengaturan'!$F$2:$F3237),"")} -> 650000 | Q23: =IF(I23="","",(N23+O23)-P23) -> -450000 | R23: TUNAI | S23: - | T23: TRUE
B24: 1896 | C24: SUCI | D24: 46001 | E24: =if(D24="","",text(D24,"YYY")) -> 2025 | F24: =if(D24="","",text(D24,"MM")&" "&text(D24,"MMM")) -> 12 Des | I24: KRIS YOGI DWI PUTRA SIBARANI | J24: K.PT - PAKET 1 | K24: {=IF(J24="","", XLOOKUP(J24,'⚙️ Pengaturan'!$E$2:$E3237,'⚙️ Pengaturan'!$G$2:$G3237))} -> KLINIK FT PAKET | L24: =if(I24="","",if(countifs($J$5:J24,J24,$I$5:I24,I24)=1,"BARU","LANJUTAN")) -> BARU | M24: DP | N24: 200000 | O24: 0 | P24: {=IFNA(XLOOKUP(J24,'⚙️ Pengaturan'!$E$2:$E3237,'⚙️ Pengaturan'!$F$2:$F3237),"")} -> 650000 | Q24: =IF(I24="","",(N24+O24)-P24) -> -450000 | R24: TRANSFER BCA | S24: KRIS YOGI DWI PUTRA SIBARANI | T24: TRUE
B25: 1904 | C25: SUCI | D25: 46001 | E25: =if(D25="","",text(D25,"YYY")) -> 2025 | F25: =if(D25="","",text(D25,"MM")&" "&text(D25,"MMM")) -> 12 Des | I25: ANDRIANI | J25: K.PT - PAKET 1 | K25: {=IF(J25="","", XLOOKUP(J25,'⚙️ Pengaturan'!$E$2:$E3237,'⚙️ Pengaturan'!$G$2:$G3237))} -> KLINIK FT PAKET | L25: =if(I25="","",if(countifs($J$5:J25,J25,$I$5:I25,I25)=1,"BARU","LANJUTAN")) -> BARU | M25: DP | N25: 200000 | O25: 0 | P25: {=IFNA(XLOOKUP(J25,'⚙️ Pengaturan'!$E$2:$E3237,'⚙️ Pengaturan'!$F$2:$F3237),"")} -> 650000 | Q25: =IF(I25="","",(N25+O25)-P25) -> -450000 | R25: TRANSFER BCA | S25: ANDRIANI | T25: TRUE
B26: 1923 | C26: NOPI | D26: 46004 | E26: =if(D26="","",text(D26,"YYY")) -> 2025 | F26: =if(D26="","",text(D26,"MM")&" "&text(D26,"MMM")) -> 12 Des | I26: ANGELICA BUNARDI | J26: K.PT - PAKET 1 | K26: {=IF(J26="","", XLOOKUP(J26,'⚙️ Pengaturan'!$E$2:$E3237,'⚙️ Pengaturan'!$G$2:$G3237))} -> KLINIK FT PAKET | L26: =if(I26="","",if(countifs($J$5:J26,J26,$I$5:I26,I26)=1,"BARU","LANJUTAN")) -> BARU | M26: DP | N26: 200000 | O26: 0 | P26: {=IFNA(XLOOKUP(J26,'⚙️ Pengaturan'!$E$2:$E3237,'⚙️ Pengaturan'!$F$2:$F3237),"")} -> 650000 | Q26: =IF(I26="","",(N26+O26)-P26) -> -450000 | R26: TRANSFER BCA | S26: ANGELICA BUNARDI | T26: TRUE
B27: 1974 | C27: SUCI | D27: 46007 | E27: =if(D27="","",text(D27,"YYY")) -> 2025 | F27: =if(D27="","",text(D27,"MM")&" "&text(D27,"MMM")) -> 12 Des | I27: RUSDI SULAIMAN | J27: V.PT - PAKET VISIT | K27: {=IF(J27="","", XLOOKUP(J27,'⚙️ Pengaturan'!$E$2:$E3237,'⚙️ Pengaturan'!$G$2:$G3237))} -> VISIT FT PAKET | L27: =if(I27="","",if(countifs($J$5:J27,J27,$I$5:I27,I27)=1,"BARU","LANJUTAN")) -> BARU | M27: DP | N27: 1000000 | O27: 0 | P27: {=IFNA(XLOOKUP(J27,'⚙️ Pengaturan'!$E$2:$E3237,'⚙️ Pengaturan'!$F$2:$F3237),"")} -> 1800000 | Q27: =IF(I27="","",(N27+O27)-P27) -> -800000 | R27: TRANSFER BCA | S27: RUSDI SULAIMAN | T27: TRUE
B28: 1982 | C28: NOPI | D28: 46008 | E28: =if(D28="","",text(D28,"YYY")) -> 2025 | F28: =if(D28="","",text(D28,"MM")&" "&text(D28,"MMM")) -> 12 Des | I28: ALPAWI | J28: K.PT - PAKET 2 | K28: {=IF(J28="","", XLOOKUP(J28,'⚙️ Pengaturan'!$E$2:$E3237,'⚙️ Pengaturan'!$G$2:$G3237))} -> KLINIK FT PAKET | L28: =if(I28="","",if(countifs($J$5:J28,J28,$I$5:I28,I28)=1,"BARU","LANJUTAN")) -> BARU | M28: DP | N28: 500000 | O28: 0 | P28: {=IFNA(XLOOKUP(J28,'⚙️ Pengaturan'!$E$2:$E3237,'⚙️ Pengaturan'!$F$2:$F3237),"")} -> 1200000 | Q28: =IF(I28="","",(N28+O28)-P28) -> -700000 | R28: TRANSFER BCA | S28: SITI ROHANI | T28: TRUE
B29: 2040 | C29: NOPI | D29: 46014 | E29: =if(D29="","",text(D29,"YYY")) -> 2025 | F29: =if(D29="","",text(D29,"MM")&" "&text(D29,"MMM")) -> 12 Des | I29: ANDRIANI | J29: K.PT - PAKET 1 | K29: {=IF(J29="","", XLOOKUP(J29,'⚙️ Pengaturan'!$E$2:$E3237,'⚙️ Pengaturan'!$G$2:$G3237))} -> KLINIK FT PAKET | L29: =if(I29="","",if(countifs($J$5:J29,J29,$I$5:I29,I29)=1,"BARU","LANJUTAN")) -> LANJUTAN | M29: CICILAN | N29: 200000 | O29: 200000 | P29: {=IFNA(XLOOKUP(J29,'⚙️ Pengaturan'!$E$2:$E3237,'⚙️ Pengaturan'!$F$2:$F3237),"")} -> 650000 | Q29: =IF(I29="","",(N29+O29)-P29) -> -250000 | R29: TRANSFER BCA | S29: ANDRIANI | T29: TRUE
B30: 2043 | C30: NOPI | D30: 46014 | E30: =if(D30="","",text(D30,"YYY")) -> 2025 | F30: =if(D30="","",text(D30,"MM")&" "&text(D30,"MMM")) -> 12 Des | I30: ANGELICA | J30: K.PT - PAKET 1 | K30: {=IF(J30="","", XLOOKUP(J30,'⚙️ Pengaturan'!$E$2:$E3237,'⚙️ Pengaturan'!$G$2:$G3237))} -> KLINIK FT PAKET | L30: =if(I30="","",if(countifs($J$5:J30,J30,$I$5:I30,I30)=1,"BARU","LANJUTAN")) -> BARU | M30: DP | N30: 200000 | O30: 0 | P30: {=IFNA(XLOOKUP(J30,'⚙️ Pengaturan'!$E$2:$E3237,'⚙️ Pengaturan'!$F$2:$F3237),"")} -> 650000 | Q30: =IF(I30="","",(N30+O30)-P30) -> -450000 | R30: TUNAI | S30: - | T30: TRUE
B31: 2056 | C31: NOPI | D31: 46015 | E31: =if(D31="","",text(D31,"YYY")) -> 2025 | F31: =if(D31="","",text(D31,"MM")&" "&text(D31,"MMM")) -> 12 Des | I31: BEDJO RAHARDJO | J31: K.PT - PAKET 2 | K31: {=IF(J31="","", XLOOKUP(J31,'⚙️ Pengaturan'!$E$2:$E3237,'⚙️ Pengaturan'!$G$2:$G3237))} -> KLINIK FT PAKET | L31: =if(I31="","",if(countifs($J$5:J31,J31,$I$5:I31,I31)=1,"BARU","LANJUTAN")) -> BARU | M31: DP | N31: 500000 | O31: 0 | P31: {=IFNA(XLOOKUP(J31,'⚙️ Pengaturan'!$E$2:$E3237,'⚙️ Pengaturan'!$F$2:$F3237),"")} -> 1200000 | Q31: =IF(I31="","",(N31+O31)-P31) -> -700000 | R31: TUNAI | S31: - | T31: TRUE
B32: 2063 | C32: LAINNYA | D32: 46017 | E32: =if(D32="","",text(D32,"YYY")) -> 2025 | F32: =if(D32="","",text(D32,"MM")&" "&text(D32,"MMM")) -> 12 Des | G32: 16.00 | H32: DESTY | I32: ENDAH SEPTIANINGSIH | J32: K.TA - TERAPI AWAL | K32: {=IF(J32="","", XLOOKUP(J32,'⚙️ Pengaturan'!$E$2:$E3237,'⚙️ Pengaturan'!$G$2:$G3237))} -> KLINIK FT TA | L32: =if(I32="","",if(countifs($J$5:J32,J32,$I$5:I32,I32)=1,"BARU","LANJUTAN")) -> BARU | M32: LUNAS | N32: 250000 | O32: 0 | P32: {=IFNA(XLOOKUP(J32,'⚙️ Pengaturan'!$E$2:$E3237,'⚙️ Pengaturan'!$F$2:$F3237),"")} -> 250000 | Q32: =IF(I32="","",(N32+O32)-P32) -> 0 | R32: TRANSFER BCA | S32: ENDAH SEPTIANINGSIH | T32: TRUE
B33: 2064 | C33: LAINNYA | D33: 46017 | E33: =if(D33="","",text(D33,"YYY")) -> 2025 | F33: =if(D33="","",text(D33,"MM")&" "&text(D33,"MMM")) -> 12 Des | G33: 16.00 | H33: DESTY | I33: ENDAH SEPTIANINGSIH | J33: K.PT - PAKET 1 | K33: {=IF(J33="","", XLOOKUP(J33,'⚙️ Pengaturan'!$E$2:$E3237,'⚙️ Pengaturan'!$G$2:$G3237))} -> KLINIK FT PAKET | L33: =if(I33="","",if(countifs($J$5:J33,J33,$I$5:I33,I33)=1,"BARU","LANJUTAN")) -> BARU | M33: LUNAS | N33: 650000 | O33: 0 | P33: {=IFNA(XLOOKUP(J33,'⚙️ Pengaturan'!$E$2:$E3237,'⚙️ Pengaturan'!$F$2:$F3237),"")} -> 650000 | Q33: =IF(I33="","",(N33+O33)-P33) -> 0 | R33: TRANSFER BCA | S33: ENDAH SEPTIANINGSIH | T33: TRUE
B34: 2065 | C34: LAINNYA | D34: 46017 | E34: =if(D34="","",text(D34,"YYY")) -> 2025 | F34: =if(D34="","",text(D34,"MM")&" "&text(D34,"MMM")) -> 12 Des | G34: 20.00 | H34: DANI | I34: DONNY TRI PUJIANTO | J34: K.TA - TERAPI AWAL | K34: {=IF(J34="","", XLOOKUP(J34,'⚙️ Pengaturan'!$E$2:$E3237,'⚙️ Pengaturan'!$G$2:$G3237))} -> KLINIK FT TA | L34: =if(I34="","",if(countifs($J$5:J34,J34,$I$5:I34,I34)=1,"BARU","LANJUTAN")) -> BARU | M34: LUNAS | N34: 250000 | O34: 0 | P34: {=IFNA(XLOOKUP(J34,'⚙️ Pengaturan'!$E$2:$E3237,'⚙️ Pengaturan'!$F$2:$F3237),"")} -> 250000 | Q34: =IF(I34="","",(N34+O34)-P34) -> 0 | R34: TRANSFER BCA | S34: MARGARETA CHANDRADINATA | T34: TRUE
B35: 2066 | C35: SUCI | D35: 46018 | E35: =if(D35="","",text(D35,"YYY")) -> 2025 | F35: =if(D35="","",text(D35,"MM")&" "&text(D35,"MMM")) -> 12 Des | G35: 14.00 | H35: ORY | I35: TJONG LIE TJHIUN ALS SUKIMAN | J35: K.PT - PAKET 1 | K35: {=IF(J35="","", XLOOKUP(J35,'⚙️ Pengaturan'!$E$2:$E3237,'⚙️ Pengaturan'!$G$2:$G3237))} -> KLINIK FT PAKET | L35: =if(I35="","",if(countifs($J$5:J35,J35,$I$5:I35,I35)=1,"BARU","LANJUTAN")) -> BARU | M35: PELUNASAN | N35: 450000 | O35: 200000 | P35: {=IFNA(XLOOKUP(J35,'⚙️ Pengaturan'!$E$2:$E3237,'⚙️ Pengaturan'!$F$2:$F3237),"")} -> 650000 | Q35: =IF(I35="","",(N35+O35)-P35) -> 0 | R35: TUNAI | S35: - | T35: TRUE
B36: 2067 | C36: SUCI | D36: 46018 | E36: =if(D36="","",text(D36,"YYY")) -> 2025 | F36: =if(D36="","",text(D36,"MM")&" "&text(D36,"MMM")) -> 12 Des | G36: 14.00 | H36: AUL | I36: DRSHENDRA SALIM | J36: K.TA - TERAPI AWAL | K36: {=IF(J36="","", XLOOKUP(J36,'⚙️ Pengaturan'!$E$2:$E3237,'⚙️ Pengaturan'!$G$2:$G3237))} -> KLINIK FT TA | L36: =if(I36="","",if(countifs($J$5:J36,J36,$I$5:I36,I36)=1,"BARU","LANJUTAN")) -> BARU | M36: LUNAS | N36: 250000 | O36: 0 | P36: {=IFNA(XLOOKUP(J36,'⚙️ Pengaturan'!$E$2:$E3237,'⚙️ Pengaturan'!$F$2:$F3237),"")} -> 250000 | Q36: =IF(I36="","",(N36+O36)-P36) -> 0 | R36: EDC BCA | S36: LINA TJENDERA | T36: TRUE
B37: 2068 | C37: SUCI | D37: 46018 | E37: =if(D37="","",text(D37,"YYY")) -> 2025 | F37: =if(D37="","",text(D37,"MM")&" "&text(D37,"MMM")) -> 12 Des | G37: 11.00 | H37: WAHYU | I37: WAHONO | J37: K.PT - PAKET 1 | K37: {=IF(J37="","", XLOOKUP(J37,'⚙️ Pengaturan'!$E$2:$E3237,'⚙️ Pengaturan'!$G$2:$G3237))} -> KLINIK FT PAKET | L37: =if(I37="","",if(countifs($J$5:J37,J37,$I$5:I37,I37)=1,"BARU","LANJUTAN")) -> BARU | M37: LUNAS | N37: 650000 | O37: 0 | P37: {=IFNA(XLOOKUP(J37,'⚙️ Pengaturan'!$E$2:$E3237,'⚙️ Pengaturan'!$F$2:$F3237),"")} -> 650000 | Q37: =IF(I37="","",(N37+O37)-P37) -> 0 | R37: EDC BCA | S37: BINTARI | T37: TRUE
B38: 2069 | C38: NOPI | D38: 46018 | E38: =if(D38="","",text(D38,"YYY")) -> 2025 | F38: =if(D38="","",text(D38,"MM")&" "&text(D38,"MMM")) -> 12 Des | G38: 18.00 | H38: HESTI | I38: YUNITA | J38: K.PT - PAKET 1 | K38: {=IF(J38="","", XLOOKUP(J38,'⚙️ Pengaturan'!$E$2:$E3237,'⚙️ Pengaturan'!$G$2:$G3237))} -> KLINIK FT PAKET | L38: =if(I38="","",if(countifs($J$5:J38,J38,$I$5:I38,I38)=1,"BARU","LANJUTAN")) -> BARU | M38: LUNAS | N38: 650000 | O38: 0 | P38: {=IFNA(XLOOKUP(J38,'⚙️ Pengaturan'!$E$2:$E3237,'⚙️ Pengaturan'!$F$2:$F3237),"")} -> 650000 | Q38: =IF(I38="","",(N38+O38)-P38) -> 0 | R38: TRANSFER BCA | S38: YUNITA | T38: TRUE
B39: 2070 | C39: NOPI | D39: 46018 | E39: =if(D39="","",text(D39,"YYY")) -> 2025 | F39: =if(D39="","",text(D39,"MM")&" "&text(D39,"MMM")) -> 12 Des | G39: 15.00 | H39: AUL | I39: RIZKI RAMADHANI | J39: K.TA - TERAPI AWAL | K39: {=IF(J39="","", XLOOKUP(J39,'⚙️ Pengaturan'!$E$2:$E3237,'⚙️ Pengaturan'!$G$2:$G3237))} -> KLINIK FT TA | L39: =if(I39="","",if(countifs($J$5:J39,J39,$I$5:I39,I39)=1,"BARU","LANJUTAN")) -> BARU | M39: LUNAS | N39: 250000 | O39: 0 | P39: {=IFNA(XLOOKUP(J39,'⚙️ Pengaturan'!$E$2:$E3237,'⚙️ Pengaturan'!$F$2:$F3237),"")} -> 250000 | Q39: =IF(I39="","",(N39+O39)-P39) -> 0 | R39: TRANSFER BCA | S39: HARRY FURQON | T39: TRUE
B40: 2071 | C40: NOPI | D40: 46018 | E40: =if(D40="","",text(D40,"YYY")) -> 2025 | F40: =if(D40="","",text(D40,"MM")&" "&text(D40,"MMM")) -> 12 Des | G40: 17.00 | H40: ORY | I40: HAMDAN IDRIS | J40: K.ST - SESI TERAPI | K40: {=IF(J40="","", XLOOKUP(J40,'⚙️ Pengaturan'!$E$2:$E3237,'⚙️ Pengaturan'!$G$2:$G3237))} -> KLINIK FT SESI | L40: =if(I40="","",if(countifs($J$5:J40,J40,$I$5:I40,I40)=1,"BARU","LANJUTAN")) -> BARU | M40: LUNAS | N40: 150000 | O40: 0 | P40: {=IFNA(XLOOKUP(J40,'⚙️ Pengaturan'!$E$2:$E3237,'⚙️ Pengaturan'!$F$2:$F3237),"")} -> 150000 | Q40: =IF(I40="","",(N40+O40)-P40) -> 0 | R40: TUNAI | S40: - | T40: TRUE
B41: 2072 | C41: NOPI | D41: 46018 | E41: =if(D41="","",text(D41,"YYY")) -> 2025 | F41: =if(D41="","",text(D41,"MM")&" "&text(D41,"MMM")) -> 12 Des | G41: 16.00 | H41: OKTA | I41: LIMINA DJUITA LIMAS | J41: K.ST - SESI TERAPI | K41: {=IF(J41="","", XLOOKUP(J41,'⚙️ Pengaturan'!$E$2:$E3237,'⚙️ Pengaturan'!$G$2:$G3237))} -> KLINIK FT SESI | L41: =if(I41="","",if(countifs($J$5:J41,J41,$I$5:I41,I41)=1,"BARU","LANJUTAN")) -> BARU | M41: LUNAS | N41: 150000 | O41: 0 | P41: {=IFNA(XLOOKUP(J41,'⚙️ Pengaturan'!$E$2:$E3237,'⚙️ Pengaturan'!$F$2:$F3237),"")} -> 150000 | Q41: =IF(I41="","",(N41+O41)-P41) -> 0 | R41: TRANSFER BCA | S41: LIMINA DJUITA LIMAS | T41: TRUE
B42: 2073 | C42: NOPI | D42: 46018 | E42: =if(D42="","",text(D42,"YYY")) -> 2025 | F42: =if(D42="","",text(D42,"MM")&" "&text(D42,"MMM")) -> 12 Des | G42: 18.00 | H42: WAHYU | I42: YOSTRYAN CHENATA | J42: K.PT - PAKET 1 | K42: {=IF(J42="","", XLOOKUP(J42,'⚙️ Pengaturan'!$E$2:$E3237,'⚙️ Pengaturan'!$G$2:$G3237))} -> KLINIK FT PAKET | L42: =if(I42="","",if(countifs($J$5:J42,J42,$I$5:I42,I42)=1,"BARU","LANJUTAN")) -> BARU | M42: LUNAS | N42: 650000 | O42: 0 | P42: {=IFNA(XLOOKUP(J42,'⚙️ Pengaturan'!$E$2:$E3237,'⚙️ Pengaturan'!$F$2:$F3237),"")} -> 650000 | Q42: =IF(I42="","",(N42+O42)-P42) -> 0 | R42: TRANSFER BCA | S42: YOSTRYAN CHENATA | T42: TRUE
B43: 2074 | C43: NOPI | D43: 46018 | E43: =if(D43="","",text(D43,"YYY")) -> 2025 | F43: =if(D43="","",text(D43,"MM")&" "&text(D43,"MMM")) -> 12 Des | G43: 20.00 | H43: HESTI | I43: RIZKADEA BELIANTO | J43: K.TA - TERAPI AWAL | K43: {=IF(J43="","", XLOOKUP(J43,'⚙️ Pengaturan'!$E$2:$E3237,'⚙️ Pengaturan'!$G$2:$G3237))} -> KLINIK FT TA | L43: =if(I43="","",if(countifs($J$5:J43,J43,$I$5:I43,I43)=1,"BARU","LANJUTAN")) -> BARU | M43: LUNAS | N43: 250000 | O43: 0 | P43: {=IFNA(XLOOKUP(J43,'⚙️ Pengaturan'!$E$2:$E3237,'⚙️ Pengaturan'!$F$2:$F3237),"")} -> 250000 | Q43: =IF(I43="","",(N43+O43)-P43) -> 0 | R43: TRANSFER BCA | S43: RIZKADEA BELIANTO | T43: TRUE
B44: 2075 | C44: NOPI | D44: 46018 | E44: =if(D44="","",text(D44,"YYY")) -> 2025 | F44: =if(D44="","",text(D44,"MM")&" "&text(D44,"MMM")) -> 12 Des | G44: 21.00 | H44: HESTI | I44: SURYANA | J44: K.TA - TERAPI AWAL | K44: {=IF(J44="","", XLOOKUP(J44,'⚙️ Pengaturan'!$E$2:$E3237,'⚙️ Pengaturan'!$G$2:$G3237))} -> KLINIK FT TA | L44: =if(I44="","",if(countifs($J$5:J44,J44,$I$5:I44,I44)=1,"BARU","LANJUTAN")) -> BARU | M44: LUNAS | N44: 250000 | O44: 0 | P44: {=IFNA(XLOOKUP(J44,'⚙️ Pengaturan'!$E$2:$E3237,'⚙️ Pengaturan'!$F$2:$F3237),"")} -> 250000 | Q44: =IF(I44="","",(N44+O44)-P44) -> 0 | R44: TRANSFER BCA | S44: SURYANA | T44: TRUE
B45: 2076 | C45: NOPI | D45: 46018 | E45: =if(D45="","",text(D45,"YYY")) -> 2025 | F45: =if(D45="","",text(D45,"MM")&" "&text(D45,"MMM")) -> 12 Des | G45: 21.00 | H45: OKTA | I45: FERA HENDRY | J45: K.TA - TERAPI AWAL | K45: {=IF(J45="","", XLOOKUP(J45,'⚙️ Pengaturan'!$E$2:$E3237,'⚙️ Pengaturan'!$G$2:$G3237))} -> KLINIK FT TA | L45: =if(I45="","",if(countifs($J$5:J45,J45,$I$5:I45,I45)=1,"BARU","LANJUTAN")) -> BARU | M45: LUNAS | N45: 250000 | O45: 0 | P45: {=IFNA(XLOOKUP(J45,'⚙️ Pengaturan'!$E$2:$E3237,'⚙️ Pengaturan'!$F$2:$F3237),"")} -> 250000 | Q45: =IF(I45="","",(N45+O45)-P45) -> 0 | R45: TUNAI | S45: - | T45: TRUE
B46: 2077 | C46: NOPI | D46: 46019 | E46: =if(D46="","",text(D46,"YYY")) -> 2025 | F46: =if(D46="","",text(D46,"MM")&" "&text(D46,"MMM")) -> 12 Des | G46: 10.00 | H46: HESTI | I46: TJOEA HOEI THJENG | J46: V.PT - PAKET VISIT | K46: {=IF(J46="","", XLOOKUP(J46,'⚙️ Pengaturan'!$E$2:$E3237,'⚙️ Pengaturan'!$G$2:$G3237))} -> VISIT FT PAKET | L46: =if(I46="","",if(countifs($J$5:J46,J46,$I$5:I46,I46)=1,"BARU","LANJUTAN")) -> BARU | M46: DP | N46: 1000000 | O46: 0 | P46: {=IFNA(XLOOKUP(J46,'⚙️ Pengaturan'!$E$2:$E3237,'⚙️ Pengaturan'!$F$2:$F3237),"")} -> 1800000 | Q46: =IF(I46="","",(N46+O46)-P46) -> -800000 | R46: TRANSFER BCA | S46: HILIANTY TARDJONO | T46: TRUE
B47: 2078 | C47: NOPI | D47: 46019 | E47: =if(D47="","",text(D47,"YYY")) -> 2025 | F47: =if(D47="","",text(D47,"MM")&" "&text(D47,"MMM")) -> 12 Des | G47: 10.00 | H47: HESTI | I47: ISNINDAR | J47: K.TA - TERAPI AWAL | K47: {=IF(J47="","", XLOOKUP(J47,'⚙️ Pengaturan'!$E$2:$E3237,'⚙️ Pengaturan'!$G$2:$G3237))} -> KLINIK FT TA | L47: =if(I47="","",if(countifs($J$5:J47,J47,$I$5:I47,I47)=1,"BARU","LANJUTAN")) -> BARU | M47: LUNAS | N47: 250000 | O47: 0 | P47: {=IFNA(XLOOKUP(J47,'⚙️ Pengaturan'!$E$2:$E3237,'⚙️ Pengaturan'!$F$2:$F3237),"")} -> 250000 | Q47: =IF(I47="","",(N47+O47)-P47) -> 0 | R47: TRANSFER BCA | S47: ISNINDAR | T47: TRUE
B48: 2079 | C48: NOPI | D48: 46019 | E48: =if(D48="","",text(D48,"YYY")) -> 2025 | F48: =if(D48="","",text(D48,"MM")&" "&text(D48,"MMM")) -> 12 Des | G48: 10.00 | H48: WAHYU | I48: SUHERMAN | J48: K.ST - SESI TERAPI | K48: {=IF(J48="","", XLOOKUP(J48,'⚙️ Pengaturan'!$E$2:$E3237,'⚙️ Pengaturan'!$G$2:$G3237))} -> KLINIK FT SESI | L48: =if(I48="","",if(countifs($J$5:J48,J48,$I$5:I48,I48)=1,"BARU","LANJUTAN")) -> BARU | M48: LUNAS | N48: 150000 | O48: 0 | P48: {=IFNA(XLOOKUP(J48,'⚙️ Pengaturan'!$E$2:$E3237,'⚙️ Pengaturan'!$F$2:$F3237),"")} -> 150000 | Q48: =IF(I48="","",(N48+O48)-P48) -> 0 | R48: TRANSFER BCA | S48: SUHERMAN | T48: TRUE
B49: 2080 | C49: NOPI | D49: 46019 | E49: =if(D49="","",text(D49,"YYY")) -> 2025 | F49: =if(D49="","",text(D49,"MM")&" "&text(D49,"MMM")) -> 12 Des | G49: 12.00 | H49: OKTA | I49: ANGELICA | J49: K.PT - PAKET 1 | K49: {=IF(J49="","", XLOOKUP(J49,'⚙️ Pengaturan'!$E$2:$E3237,'⚙️ Pengaturan'!$G$2:$G3237))} -> KLINIK FT PAKET | L49: =if(I49="","",if(countifs($J$5:J49,J49,$I$5:I49,I49)=1,"BARU","LANJUTAN")) -> LANJUTAN | M49: PELUNASAN | N49: 450000 | O49: 200000 | P49: {=IFNA(XLOOKUP(J49,'⚙️ Pengaturan'!$E$2:$E3237,'⚙️ Pengaturan'!$F$2:$F3237),"")} -> 650000 | Q49: =IF(I49="","",(N49+O49)-P49) -> 0 | R49: TUNAI | S49: - | T49: TRUE
B50: 2081 | C50: NOPI | D50: 46019 | E50: =if(D50="","",text(D50,"YYY")) -> 2025 | F50: =if(D50="","",text(D50,"MM")&" "&text(D50,"MMM")) -> 12 Des | G50: 12.00 | H50: HESTI | I50: ROHAYATI | J50: K.TA - TERAPI AWAL | K50: {=IF(J50="","", XLOOKUP(J50,'⚙️ Pengaturan'!$E$2:$E3237,'⚙️ Pengaturan'!$G$2:$G3237))} -> KLINIK FT TA | L50: =if(I50="","",if(countifs($J$5:J50,J50,$I$5:I50,I50)=1,"BARU","LANJUTAN")) -> BARU | M50: LUNAS | N50: 250000 | O50: 0 | P50: {=IFNA(XLOOKUP(J50,'⚙️ Pengaturan'!$E$2:$E3237,'⚙️ Pengaturan'!$F$2:$F3237),"")} -> 250000 | Q50: =IF(I50="","",(N50+O50)-P50) -> 0 | R50: TUNAI | S50: - | T50: TRUE
B51: 2082 | C51: NOPI | D51: 46019 | E51: =if(D51="","",text(D51,"YYY")) -> 2025 | F51: =if(D51="","",text(D51,"MM")&" "&text(D51,"MMM")) -> 12 Des | G51: 14.00 | H51: OKTA | I51: MARISA HANDAYANI | J51: K.PT - PAKET 1 | K51: {=IF(J51="","", XLOOKUP(J51,'⚙️ Pengaturan'!$E$2:$E3237,'⚙️ Pengaturan'!$G$2:$G3237))} -> KLINIK FT PAKET | L51: =if(I51="","",if(countifs($J$5:J51,J51,$I$5:I51,I51)=1,"BARU","LANJUTAN")) -> BARU | M51: LUNAS | N51: 650000 | O51: 0 | P51: {=IFNA(XLOOKUP(J51,'⚙️ Pengaturan'!$E$2:$E3237,'⚙️ Pengaturan'!$F$2:$F3237),"")} -> 650000 | Q51: =IF(I51="","",(N51+O51)-P51) -> 0 | R51: TRANSFER BCA | S51: MARISA HANDAYANI | T51: TRUE
B52: 2083 | C52: NOPI | D52: 46019 | E52: =if(D52="","",text(D52,"YYY")) -> 2025 | F52: =if(D52="","",text(D52,"MM")&" "&text(D52,"MMM")) -> 12 Des | G52: 15.00 | H52: OKTA | I52: PUTRI RESTU AWALIYAH | J52: K.TA - TERAPI AWAL | K52: {=IF(J52="","", XLOOKUP(J52,'⚙️ Pengaturan'!$E$2:$E3237,'⚙️ Pengaturan'!$G$2:$G3237))} -> KLINIK FT TA | L52: =if(I52="","",if(countifs($J$5:J52,J52,$I$5:I52,I52)=1,"BARU","LANJUTAN")) -> BARU | M52: LUNAS | N52: 250000 | O52: 0 | P52: {=IFNA(XLOOKUP(J52,'⚙️ Pengaturan'!$E$2:$E3237,'⚙️ Pengaturan'!$F$2:$F3237),"")} -> 250000 | Q52: =IF(I52="","",(N52+O52)-P52) -> 0 | R52: TRANSFER BCA | S52: PUTRI RESTU AWALIYAH | T52: TRUE
B53: 2084 | C53: NOPI | D53: 46019 | E53: =if(D53="","",text(D53,"YYY")) -> 2025 | F53: =if(D53="","",text(D53,"MM")&" "&text(D53,"MMM")) -> 12 Des | G53: 14.00 | H53: HESTI | I53: ASNAH | J53: K.TA - TERAPI AWAL | K53: {=IF(J53="","", XLOOKUP(J53,'⚙️ Pengaturan'!$E$2:$E3237,'⚙️ Pengaturan'!$G$2:$G3237))} -> KLINIK FT TA | L53: =if(I53="","",if(countifs($J$5:J53,J53,$I$5:I53,I53)=1,"BARU","LANJUTAN")) -> BARU | M53: LUNAS | N53: 250000 | O53: 0 | P53: {=IFNA(XLOOKUP(J53,'⚙️ Pengaturan'!$E$2:$E3237,'⚙️ Pengaturan'!$F$2:$F3237),"")} -> 250000 | Q53: =IF(I53="","",(N53+O53)-P53) -> 0 | R53: TUNAI | S53: - | T53: TRUE
B54: 2085 | C54: NOPI | D54: 46019 | E54: =if(D54="","",text(D54,"YYY")) -> 2025 | F54: =if(D54="","",text(D54,"MM")&" "&text(D54,"MMM")) -> 12 Des | G54: 17.00 | H54: AUL | I54: CAHYANI ANUGRAH SUBEKTI | J54: V.TA - TERAPI AWAL VISIT | K54: {=IF(J54="","", XLOOKUP(J54,'⚙️ Pengaturan'!$E$2:$E3237,'⚙️ Pengaturan'!$G$2:$G3237))} -> VISIT FT TA | L54: =if(I54="","",if(countifs($J$5:J54,J54,$I$5:I54,I54)=1,"BARU","LANJUTAN")) -> BARU | M54: LUNAS | N54: 300000 | O54: 0 | P54: {=IFNA(XLOOKUP(J54,'⚙️ Pengaturan'!$E$2:$E3237,'⚙️ Pengaturan'!$F$2:$F3237),"")} -> 300000 | Q54: =IF(I54="","",(N54+O54)-P54) -> 0 | R54: TUNAI | S54: - | T54: TRUE
B55: 2086 | C55: SUCI | D55: 46019 | E55: =if(D55="","",text(D55,"YYY")) -> 2025 | F55: =if(D55="","",text(D55,"MM")&" "&text(D55,"MMM")) -> 12 Des | G55: 16.00 | H55: ORY | I55: NORIZAN | J55: K.TA - TERAPI AWAL | K55: {=IF(J55="","", XLOOKUP(J55,'⚙️ Pengaturan'!$E$2:$E3237,'⚙️ Pengaturan'!$G$2:$G3237))} -> KLINIK FT TA | L55: =if(I55="","",if(countifs($J$5:J55,J55,$I$5:I55,I55)=1,"BARU","LANJUTAN")) -> BARU | M55: LUNAS | N55: 150000 | O55: 100000 | P55: {=IFNA(XLOOKUP(J55,'⚙️ Pengaturan'!$E$2:$E3237,'⚙️ Pengaturan'!$F$2:$F3237),"")} -> 250000 | Q55: =IF(I55="","",(N55+O55)-P55) -> 0 | R55: TRANSFER BCA | S55: SWARTONO | T55: TRUE
B56: 2087 | C56: SUCI | D56: 46019 | E56: =if(D56="","",text(D56,"YYY")) -> 2025 | F56: =if(D56="","",text(D56,"MM")&" "&text(D56,"MMM")) -> 12 Des | G56: 18.00 | H56: AUL | I56: NITTA ROLLITA | J56: K.ST - SESI TERAPI | K56: {=IF(J56="","", XLOOKUP(J56,'⚙️ Pengaturan'!$E$2:$E3237,'⚙️ Pengaturan'!$G$2:$G3237))} -> KLINIK FT SESI | L56: =if(I56="","",if(countifs($J$5:J56,J56,$I$5:I56,I56)=1,"BARU","LANJUTAN")) -> BARU | M56: LUNAS | N56: 150000 | O56: 0 | P56: {=IFNA(XLOOKUP(J56,'⚙️ Pengaturan'!$E$2:$E3237,'⚙️ Pengaturan'!$F$2:$F3237),"")} -> 150000 | Q56: =IF(I56="","",(N56+O56)-P56) -> 0 | R56: TRANSFER BCA | S56: NITTA ROLLITA | T56: TRUE
B57: 2088 | C57: SUCI | D57: 46019 | E57: =if(D57="","",text(D57,"YYY")) -> 2025 | F57: =if(D57="","",text(D57,"MM")&" "&text(D57,"MMM")) -> 12 Des | G57: 20.00 | H57: ORY | I57: EDY DARMAWAN | J57: K.TA - TERAPI AWAL | K57: {=IF(J57="","", XLOOKUP(J57,'⚙️ Pengaturan'!$E$2:$E3237,'⚙️ Pengaturan'!$G$2:$G3237))} -> KLINIK FT TA | L57: =if(I57="","",if(countifs($J$5:J57,J57,$I$5:I57,I57)=1,"BARU","LANJUTAN")) -> BARU | M57: LUNAS | N57: 250000 | O57: 0 | P57: {=IFNA(XLOOKUP(J57,'⚙️ Pengaturan'!$E$2:$E3237,'⚙️ Pengaturan'!$F$2:$F3237),"")} -> 250000 | Q57: =IF(I57="","",(N57+O57)-P57) -> 0 | R57: TUNAI | S57: - | T57: TRUE
B58: 2089 | C58: SUCI | D58: 46019 | E58: =if(D58="","",text(D58,"YYY")) -> 2025 | F58: =if(D58="","",text(D58,"MM")&" "&text(D58,"MMM")) -> 12 Des | G58: 21.00 | H58: ORY | I58: IVAN TANSARITO | J58: K.TA - TERAPI AWAL | K58: {=IF(J58="","", XLOOKUP(J58,'⚙️ Pengaturan'!$E$2:$E3237,'⚙️ Pengaturan'!$G$2:$G3237))} -> KLINIK FT TA | L58: =if(I58="","",if(countifs($J$5:J58,J58,$I$5:I58,I58)=1,"BARU","LANJUTAN")) -> BARU | M58: LUNAS | N58: 250000 | O58: 0 | P58: {=IFNA(XLOOKUP(J58,'⚙️ Pengaturan'!$E$2:$E3237,'⚙️ Pengaturan'!$F$2:$F3237),"")} -> 250000 | Q58: =IF(I58="","",(N58+O58)-P58) -> 0 | R58: TUNAI | S58: - | T58: TRUE
B59: 2090 | C59: SUCI | D59: 46019 | E59: =if(D59="","",text(D59,"YYY")) -> 2025 | F59: =if(D59="","",text(D59,"MM")&" "&text(D59,"MMM")) -> 12 Des | G59: 18.00 | H59: ORY | I59: RANDA ARZA SAPUTRA | J59: K.PT - PAKET 1 | K59: {=IF(J59="","", XLOOKUP(J59,'⚙️ Pengaturan'!$E$2:$E3237,'⚙️ Pengaturan'!$G$2:$G3237))} -> KLINIK FT PAKET | L59: =if(I59="","",if(countifs($J$5:J59,J59,$I$5:I59,I59)=1,"BARU","LANJUTAN")) -> BARU | M59: DP | N59: 200000 | O59: 0 | P59: {=IFNA(XLOOKUP(J59,'⚙️ Pengaturan'!$E$2:$E3237,'⚙️ Pengaturan'!$F$2:$F3237),"")} -> 650000 | Q59: =IF(I59="","",(N59+O59)-P59) -> -450000 | R59: TUNAI | S59: - | T59: TRUE
B60: 2091 | C60: SUCI | D60: 46020 | E60: =if(D60="","",text(D60,"YYY")) -> 2025 | F60: =if(D60="","",text(D60,"MM")&" "&text(D60,"MMM")) -> 12 Des | G60: 16.00 | H60: ORY | I60: NORIZAN | J60: K.ST - SESI TERAPI | K60: {=IF(J60="","", XLOOKUP(J60,'⚙️ Pengaturan'!$E$2:$E3237,'⚙️ Pengaturan'!$G$2:$G3237))} -> KLINIK FT SESI | L60: =if(I60="","",if(countifs($J$5:J60,J60,$I$5:I60,I60)=1,"BARU","LANJUTAN")) -> BARU | M60: LUNAS | N60: 150000 | O60: 0 | P60: {=IFNA(XLOOKUP(J60,'⚙️ Pengaturan'!$E$2:$E3237,'⚙️ Pengaturan'!$F$2:$F3237),"")} -> 150000 | Q60: =IF(I60="","",(N60+O60)-P60) -> 0 | R60: TRANSFER BCA | S60: SWARTONO | T60: TRUE
B61: 2092 | C61: SUCI | D61: 46020 | E61: =if(D61="","",text(D61,"YYY")) -> 2025 | F61: =if(D61="","",text(D61,"MM")&" "&text(D61,"MMM")) -> 12 Des | G61: 10.00 | H61: ORY | I61: DONNY TRI PUJIANTO | J61: K.PT - PAKET 1 | K61: {=IF(J61="","", XLOOKUP(J61,'⚙️ Pengaturan'!$E$2:$E3237,'⚙️ Pengaturan'!$G$2:$G3237))} -> KLINIK FT PAKET | L61: =if(I61="","",if(countifs($J$5:J61,J61,$I$5:I61,I61)=1,"BARU","LANJUTAN")) -> BARU | M61: LUNAS | N61: 650000 | O61: 0 | P61: {=IFNA(XLOOKUP(J61,'⚙️ Pengaturan'!$E$2:$E3237,'⚙️ Pengaturan'!$F$2:$F3237),"")} -> 650000 | Q61: =IF(I61="","",(N61+O61)-P61) -> 0 | R61: TRANSFER BCA | S61: DONNY TRI PUJIANTO | T61: TRUE
B62: 2093 | C62: SUCI | D62: 46020 | E62: =if(D62="","",text(D62,"YYY")) -> 2025 | F62: =if(D62="","",text(D62,"MM")&" "&text(D62,"MMM")) -> 12 Des | G62: 12.00 | H62: ORY | I62: RICKY THERISNO | J62: K.TA - TERAPI AWAL | K62: {=IF(J62="","", XLOOKUP(J62,'⚙️ Pengaturan'!$E$2:$E3237,'⚙️ Pengaturan'!$G$2:$G3237))} -> KLINIK FT TA | L62: =if(I62="","",if(countifs($J$5:J62,J62,$I$5:I62,I62)=1,"BARU","LANJUTAN")) -> BARU | M62: LUNAS | N62: 250000 | O62: 0 | P62: {=IFNA(XLOOKUP(J62,'⚙️ Pengaturan'!$E$2:$E3237,'⚙️ Pengaturan'!$F$2:$F3237),"")} -> 250000 | Q62: =IF(I62="","",(N62+O62)-P62) -> 0 | R62: TUNAI | S62: - | T62: TRUE
B63: 2095 | C63: NOPI | D63: 46020 | E63: =if(D63="","",text(D63,"YYY")) -> 2025 | F63: =if(D63="","",text(D63,"MM")&" "&text(D63,"MMM")) -> 12 Des | G63: 16.00 | H63: HESTI | I63: MUDIONO HARYANTO | J63: K.TA - TERAPI AWAL | K63: {=IF(J63="","", XLOOKUP(J63,'⚙️ Pengaturan'!$E$2:$E3237,'⚙️ Pengaturan'!$G$2:$G3237))} -> KLINIK FT TA | L63: =if(I63="","",if(countifs($J$5:J63,J63,$I$5:I63,I63)=1,"BARU","LANJUTAN")) -> BARU | M63: LUNAS | N63: 250000 | O63: 0 | P63: {=IFNA(XLOOKUP(J63,'⚙️ Pengaturan'!$E$2:$E3237,'⚙️ Pengaturan'!$F$2:$F3237),"")} -> 250000 | Q63: =IF(I63="","",(N63+O63)-P63) -> 0 | R63: TRANSFER BCA | S63: MUDIONO HARYANTO | T63: TRUE
B64: 2096 | C64: NOPI | D64: 46020 | E64: =if(D64="","",text(D64,"YYY")) -> 2025 | F64: =if(D64="","",text(D64,"MM")&" "&text(D64,"MMM")) -> 12 Des | G64: 12.00 | H64: DANI | I64: DRSHENDRA SALIM | J64: K.PT - PAKET 1 | K64: {=IF(J64="","", XLOOKUP(J64,'⚙️ Pengaturan'!$E$2:$E3237,'⚙️ Pengaturan'!$G$2:$G3237))} -> KLINIK FT PAKET | L64: =if(I64="","",if(countifs($J$5:J64,J64,$I$5:I64,I64)=1,"BARU","LANJUTAN")) -> BARU | M64: LUNAS | N64: 650000 | O64: 0 | P64: {=IFNA(XLOOKUP(J64,'⚙️ Pengaturan'!$E$2:$E3237,'⚙️ Pengaturan'!$F$2:$F3237),"")} -> 650000 | Q64: =IF(I64="","",(N64+O64)-P64) -> 0 | R64: EDC BCA | S64: DRSHENDRA SALIM | T64: TRUE
B65: 2097 | C65: NOPI | D65: 46020 | E65: =if(D65="","",text(D65,"YYY")) -> 2025 | F65: =if(D65="","",text(D65,"MM")&" "&text(D65,"MMM")) -> 12 Des | G65: 13.00 | H65: DANI | I65: CHRISTINA | J65: K.TA - TERAPI AWAL | K65: {=IF(J65="","", XLOOKUP(J65,'⚙️ Pengaturan'!$E$2:$E3237,'⚙️ Pengaturan'!$G$2:$G3237))} -> KLINIK FT TA | L65: =if(I65="","",if(countifs($J$5:J65,J65,$I$5:I65,I65)=1,"BARU","LANJUTAN")) -> BARU | M65: LUNAS | N65: 250000 | O65: 0 | P65: {=IFNA(XLOOKUP(J65,'⚙️ Pengaturan'!$E$2:$E3237,'⚙️ Pengaturan'!$F$2:$F3237),"")} -> 250000 | Q65: =IF(I65="","",(N65+O65)-P65) -> 0 | R65: EDC BCA | S65: CHRISTINA | T65: TRUE
B66: 2098 | C66: NOPI | D66: 46020 | E66: =if(D66="","",text(D66,"YYY")) -> 2025 | F66: =if(D66="","",text(D66,"MM")&" "&text(D66,"MMM")) -> 12 Des | G66: 13.00 | H66: DANI | I66: CHRISTINA | J66: K.PT - PAKET 1 | K66: {=IF(J66="","", XLOOKUP(J66,'⚙️ Pengaturan'!$E$2:$E3237,'⚙️ Pengaturan'!$G$2:$G3237))} -> KLINIK FT PAKET | L66: =if(I66="","",if(countifs($J$5:J66,J66,$I$5:I66,I66)=1,"BARU","LANJUTAN")) -> BARU | M66: LUNAS | N66: 650000 | O66: 0 | P66: {=IFNA(XLOOKUP(J66,'⚙️ Pengaturan'!$E$2:$E3237,'⚙️ Pengaturan'!$F$2:$F3237),"")} -> 650000 | Q66: =IF(I66="","",(N66+O66)-P66) -> 0 | R66: EDC BCA | S66: CHRISTINA | T66: TRUE
B67: 2099 | C67: NOPI | D67: 46020 | E67: =if(D67="","",text(D67,"YYY")) -> 2025 | F67: =if(D67="","",text(D67,"MM")&" "&text(D67,"MMM")) -> 12 Des | G67: 17.00 | H67: AUL | I67: CAHYANI ANUGRAH SUBEKTI | J67: V.PT - PAKET VISIT | K67: {=IF(J67="","", XLOOKUP(J67,'⚙️ Pengaturan'!$E$2:$E3237,'⚙️ Pengaturan'!$G$2:$G3237))} -> VISIT FT PAKET | L67: =if(I67="","",if(countifs($J$5:J67,J67,$I$5:I67,I67)=1,"BARU","LANJUTAN")) -> BARU | M67: LUNAS | N67: 1800000 | O67: 0 | P67: {=IFNA(XLOOKUP(J67,'⚙️ Pengaturan'!$E$2:$E3237,'⚙️ Pengaturan'!$F$2:$F3237),"")} -> 1800000 | Q67: =IF(I67="","",(N67+O67)-P67) -> 0 | R67: TUNAI | S67: - | T67: TRUE
B68: 2100 | C68: NOPI | D68: 46020 | E68: =if(D68="","",text(D68,"YYY")) -> 2025 | F68: =if(D68="","",text(D68,"MM")&" "&text(D68,"MMM")) -> 12 Des | G68: 18.00 | H68: HESTI | I68: JOKEND ZAPOTA PUTRA | J68: K.TA - TERAPI AWAL | K68: {=IF(J68="","", XLOOKUP(J68,'⚙️ Pengaturan'!$E$2:$E3237,'⚙️ Pengaturan'!$G$2:$G3237))} -> KLINIK FT TA | L68: =if(I68="","",if(countifs($J$5:J68,J68,$I$5:I68,I68)=1,"BARU","LANJUTAN")) -> BARU | M68: LUNAS | N68: 250000 | O68: 0 | P68: {=IFNA(XLOOKUP(J68,'⚙️ Pengaturan'!$E$2:$E3237,'⚙️ Pengaturan'!$F$2:$F3237),"")} -> 250000 | Q68: =IF(I68="","",(N68+O68)-P68) -> 0 | R68: TUNAI | S68: - | T68: TRUE
B69: 2101 | C69: NOPI | D69: 46020 | E69: =if(D69="","",text(D69,"YYY")) -> 2025 | F69: =if(D69="","",text(D69,"MM")&" "&text(D69,"MMM")) -> 12 Des | G69: 10.00 | H69: OKTA | I69: JON ALI | J69: K.ST - SESI TERAPI | K69: {=IF(J69="","", XLOOKUP(J69,'⚙️ Pengaturan'!$E$2:$E3237,'⚙️ Pengaturan'!$G$2:$G3237))} -> KLINIK FT SESI | L69: =if(I69="","",if(countifs($J$5:J69,J69,$I$5:I69,I69)=1,"BARU","LANJUTAN")) -> BARU | M69: LUNAS | N69: 150000 | O69: 0 | P69: {=IFNA(XLOOKUP(J69,'⚙️ Pengaturan'!$E$2:$E3237,'⚙️ Pengaturan'!$F$2:$F3237),"")} -> 150000 | Q69: =IF(I69="","",(N69+O69)-P69) -> 0 | R69: TRANSFER BCA | S69: JON ALI | T69: TRUE
B70: 2102 | C70: NOPI | D70: 46020 | E70: =if(D70="","",text(D70,"YYY")) -> 2025 | F70: =if(D70="","",text(D70,"MM")&" "&text(D70,"MMM")) -> 12 Des | G70: 20.00 | H70: OKTA | I70: CITRA PURNAMA SARI | J70: K.ST - SESI TERAPI | K70: {=IF(J70="","", XLOOKUP(J70,'⚙️ Pengaturan'!$E$2:$E3237,'⚙️ Pengaturan'!$G$2:$G3237))} -> KLINIK FT SESI | L70: =if(I70="","",if(countifs($J$5:J70,J70,$I$5:I70,I70)=1,"BARU","LANJUTAN")) -> BARU | M70: LUNAS | N70: 150000 | O70: 0 | P70: {=IFNA(XLOOKUP(J70,'⚙️ Pengaturan'!$E$2:$E3237,'⚙️ Pengaturan'!$F$2:$F3237),"")} -> 150000 | Q70: =IF(I70="","",(N70+O70)-P70) -> 0 | R70: TUNAI | S70: - | T70: TRUE
B71: 2103 | C71: NOPI | D71: 46020 | E71: =if(D71="","",text(D71,"YYY")) -> 2025 | F71: =if(D71="","",text(D71,"MM")&" "&text(D71,"MMM")) -> 12 Des | G71: 20.00 | H71: HESTI | I71: SURYANA | J71: K.PT - PAKET 1 | K71: {=IF(J71="","", XLOOKUP(J71,'⚙️ Pengaturan'!$E$2:$E3237,'⚙️ Pengaturan'!$G$2:$G3237))} -> KLINIK FT PAKET | L71: =if(I71="","",if(countifs($J$5:J71,J71,$I$5:I71,I71)=1,"BARU","LANJUTAN")) -> BARU | M71: LUNAS | N71: 650000 | O71: 0 | P71: {=IFNA(XLOOKUP(J71,'⚙️ Pengaturan'!$E$2:$E3237,'⚙️ Pengaturan'!$F$2:$F3237),"")} -> 650000 | Q71: =IF(I71="","",(N71+O71)-P71) -> 0 | R71: TRANSFER BCA | S71: SURYANA | T71: TRUE
B72: 2104 | C72: NOPI | D72: 46020 | E72: =if(D72="","",text(D72,"YYY")) -> 2025 | F72: =if(D72="","",text(D72,"MM")&" "&text(D72,"MMM")) -> 12 Des | G72: 21.00 | H72: WAHYU | I72: RIZKADEA BELIANTO | J72: K.ST - SESI TERAPI | K72: {=IF(J72="","", XLOOKUP(J72,'⚙️ Pengaturan'!$E$2:$E3237,'⚙️ Pengaturan'!$G$2:$G3237))} -> KLINIK FT SESI | L72: =if(I72="","",if(countifs($J$5:J72,J72,$I$5:I72,I72)=1,"BARU","LANJUTAN")) -> BARU | M72: LUNAS | N72: 150000 | O72: 0 | P72: {=IFNA(XLOOKUP(J72,'⚙️ Pengaturan'!$E$2:$E3237,'⚙️ Pengaturan'!$F$2:$F3237),"")} -> 150000 | Q72: =IF(I72="","",(N72+O72)-P72) -> 0 | R72: TRANSFER BCA | S72: RIZKADEA BELIANTO | T72: TRUE
B73: 2105 | C73: NOPI | D73: 46020 | E73: =if(D73="","",text(D73,"YYY")) -> 2025 | F73: =if(D73="","",text(D73,"MM")&" "&text(D73,"MMM")) -> 12 Des | G73: 21.00 | H73: OKTA | I73: FERA HENDRY | J73: K.PT - PAKET 1 | K73: {=IF(J73="","", XLOOKUP(J73,'⚙️ Pengaturan'!$E$2:$E3237,'⚙️ Pengaturan'!$G$2:$G3237))} -> KLINIK FT PAKET | L73: =if(I73="","",if(countifs($J$5:J73,J73,$I$5:I73,I73)=1,"BARU","LANJUTAN")) -> BARU | M73: LUNAS | N73: 650000 | O73: 0 | P73: {=IFNA(XLOOKUP(J73,'⚙️ Pengaturan'!$E$2:$E3237,'⚙️ Pengaturan'!$F$2:$F3237),"")} -> 650000 | Q73: =IF(I73="","",(N73+O73)-P73) -> 0 | R73: TRANSFER BCA | S73: FERA HENDRY | T73: TRUE
B74: 2106 | C74: NOPI | D74: 46020 | E74: =if(D74="","",text(D74,"YYY")) -> 2025 | F74: =if(D74="","",text(D74,"MM")&" "&text(D74,"MMM")) -> 12 Des | G74: 15.00 | H74: HESTI | I74: NAOMI APRILIA SIMANULLANG | J74: K.TA - TERAPI AWAL | K74: {=IF(J74="","", XLOOKUP(J74,'⚙️ Pengaturan'!$E$2:$E3237,'⚙️ Pengaturan'!$G$2:$G3237))} -> KLINIK FT TA | L74: =if(I74="","",if(countifs($J$5:J74,J74,$I$5:I74,I74)=1,"BARU","LANJUTAN")) -> BARU | M74: LUNAS | N74: 250000 | O74: 0 | P74: {=IFNA(XLOOKUP(J74,'⚙️ Pengaturan'!$E$2:$E3237,'⚙️ Pengaturan'!$F$2:$F3237),"")} -> 250000 | Q74: =IF(I74="","",(N74+O74)-P74) -> 0 | R74: TUNAI | S74: - | T74: TRUE
B75: 2107 | C75: NOPI | D75: 46020 | E75: =if(D75="","",text(D75,"YYY")) -> 2025 | F75: =if(D75="","",text(D75,"MM")&" "&text(D75,"MMM")) -> 12 Des | G75: 16.00 | H75: WAHYU | I75: SUHERMAN | J75: K.ST - SESI TERAPI | K75: {=IF(J75="","", XLOOKUP(J75,'⚙️ Pengaturan'!$E$2:$E3237,'⚙️ Pengaturan'!$G$2:$G3237))} -> KLINIK FT SESI | L75: =if(I75="","",if(countifs($J$5:J75,J75,$I$5:I75,I75)=1,"BARU","LANJUTAN")) -> LANJUTAN | M75: LUNAS | N75: 150000 | O75: 0 | P75: {=IFNA(XLOOKUP(J75,'⚙️ Pengaturan'!$E$2:$E3237,'⚙️ Pengaturan'!$F$2:$F3237),"")} -> 150000 | Q75: =IF(I75="","",(N75+O75)-P75) -> 0 | R75: TUNAI | S75: - | T75: TRUE
B76: 2108 | C76: NOPI | D76: 46020 | E76: =if(D76="","",text(D76,"YYY")) -> 2025 | F76: =if(D76="","",text(D76,"MM")&" "&text(D76,"MMM")) -> 12 Des | G76: 18.00 | H76: HENA | I76: YANTI LIM | J76: K.TA - TERAPI AWAL | K76: {=IF(J76="","", XLOOKUP(J76,'⚙️ Pengaturan'!$E$2:$E3237,'⚙️ Pengaturan'!$G$2:$G3237))} -> KLINIK FT TA | L76: =if(I76="","",if(countifs($J$5:J76,J76,$I$5:I76,I76)=1,"BARU","LANJUTAN")) -> BARU | M76: LUNAS | N76: 250000 | O76: 0 | P76: {=IFNA(XLOOKUP(J76,'⚙️ Pengaturan'!$E$2:$E3237,'⚙️ Pengaturan'!$F$2:$F3237),"")} -> 250000 | Q76: =IF(I76="","",(N76+O76)-P76) -> 0 | R76: TUNAI | S76: - | T76: TRUE
B77: 2109 | C77: SUCI | D77: 46025 | E77: =if(D77="","",text(D77,"YYY")) -> 2026 | F77: =if(D77="","",text(D77,"MM")&" "&text(D77,"MMM")) -> 01 Jan | G77: 11.00 | H77: OKTA | I77: ANDIANA MARJAYANTI | J77: K.TA - TERAPI AWAL | K77: {=IF(J77="","", XLOOKUP(J77,'⚙️ Pengaturan'!$E$2:$E3237,'⚙️ Pengaturan'!$G$2:$G3237))} -> KLINIK FT TA | L77: =if(I77="","",if(countifs($J$5:J77,J77,$I$5:I77,I77)=1,"BARU","LANJUTAN")) -> BARU | M77: LUNAS | N77: 250000 | O77: 0 | P77: {=IFNA(XLOOKUP(J77,'⚙️ Pengaturan'!$E$2:$E3237,'⚙️ Pengaturan'!$F$2:$F3237),"")} -> 250000 | Q77: =IF(I77="","",(N77+O77)-P77) -> 0 | R77: TRANSFER BCA | S77: ANDIANA MARJAYANTI | T77: TRUE
B78: 2110 | C78: SUCI | D78: 46025 | E78: =if(D78="","",text(D78,"YYY")) -> 2026 | F78: =if(D78="","",text(D78,"MM")&" "&text(D78,"MMM")) -> 01 Jan | G78: 12.00 | H78: WAHYU | I78: SETIO BONO SAPUTRO | J78: K.ST - SESI TERAPI | K78: {=IF(J78="","", XLOOKUP(J78,'⚙️ Pengaturan'!$E$2:$E3237,'⚙️ Pengaturan'!$G$2:$G3237))} -> KLINIK FT SESI | L78: =if(I78="","",if(countifs($J$5:J78,J78,$I$5:I78,I78)=1,"BARU","LANJUTAN")) -> BARU | M78: LUNAS | N78: 150000 | O78: 0 | P78: {=IFNA(XLOOKUP(J78,'⚙️ Pengaturan'!$E$2:$E3237,'⚙️ Pengaturan'!$F$2:$F3237),"")} -> 150000 | Q78: =IF(I78="","",(N78+O78)-P78) -> 0 | R78: TUNAI | S78: - | T78: TRUE
B79: 2111 | C79: SUCI | D79: 46025 | E79: =if(D79="","",text(D79,"YYY")) -> 2026 | F79: =if(D79="","",text(D79,"MM")&" "&text(D79,"MMM")) -> 01 Jan | G79: 12.00 | H79: DANI | I79: IVONNY | J79: K.TA - TERAPI AWAL | K79: {=IF(J79="","", XLOOKUP(J79,'⚙️ Pengaturan'!$E$2:$E3237,'⚙️ Pengaturan'!$G$2:$G3237))} -> KLINIK FT TA | L79: =if(I79="","",if(countifs($J$5:J79,J79,$I$5:I79,I79)=1,"BARU","LANJUTAN")) -> BARU | M79: LUNAS | N79: 250000 | O79: 0 | P79: {=IFNA(XLOOKUP(J79,'⚙️ Pengaturan'!$E$2:$E3237,'⚙️ Pengaturan'!$F$2:$F3237),"")} -> 250000 | Q79: =IF(I79="","",(N79+O79)-P79) -> 0 | R79: TUNAI | S79: - | T79: TRUE
B80: 2112 | C80: SUCI | D80: 46025 | E80: =if(D80="","",text(D80,"YYY")) -> 2026 | F80: =if(D80="","",text(D80,"MM")&" "&text(D80,"MMM")) -> 01 Jan | G80: 15.00 | H80: WAHYU | I80: YUBANADI | J80: K.PT - PAKET 1 | K80: {=IF(J80="","", XLOOKUP(J80,'⚙️ Pengaturan'!$E$2:$E3237,'⚙️ Pengaturan'!$G$2:$G3237))} -> KLINIK FT PAKET | L80: =if(I80="","",if(countifs($J$5:J80,J80,$I$5:I80,I80)=1,"BARU","LANJUTAN")) -> BARU | M80: LUNAS | N80: 650000 | O80: 0 | P80: {=IFNA(XLOOKUP(J80,'⚙️ Pengaturan'!$E$2:$E3237,'⚙️ Pengaturan'!$F$2:$F3237),"")} -> 650000 | Q80: =IF(I80="","",(N80+O80)-P80) -> 0 | R80: TUNAI | S80: - | T80: TRUE
B81: 2113 | C81: NOPI | D81: 46025 | E81: =if(D81="","",text(D81,"YYY")) -> 2026 | F81: =if(D81="","",text(D81,"MM")&" "&text(D81,"MMM")) -> 01 Jan | G81: 17.00 | H81: PRITY | I81: SRI ESRI | J81: K.PT - PAKET 2 | K81: {=IF(J81="","", XLOOKUP(J81,'⚙️ Pengaturan'!$E$2:$E3237,'⚙️ Pengaturan'!$G$2:$G3237))} -> KLINIK FT PAKET | L81: =if(I81="","",if(countifs($J$5:J81,J81,$I$5:I81,I81)=1,"BARU","LANJUTAN")) -> BARU | M81: LUNAS | N81: 1200000 | O81: 0 | P81: {=IFNA(XLOOKUP(J81,'⚙️ Pengaturan'!$E$2:$E3237,'⚙️ Pengaturan'!$F$2:$F3237),"")} -> 1200000 | Q81: =IF(I81="","",(N81+O81)-P81) -> 0 | R81: EDC BCA | S81: SRI ESRI | T81: TRUE
B82: 2114 | C82: NOPI | D82: 46025 | E82: =if(D82="","",text(D82,"YYY")) -> 2026 | F82: =if(D82="","",text(D82,"MM")&" "&text(D82,"MMM")) -> 01 Jan | G82: 16.00 | H82: PRITY | I82: PUTERA ANUGRAH PRATAMA | J82: K.TA - TERAPI AWAL | K82: {=IF(J82="","", XLOOKUP(J82,'⚙️ Pengaturan'!$E$2:$E3237,'⚙️ Pengaturan'!$G$2:$G3237))} -> KLINIK FT TA | L82: =if(I82="","",if(countifs($J$5:J82,J82,$I$5:I82,I82)=1,"BARU","LANJUTAN")) -> BARU | M82: LUNAS | N82: 250000 | O82: 0 | P82: {=IFNA(XLOOKUP(J82,'⚙️ Pengaturan'!$E$2:$E3237,'⚙️ Pengaturan'!$F$2:$F3237),"")} -> 250000 | Q82: =IF(I82="","",(N82+O82)-P82) -> 0 | R82: TRANSFER BCA | S82: PUTERA ANUGRAH PRATAMA | T82: TRUE
B83: 2115 | C83: NOPI | D83: 46025 | E83: =if(D83="","",text(D83,"YYY")) -> 2026 | F83: =if(D83="","",text(D83,"MM")&" "&text(D83,"MMM")) -> 01 Jan | G83: 16.00 | H83: DESTY | I83: SUGIH WIRAMANTRI | J83: K.TA - TERAPI AWAL | K83: {=IF(J83="","", XLOOKUP(J83,'⚙️ Pengaturan'!$E$2:$E3237,'⚙️ Pengaturan'!$G$2:$G3237))} -> KLINIK FT TA | L83: =if(I83="","",if(countifs($J$5:J83,J83,$I$5:I83,I83)=1,"BARU","LANJUTAN")) -> BARU | M83: LUNAS | N83: 250000 | O83: 0 | P83: {=IFNA(XLOOKUP(J83,'⚙️ Pengaturan'!$E$2:$E3237,'⚙️ Pengaturan'!$F$2:$F3237),"")} -> 250000 | Q83: =IF(I83="","",(N83+O83)-P83) -> 0 | R83: TRANSFER BCA | S83: SUGIH WIRAMANTRI | T83: TRUE
B84: 2116 | C84: NOPI | D84: 46025 | E84: =if(D84="","",text(D84,"YYY")) -> 2026 | F84: =if(D84="","",text(D84,"MM")&" "&text(D84,"MMM")) -> 01 Jan | G84: 17.00 | H84: DESTY | I84: K. E. ANANTA UTAMI | J84: K.TA - TERAPI AWAL | K84: {=IF(J84="","", XLOOKUP(J84,'⚙️ Pengaturan'!$E$2:$E3237,'⚙️ Pengaturan'!$G$2:$G3237))} -> KLINIK FT TA | L84: =if(I84="","",if(countifs($J$5:J84,J84,$I$5:I84,I84)=1,"BARU","LANJUTAN")) -> BARU | M84: LUNAS | N84: 250000 | O84: 0 | P84: {=IFNA(XLOOKUP(J84,'⚙️ Pengaturan'!$E$2:$E3237,'⚙️ Pengaturan'!$F$2:$F3237),"")} -> 250000 | Q84: =IF(I84="","",(N84+O84)-P84) -> 0 | R84: TUNAI | S84: - | T84: TRUE
B85: 2117 | C85: NOPI | D85: 46025 | E85: =if(D85="","",text(D85,"YYY")) -> 2026 | F85: =if(D85="","",text(D85,"MM")&" "&text(D85,"MMM")) -> 01 Jan | G85: 17.00 | H85: ORY | I85: HAMDAN IDRIS | J85: K.ST - SESI TERAPI | K85: {=IF(J85="","", XLOOKUP(J85,'⚙️ Pengaturan'!$E$2:$E3237,'⚙️ Pengaturan'!$G$2:$G3237))} -> KLINIK FT SESI | L85: =if(I85="","",if(countifs($J$5:J85,J85,$I$5:I85,I85)=1,"BARU","LANJUTAN")) -> LANJUTAN | M85: LUNAS | N85: 150000 | O85: 0 | P85: {=IFNA(XLOOKUP(J85,'⚙️ Pengaturan'!$E$2:$E3237,'⚙️ Pengaturan'!$F$2:$F3237),"")} -> 150000 | Q85: =IF(I85="","",(N85+O85)-P85) -> 0 | R85: TUNAI | S85: - | T85: TRUE
B86: 2118 | C86: NOPI | D86: 46025 | E86: =if(D86="","",text(D86,"YYY")) -> 2026 | F86: =if(D86="","",text(D86,"MM")&" "&text(D86,"MMM")) -> 01 Jan | G86: 18.00 | H86: DESTY | I86: KOLENIUS KOLAI | J86: K.TA - TERAPI AWAL | K86: {=IF(J86="","", XLOOKUP(J86,'⚙️ Pengaturan'!$E$2:$E3237,'⚙️ Pengaturan'!$G$2:$G3237))} -> KLINIK FT TA | L86: =if(I86="","",if(countifs($J$5:J86,J86,$I$5:I86,I86)=1,"BARU","LANJUTAN")) -> BARU | M86: LUNAS | N86: 250000 | O86: 0 | P86: {=IFNA(XLOOKUP(J86,'⚙️ Pengaturan'!$E$2:$E3237,'⚙️ Pengaturan'!$F$2:$F3237),"")} -> 250000 | Q86: =IF(I86="","",(N86+O86)-P86) -> 0 | R86: TUNAI | S86: - | T86: TRUE
B87: 2119 | C87: NOPI | D87: 46025 | E87: =if(D87="","",text(D87,"YYY")) -> 2026 | F87: =if(D87="","",text(D87,"MM")&" "&text(D87,"MMM")) -> 01 Jan | G87: 18.00 | H87: PRITY | I87: EMMA | J87: K.TA - TERAPI AWAL | K87: {=IF(J87="","", XLOOKUP(J87,'⚙️ Pengaturan'!$E$2:$E3237,'⚙️ Pengaturan'!$G$2:$G3237))} -> KLINIK FT TA | L87: =if(I87="","",if(countifs($J$5:J87,J87,$I$5:I87,I87)=1,"BARU","LANJUTAN")) -> BARU | M87: LUNAS | N87: 250000 | O87: 0 | P87: {=IFNA(XLOOKUP(J87,'⚙️ Pengaturan'!$E$2:$E3237,'⚙️ Pengaturan'!$F$2:$F3237),"")} -> 250000 | Q87: =IF(I87="","",(N87+O87)-P87) -> 0 | R87: TUNAI | S87: - | T87: TRUE
B88: 2120 | C88: NOPI | D88: 46025 | E88: =if(D88="","",text(D88,"YYY")) -> 2026 | F88: =if(D88="","",text(D88,"MM")&" "&text(D88,"MMM")) -> 01 Jan | G88: 20.00 | H88: DESTY | I88: YA MUHAMMAD IKHSANDI | J88: K.TA - TERAPI AWAL | K88: {=IF(J88="","", XLOOKUP(J88,'⚙️ Pengaturan'!$E$2:$E3237,'⚙️ Pengaturan'!$G$2:$G3237))} -> KLINIK FT TA | L88: =if(I88="","",if(countifs($J$5:J88,J88,$I$5:I88,I88)=1,"BARU","LANJUTAN")) -> BARU | M88: LUNAS | N88: 250000 | O88: 0 | P88: {=IFNA(XLOOKUP(J88,'⚙️ Pengaturan'!$E$2:$E3237,'⚙️ Pengaturan'!$F$2:$F3237),"")} -> 250000 | Q88: =IF(I88="","",(N88+O88)-P88) -> 0 | R88: TUNAI | S88: - | T88: TRUE
B89: 2121 | C89: NOPI | D89: 46025 | E89: =if(D89="","",text(D89,"YYY")) -> 2026 | F89: =if(D89="","",text(D89,"MM")&" "&text(D89,"MMM")) -> 01 Jan | G89: 20.00 | H89: AUL | I89: TAUFIK | J89: K.TA - TERAPI AWAL | K89: {=IF(J89="","", XLOOKUP(J89,'⚙️ Pengaturan'!$E$2:$E3237,'⚙️ Pengaturan'!$G$2:$G3237))} -> KLINIK FT TA | L89: =if(I89="","",if(countifs($J$5:J89,J89,$I$5:I89,I89)=1,"BARU","LANJUTAN")) -> BARU | M89: LUNAS | N89: 250000 | O89: 0 | P89: {=IFNA(XLOOKUP(J89,'⚙️ Pengaturan'!$E$2:$E3237,'⚙️ Pengaturan'!$F$2:$F3237),"")} -> 250000 | Q89: =IF(I89="","",(N89+O89)-P89) -> 0 | R89: TUNAI | S89: - | T89: TRUE
B90: 2122 | C90: NOPI | D90: 46025 | E90: =if(D90="","",text(D90,"YYY")) -> 2026 | F90: =if(D90="","",text(D90,"MM")&" "&text(D90,"MMM")) -> 01 Jan | G90: 20.00 | H90: PRITY | I90: SHELSY MELANY | J90: K.TA - TERAPI AWAL | K90: {=IF(J90="","", XLOOKUP(J90,'⚙️ Pengaturan'!$E$2:$E3237,'⚙️ Pengaturan'!$G$2:$G3237))} -> KLINIK FT TA | L90: =if(I90="","",if(countifs($J$5:J90,J90,$I$5:I90,I90)=1,"BARU","LANJUTAN")) -> BARU | M90: LUNAS | N90: 250000 | O90: 0 | P90: {=IFNA(XLOOKUP(J90,'⚙️ Pengaturan'!$E$2:$E3237,'⚙️ Pengaturan'!$F$2:$F3237),"")} -> 250000 | Q90: =IF(I90="","",(N90+O90)-P90) -> 0 | R90: TUNAI | S90: - | T90: TRUE
B91: 2123 | C91: NOPI | D91: 46025 | E91: =if(D91="","",text(D91,"YYY")) -> 2026 | F91: =if(D91="","",text(D91,"MM")&" "&text(D91,"MMM")) -> 01 Jan | G91: 21.00 | H91: DESTY | I91: RANDA ARZA SAPUTRA | J91: K.PT - PAKET 1 | K91: {=IF(J91="","", XLOOKUP(J91,'⚙️ Pengaturan'!$E$2:$E3237,'⚙️ Pengaturan'!$G$2:$G3237))} -> KLINIK FT PAKET | L91: =if(I91="","",if(countifs($J$5:J91,J91,$I$5:I91,I91)=1,"BARU","LANJUTAN")) -> LANJUTAN | M91: PELUNASAN | N91: 450000 | O91: 200000 | P91: {=IFNA(XLOOKUP(J91,'⚙️ Pengaturan'!$E$2:$E3237,'⚙️ Pengaturan'!$F$2:$F3237),"")} -> 650000 | Q91: =IF(I91="","",(N91+O91)-P91) -> 0 | R91: TRANSFER BCA | S91: RANDA ARZA SAPUTRA | T91: TRUE
B92: 2124 | C92: NOPI | D92: 46025 | E92: =if(D92="","",text(D92,"YYY")) -> 2026 | F92: =if(D92="","",text(D92,"MM")&" "&text(D92,"MMM")) -> 01 Jan | G92: 21.00 | H92: PRITY | I92: PUTRI ATIKAH | J92: K.TA - TERAPI AWAL | K92: {=IF(J92="","", XLOOKUP(J92,'⚙️ Pengaturan'!$E$2:$E3237,'⚙️ Pengaturan'!$G$2:$G3237))} -> KLINIK FT TA | L92: =if(I92="","",if(countifs($J$5:J92,J92,$I$5:I92,I92)=1,"BARU","LANJUTAN")) -> BARU | M92: LUNAS | N92: 250000 | O92: 0 | P92: {=IFNA(XLOOKUP(J92,'⚙️ Pengaturan'!$E$2:$E3237,'⚙️ Pengaturan'!$F$2:$F3237),"")} -> 250000 | Q92: =IF(I92="","",(N92+O92)-P92) -> 0 | R92: TRANSFER BCA | S92: RACHMAT RIYANTO | T92: TRUE
B93: 2125 | C93: NOPI | D93: 46025 | E93: =if(D93="","",text(D93,"YYY")) -> 2026 | F93: =if(D93="","",text(D93,"MM")&" "&text(D93,"MMM")) -> 01 Jan | G93: 21.00 | H93: ORY | I93: WISNU WARDANA | J93: K.PT - PAKET 2 | K93: {=IF(J93="","", XLOOKUP(J93,'⚙️ Pengaturan'!$E$2:$E3237,'⚙️ Pengaturan'!$G$2:$G3237))} -> KLINIK FT PAKET | L93: =if(I93="","",if(countifs($J$5:J93,J93,$I$5:I93,I93)=1,"BARU","LANJUTAN")) -> BARU | M93: LUNAS | N93: 1200000 | O93: 0 | P93: {=IFNA(XLOOKUP(J93,'⚙️ Pengaturan'!$E$2:$E3237,'⚙️ Pengaturan'!$F$2:$F3237),"")} -> 1200000 | Q93: =IF(I93="","",(N93+O93)-P93) -> 0 | R93: TRANSFER BCA | S93: WISNU WARDANA | T93: TRUE
B94: 2126 | C94: NOPI | D94: 46025 | E94: =if(D94="","",text(D94,"YYY")) -> 2026 | F94: =if(D94="","",text(D94,"MM")&" "&text(D94,"MMM")) -> 01 Jan | G94: 10.00 | H94: HESTI | I94: ISNINDAR | J94: K.ST - SESI TERAPI | K94: {=IF(J94="","", XLOOKUP(J94,'⚙️ Pengaturan'!$E$2:$E3237,'⚙️ Pengaturan'!$G$2:$G3237))} -> KLINIK FT SESI | L94: =if(I94="","",if(countifs($J$5:J94,J94,$I$5:I94,I94)=1,"BARU","LANJUTAN")) -> BARU | M94: LUNAS | N94: 150000 | O94: 0 | P94: {=IFNA(XLOOKUP(J94,'⚙️ Pengaturan'!$E$2:$E3237,'⚙️ Pengaturan'!$F$2:$F3237),"")} -> 150000 | Q94: =IF(I94="","",(N94+O94)-P94) -> 0 | R94: TRANSFER BCA | S94: ISNINDAR | T94: TRUE
B95: 2127 | C95: NOPI | D95: 46025 | E95: =if(D95="","",text(D95,"YYY")) -> 2026 | F95: =if(D95="","",text(D95,"MM")&" "&text(D95,"MMM")) -> 01 Jan | G95: 15.00 | H95: HENA | I95: ATHA HANIF PRADIPTA | J95: K.TA - TERAPI AWAL | K95: {=IF(J95="","", XLOOKUP(J95,'⚙️ Pengaturan'!$E$2:$E3237,'⚙️ Pengaturan'!$G$2:$G3237))} -> KLINIK FT TA | L95: =if(I95="","",if(countifs($J$5:J95,J95,$I$5:I95,I95)=1,"BARU","LANJUTAN")) -> BARU | M95: LUNAS | N95: 250000 | O95: 0 | P95: {=IFNA(XLOOKUP(J95,'⚙️ Pengaturan'!$E$2:$E3237,'⚙️ Pengaturan'!$F$2:$F3237),"")} -> 250000 | Q95: =IF(I95="","",(N95+O95)-P95) -> 0 | R95: TRANSFER BCA | S95: ATHA HANIF PRADIPTA | T95: TRUE
B96: 2128 | C96: NOPI | D96: 46025 | E96: =if(D96="","",text(D96,"YYY")) -> 2026 | F96: =if(D96="","",text(D96,"MM")&" "&text(D96,"MMM")) -> 01 Jan | G96: 17.00 | H96: OKTA | I96: GALIH PITA LOKA | J96: V.TA - TERAPI AWAL VISIT + JARAK | K96: {=IF(J96="","", XLOOKUP(J96,'⚙️ Pengaturan'!$E$2:$E3237,'⚙️ Pengaturan'!$G$2:$G3237))} -> VISIT FT TA | L96: =if(I96="","",if(countifs($J$5:J96,J96,$I$5:I96,I96)=1,"BARU","LANJUTAN")) -> BARU | M96: LUNAS | N96: 350000 | O96: 0 | P96: {=IFNA(XLOOKUP(J96,'⚙️ Pengaturan'!$E$2:$E3237,'⚙️ Pengaturan'!$F$2:$F3237),"")} -> 350000 | Q96: =IF(I96="","",(N96+O96)-P96) -> 0 | R96: TRANSFER BCA | S96: GALIH PITA LOKA | T96: TRUE
B97: 2129 | C97: SUCI | D97: 46026 | E97: =if(D97="","",text(D97,"YYY")) -> 2026 | F97: =if(D97="","",text(D97,"MM")&" "&text(D97,"MMM")) -> 01 Jan | G97: 11.00 | H97: WAHYU | I97: WACHYU WIDAYAT | J97: K.PT - PAKET 1 | K97: {=IF(J97="","", XLOOKUP(J97,'⚙️ Pengaturan'!$E$2:$E3237,'⚙️ Pengaturan'!$G$2:$G3237))} -> KLINIK FT PAKET | L97: =if(I97="","",if(countifs($J$5:J97,J97,$I$5:I97,I97)=1,"BARU","LANJUTAN")) -> BARU | M97: LUNAS | N97: 650000 | O97: 0 | P97: {=IFNA(XLOOKUP(J97,'⚙️ Pengaturan'!$E$2:$E3237,'⚙️ Pengaturan'!$F$2:$F3237),"")} -> 650000 | Q97: =IF(I97="","",(N97+O97)-P97) -> 0 | R97: TUNAI | S97: - | T97: TRUE
B98: 2130 | C98: SUCI | D98: 46026 | E98: =if(D98="","",text(D98,"YYY")) -> 2026 | F98: =if(D98="","",text(D98,"MM")&" "&text(D98,"MMM")) -> 01 Jan | G98: 12.00 | H98: DANI | I98: BELLY | J98: K.PT - PAKET 1 | K98: {=IF(J98="","", XLOOKUP(J98,'⚙️ Pengaturan'!$E$2:$E3237,'⚙️ Pengaturan'!$G$2:$G3237))} -> KLINIK FT PAKET | L98: =if(I98="","",if(countifs($J$5:J98,J98,$I$5:I98,I98)=1,"BARU","LANJUTAN")) -> BARU | M98: LUNAS | N98: 650000 | O98: 0 | P98: {=IFNA(XLOOKUP(J98,'⚙️ Pengaturan'!$E$2:$E3237,'⚙️ Pengaturan'!$F$2:$F3237),"")} -> 650000 | Q98: =IF(I98="","",(N98+O98)-P98) -> 0 | R98: TUNAI | S98: - | T98: TRUE
B99: 2131 | C99: SUCI | D99: 46026 | E99: =if(D99="","",text(D99,"YYY")) -> 2026 | F99: =if(D99="","",text(D99,"MM")&" "&text(D99,"MMM")) -> 01 Jan | G99: 12.00 | H99: HESTI | I99: WIWIK HARTATI | J99: K.TA - TERAPI AWAL | K99: {=IF(J99="","", XLOOKUP(J99,'⚙️ Pengaturan'!$E$2:$E3237,'⚙️ Pengaturan'!$G$2:$G3237))} -> KLINIK FT TA | L99: =if(I99="","",if(countifs($J$5:J99,J99,$I$5:I99,I99)=1,"BARU","LANJUTAN")) -> BARU | M99: LUNAS | N99: 250000 | O99: 0 | P99: {=IFNA(XLOOKUP(J99,'⚙️ Pengaturan'!$E$2:$E3237,'⚙️ Pengaturan'!$F$2:$F3237),"")} -> 250000 | Q99: =IF(I99="","",(N99+O99)-P99) -> 0 | R99: TRANSFER BCA | S99: WIWIK HARTATI | T99: TRUE
B100: 2133 | C100: NOPI | D100: 46026 | E100: =if(D100="","",text(D100,"YYY")) -> 2026 | F100: =if(D100="","",text(D100,"MM")&" "&text(D100,"MMM")) -> 01 Jan | G100: 18.00 | H100: AUL | I100: CHOTIBUL UMAMI | J100: K.TA - TERAPI AWAL | K100: {=IF(J100="","", XLOOKUP(J100,'⚙️ Pengaturan'!$E$2:$E3237,'⚙️ Pengaturan'!$G$2:$G3237))} -> KLINIK FT TA | L100: =if(I100="","",if(countifs($J$5:J100,J100,$I$5:I100,I100)=1,"BARU","LANJUTAN")) -> BARU | M100: LUNAS | N100: 250000 | O100: 0 | P100: {=IFNA(XLOOKUP(J100,'⚙️ Pengaturan'!$E$2:$E3237,'⚙️ Pengaturan'!$F$2:$F3237),"")} -> 250000 | Q100: =IF(I100="","",(N100+O100)-P100) -> 0 | R100: TRANSFER BCA | S100: NIDYA RISWANDA TRISMA W | T100: TRUE
B101: 2134 | C101: NOPI | D101: 46026 | E101: =if(D101="","",text(D101,"YYY")) -> 2026 | F101: =if(D101="","",text(D101,"MM")&" "&text(D101,"MMM")) -> 01 Jan | G101: 20.00 | H101: PRITY | I101: EMMA | J101: K.ST - SESI TERAPI | K101: {=IF(J101="","", XLOOKUP(J101,'⚙️ Pengaturan'!$E$2:$E3237,'⚙️ Pengaturan'!$G$2:$G3237))} -> KLINIK FT SESI | L101: =if(I101="","",if(countifs($J$5:J101,J101,$I$5:I101,I101)=1,"BARU","LANJUTAN")) -> BARU | M101: LUNAS | N101: 150000 | O101: 0 | P101: {=IFNA(XLOOKUP(J101,'⚙️ Pengaturan'!$E$2:$E3237,'⚙️ Pengaturan'!$F$2:$F3237),"")} -> 150000 | Q101: =IF(I101="","",(N101+O101)-P101) -> 0 | R101: TUNAI | S101: - | T101: TRUE
B102: 2135 | C102: NOPI | D102: 46026 | E102: =if(D102="","",text(D102,"YYY")) -> 2026 | F102: =if(D102="","",text(D102,"MM")&" "&text(D102,"MMM")) -> 01 Jan | G102: 20.00 | H102: PRITY | I102: EMMA | J102: K.ST - SESI TERAPI | K102: {=IF(J102="","", XLOOKUP(J102,'⚙️ Pengaturan'!$E$2:$E3237,'⚙️ Pengaturan'!$G$2:$G3237))} -> KLINIK FT SESI | L102: =if(I102="","",if(countifs($J$5:J102,J102,$I$5:I102,I102)=1,"BARU","LANJUTAN")) -> LANJUTAN | M102: LUNAS | N102: 150000 | O102: 0 | P102: {=IFNA(XLOOKUP(J102,'⚙️ Pengaturan'!$E$2:$E3237,'⚙️ Pengaturan'!$F$2:$F3237),"")} -> 150000 | Q102: =IF(I102="","",(N102+O102)-P102) -> 0 | R102: TUNAI | S102: - | T102: TRUE
...

Sheet TARGET

Sheet Detail431-KLINIK FT TA-02 Jul 2
A1: NO | B1: ADMIN | C1: TANGGAL | D1: TAHUN | E1: BULAN | F1: JAM | G1: FISIO | H1: NAMA PASIEN | I1: PEMBELIAN | J1: KATEGORI PEMBELIAN | K1: STATUS PEMBELIAN | L1: KETERANGAN BAYAR | M1: JUMLAH BAYAR | N1: DISKON | O1: HARGA | P1: KEKURANGAN | Q1: METODE BAYAR | R1: PENJAMIN | S1: ✅ | T1: CATATAN
A2: 4298 | B2: ICA | C2: 46205 | D2: 2026 | E2: 07 Jul | F2: 11.00 | G2: PRITY | H2: SYIFA NABILA RUFINA | I2: K.TA - TERAPI AWAL | J2: KLINIK FT TA | K2: BARU | L2: LUNAS | M2: 250000 | N2: 0 | O2: 250000 | P2: 0 | Q2: TUNAI | R2: - | S2: TRUE
A3: 4300 | B3: ICA | C3: 46205 | D3: 2026 | E3: 07 Jul | F3: 15.00 | G3: PRITY | H3: LIM LIE SIAM | I3: K.TA - TERAPI AWAL | J3: KLINIK FT TA | K3: BARU | L3: LUNAS | M3: 250000 | N3: 0 | O3: 250000 | P3: 0 | Q3: TRANSFER BCA | R3: valencia | S3: TRUE
A4: 4302 | B4: DHEA | C4: 46205 | D4: 2026 | E4: 07 Jul | F4: 16.00 | G4: PUTRI | H4: FADIL AKBAR | I4: K.TA - TERAPI AWAL | J4: KLINIK FT TA | K4: BARU | L4: LUNAS | M4: 250000 | N4: 0 | O4: 250000 | P4: 0 | Q4: TUNAI | R4: - | S4: TRUE
A5: 4306 | B5: DHEA | C5: 46205 | D5: 2026 | E5: 07 Jul | F5: 17.00 | G5: PUTRI | H5: ASTISZA SYAHLA LUDMILLA PARABI | I5: K.TA - TERAPI AWAL | J5: KLINIK FT TA | K5: BARU | L5: LUNAS | M5: 250000 | N5: 0 | O5: 250000 | P5: 0 | Q5: TRANSFER BCA | R5: ASTISZA SYAHLA LUDMILLA PARABI | S5: TRUE
A6: 4308 | B6: DHEA | C6: 46205 | D6: 2026 | E6: 07 Jul | F6: 19.00 | G6: OKTA | H6: SUCI NANDA LESTARI | I6: K.TA - TERAPI AWAL | J6: KLINIK FT TA | K6: BARU | L6: LUNAS | M6: 250000 | N6: 0 | O6: 250000 | P6: 0 | Q6: TUNAI | R6: - | S6: TRUE

Sheet ⬆️ PENGELUARAN
B1: CATATAN PENGELUARAN FISIOTERAPI GANG SEHAT PONTIANAK 2026
B4: Z | C4: ADMIN | D4: TANGGAL | E4: TAHUN | F4: BULAN | G4: NOMINAL | H4: JENIS PENGELUARAN | I4: KETERANGAN | J4: KATEGORI | K4: ✅ | L4: CATATAN | M4: Column 12
B5: 324 | C5: NOPI | D5: 46018 | E5: =if(D5="","",text(D5,"yyyy")) -> 2025 | F5: =if(D5="","",text(D5,"mm")&" "&text(D5,"mmm")) -> 12 Des | G5: 500000 | H5: TUNAI | I5: BONUS BG MADI | J5: BEBAN GAJI | K5: TRUE
B6: 325 | C6: NOPI | D6: 46018 | E6: =if(D6="","",text(D6,"yyyy")) -> 2025 | F6: =if(D6="","",text(D6,"mm")&" "&text(D6,"mmm")) -> 12 Des | G6: 48000 | H6: TUNAI | I6: WAHYU DAN HESTI | J6: TUKAR TUNAI | K6: TRUE
B7: 326 | C7: NOPI | D7: 46018 | E7: =if(D7="","",text(D7,"yyyy")) -> 2025 | F7: =if(D7="","",text(D7,"mm")&" "&text(D7,"mmm")) -> 12 Des | G7: 200000 | H7: TUNAI | I7: WAHYU | J7: TUKAR TUNAI | K7: TRUE
B8: 327 | C8: NOPI | D8: 46019 | E8: =if(D8="","",text(D8,"yyyy")) -> 2025 | F8: =if(D8="","",text(D8,"mm")&" "&text(D8,"mmm")) -> 12 Des | G8: 20000 | H8: TUNAI | I8: BELI NOTA | J8: BEBAN PELAYANAN FGS | K8: TRUE
B9: 328 | C9: SUCI | D9: 46019 | E9: =if(D9="","",text(D9,"yyyy")) -> 2025 | F9: =if(D9="","",text(D9,"mm")&" "&text(D9,"mmm")) -> 12 Des | G9: 21000 | H9: TUNAI | I9: PISPOT | J9: BEBAN PELAYANAN FGS | K9: TRUE
B10: 329 | C10: SUCI | D10: 46019 | E10: =if(D10="","",text(D10,"yyyy")) -> 2025 | F10: =if(D10="","",text(D10,"mm")&" "&text(D10,"mmm")) -> 12 Des | G10: 19000 | H10: TUNAI | I10: ICEGEL | J10: BEBAN PELAYANAN FGS | K10: TRUE
B11: 330 | C11: SUCI | D11: 46019 | E11: =if(D11="","",text(D11,"yyyy")) -> 2025 | F11: =if(D11="","",text(D11,"mm")&" "&text(D11,"mmm")) -> 12 Des | G11: 29000 | H11: TUNAI | I11: TT BELI MAKAN | J11: TUKAR TUNAI | K11: TRUE
B12: 331 | C12: SUCI | D12: 46019 | E12: =if(D12="","",text(D12,"yyyy")) -> 2025 | F12: =if(D12="","",text(D12,"mm")&" "&text(D12,"mmm")) -> 12 Des | G12: 50000 | H12: TUNAI | I12: SUCI | J12: TUKAR TUNAI | K12: TRUE
B13: 332 | C13: NOPI | D13: 46020 | E13: =if(D13="","",text(D13,"yyyy")) -> 2025 | F13: =if(D13="","",text(D13,"mm")&" "&text(D13,"mmm")) -> 12 Des | G13: 200000 | H13: TUNAI | I13: TIA | J13: TUKAR TUNAI | K13: TRUE
B14: 333 | C14: NOPI | D14: 46020 | E14: =if(D14="","",text(D14,"yyyy")) -> 2025 | F14: =if(D14="","",text(D14,"mm")&" "&text(D14,"mmm")) -> 12 Des | G14: 50000 | H14: TUNAI | I14: KEKURANGAN GAJI HENA | J14: BEBAN GAJI | K14: TRUE
B15: 334 | C15: NOPI | D15: 46020 | E15: =if(D15="","",text(D15,"yyyy")) -> 2025 | F15: =if(D15="","",text(D15,"mm")&" "&text(D15,"mmm")) -> 12 Des | G15: 120000 | H15: TUNAI | I15: BAYAR BAJU AUL | J15: BEBAN PELAYANAN FGS | K15: TRUE
B16: 335 | C16: NOPI | D16: 46025 | E16: =if(D16="","",text(D16,"yyyy")) -> 2026 | F16: =if(D16="","",text(D16,"mm")&" "&text(D16,"mmm")) -> 01 Jan | G16: 148000 | H16: TUNAI | I16: BELI MAP | J16: BEBAN PELAYANAN FGS | K16: TRUE
... B41: 360 | C41: SUCI | D41: 46035 | E41: =if(D41="","",text(D41,"yyyy")) -> 2026 | F41: =if(D41="","",text(D41,"mm")&" "&text(D41,"mmm")) -> 01 Jan | G41: 100000 | H41: TUNAI | I41: HENA TT | J41: TUKAR TUNAI | K41: TRUE
B42: 361 | C42: SUCI | D42: 46035 | E42: 2026 | F42: 01 Jan | G42: 200000 | H42: TUNAI | I42: TIA TT | J42: TUKAR TUNAI | K42: TRUE
B43: 362 | C43: SUCI | D43: 46036 | E43: =if(D43="","",text(D43,"yyyy")) -> 2026 | F43: =if(D43="","",text(D43,"mm")&" "&text(D43,"mmm")) -> 01 Jan | G43: 50000 | H43: TUNAI | I43: KONSUMSI RETURN TO SPORT PIPO | J43: BEBAN PELAYANAN FGS | K43: TRUE
B44: 363 | C44: NOPI | D44: 46036 | E44: =if(D44="","",text(D44,"yyyy")) -> 2026 | F44: =if(D44="","",text(D44,"mm")&" "&text(D44,"mmm")) -> 01 Jan | G44: 50000 | H44: TUNAI | I44: NOPI | J44: TUKAR TUNAI | K44: TRUE
B45: 364 | C45: NOPI | D45: 46036 | E45: =if(D45="","",text(D45,"yyyy")) -> 2026 | F45: =if(D45="","",text(D45,"mm")&" "&text(D45,"mmm")) -> 01 Jan | G45: 200000 | H45: TUNAI | I45: TIA | J45: TUKAR TUNAI | K45: TRUE
B46: 365 | C46: NOPI | D46: 46037 | E46: =if(D46="","",text(D46,"yyyy")) -> 2026 | F46: =if(D46="","",text(D46,"mm")&" "&text(D46,"mmm")) -> 01 Jan | G46: 50000 | H46: TUNAI | I46: HENA AMBIL UANG JARAK TA CE FEBE | J46: JARAK VISIT | K46: TRUE
B47: 366 | C47: NOPI | D47: 46037 | E47: =if(D47="","",text(D47,"yyyy")) -> 2026 | F47: =if(D47="","",text(D47,"mm")&" "&text(D47,"mmm")) -> 01 Jan | G47: 100000 | H47: TUNAI | I47: DESTY AMBIL JARAK KAK NOVI 2X SESI | J47: JARAK VISIT | K47: TRUE
B48: 367 | C48: NOPI | D48: 46037 | E48: =if(D48="","",text(D48,"yyyy")) -> 2026 | F48: =if(D48="","",text(D48,"mm")&" "&text(D48,"mmm")) -> 01 Jan | G48: 100000 | H48: TUNAI | I48: NOPI | J48: TUKAR TUNAI | K48: TRUE
B49: 368 | C49: NOPI | D49: 46039 | E49: =if(D49="","",text(D49,"yyyy")) -> 2026 | F49: =if(D49="","",text(D49,"mm")&" "&text(D49,"mmm")) -> 01 Jan | G49: 15000 | H49: TUNAI | I49: BELI ES BATU | J49: BEBAN PELAYANAN FGS | K49: TRUE
B50: 369 | C50: NOPI | D50: 46039 | E50: =if(D50="","",text(D50,"yyyy")) -> 2026 | F50: =if(D50="","",text(D50,"mm")&" "&text(D50,"mmm")) -> 01 Jan | G50: 100000 | H50: TUNAI | I50: SUCI | J50: TUKAR TUNAI | K50: TRUE
B51: 370 | C51: NOPI | D51: 46039 | E51: =if(D51="","",text(D51,"yyyy")) -> 2026 | F51: =if(D51="","",text(D51,"mm")&" "&text(D51,"mmm")) -> 01 Jan | G51: 300000 | H51: TUNAI | I51: EDO | J51: TUKAR TUNAI | K51: TRUE
B52: 371 | C52: NOPI | D52: 46039 | E52: =if(D52="","",text(D52,"yyyy")) -> 2026 | F52: =if(D52="","",text(D52,"mm")&" "&text(D52,"mmm")) -> 01 Jan | G52: 50000 | H52: TUNAI | I52: JARAK HENA (AN. ASNAH) | J52: BEBAN GAJI | K52: TRUE
B53: 372 | C53: SUCI | D53: 46040 | E53: =if(D53="","",text(D53,"yyyy")) -> 2026 | F53: =if(D53="","",text(D53,"mm")&" "&text(D53,"mmm")) -> 01 Jan | G53: 80000 | H53: TUNAI | I53: BELI LAMPU | J53: BEBAN PELAYANAN FGS | K53: TRUE
B54: 373 | C54: SUCI | D54: 46040 | E54: =if(D54="","",text(D54,"yyyy")) -> 2026 | F54: =if(D54="","",text(D54,"mm")&" "&text(D54,"mmm")) -> 01 Jan | G54: 50000 | H54: TUNAI | I54: KOPI PELANGI DANI | J54: BEBAN PELAYANAN FGS | K54: TRUE
... B62: 381 | C62: SUCI | D62: 46042 | E62: =if(D62="","",text(D62,"yyyy")) -> 2026 | F62: =if(D62="","",text(D62,"mm")&" "&text(D62,"mmm")) -> 01 Jan | G62: 100000 | H62: TUNAI | I62: TT NOPI | J62: TUKAR TUNAI | K62: TRUE
B63: 382 | C63: SUCI | D63: 46042 | E63: 2026 | F63: 01 Jan | G63: 50000 | H63: TUNAI | I63: TT HESTI | J63: TUKAR TUNAI | K63: TRUE
B64: 383 | C64: SUCI | D64: 46042 | E64: 2026 | F64: 01 Jan | G64: 100000 | H64: TUNAI | I64: TT HEN | J64: TUKAR TUNAI | K64: TRUE
B65: 384 | C65: SUCI | D65: 46042 | E65: =if(D65="","",text(D65,"yyyy")) -> 2026 | F65: =if(D65="","",text(D65,"mm")&" "&text(D65,"mmm")) -> 01 Jan | G65: 400000 | H65: TUNAI | I65: DESTY AMBIL JARAK KAK NOVI SISANYA | J65: TUKAR TUNAI | K65: TRUE
B66: 385 | C66: SUCI | D66: 46042 | E66: 2026 | F66: 01 Jan | G66: 86000 | H66: TUNAI | I66: PAKET BASEP | J66: TUKAR TUNAI | K66: TRUE
B67: 386 | C67: NOPI | D67: 46043 | G67: 100000 | H67: TUNAI | I67: HENA | J67: TUKAR TUNAI | K67: TRUE
B68: 387 | C68: NOPI | D68: 46043 | E68: =if(D68="","",text(D68,"yyyy")) -> 2026 | F68: =if(D68="","",text(D68,"mm")&" "&text(D68,"mmm")) -> 01 Jan | G68: 200000 | H68: TUNAI | I68: TIA | J68: TUKAR TUNAI | K68: TRUE
B69: 388 | C69: NOPI | D69: 46043 | E69: =if(D69="","",text(D69,"yyyy")) -> 2026 | F69: =if(D69="","",text(D69,"mm")&" "&text(D69,"mmm")) -> 01 Jan | G69: 400000 | H69: TUNAI | I69: BAYAR SEDOT WC GRIYA ANAK | J69: BEBAN PELAYANAN FGS | K69: TRUE
B70: 389 | C70: NOPI | D70: 46044 | E70: =if(D70="","",text(D70,"yyyy")) -> 2026 | F70: =if(D70="","",text(D70,"mm")&" "&text(D70,"mmm")) -> 01 Jan | G70: 50000 | H70: TUNAI | I70: BETULKAN LAMPU DPN ASESSMENT | J70: BEBAN PELAYANAN FGS | K70: TRUE
B71: 390 | C71: NOPI | D71: 46044 | E71: =if(D71="","",text(D71,"yyyy")) -> 2026 | F71: =if(D71="","",text(D71,"mm")&" "&text(D71,"mmm")) -> 01 Jan | G71: 100000 | H71: TUNAI | I71: NOPI | J71: TUKAR TUNAI | K71: TRUE
B72: 391 | C72: NOPI | D72: 46044 | E72: =if(D72="","",text(D72,"yyyy")) -> 2026 | F72: =if(D72="","",text(D72,"mm")&" "&text(D72,"mmm")) -> 01 Jan | G72: 50000 | H72: TUNAI | I72: HENA | J72: TUKAR TUNAI | K72: TRUE
B73: 392 | C73: NOPI | D73: 46044 | E73: =if(D73="","",text(D73,"yyyy")) -> 2026 | F73: =if(D73="","",text(D73,"mm")&" "&text(D73,"mmm")) -> 01 Jan | G73: 38000 | H73: TUNAI | I73: HENA DAN OKTA | J73: TUKAR TUNAI | K73: TRUE
B74: 393 | C74: NOPI | D74: 46046 | E74: =if(D74="","",text(D74,"yyyy")) -> 2026 | F74: =if(D74="","",text(D74,"mm")&" "&text(D74,"mmm")) -> 01 Jan | G74: 15000 | H74: TUNAI | I74: BELI ES BATU | J74: BEBAN PELAYANAN FGS | K74: TRUE
B75: 394 | C75: NOPI | D75: 46047 | E75: =if(D75="","",text(D75,"yyyy")) -> 2026 | F75: =if(D75="","",text(D75,"mm")&" "&text(D75,"mmm")) -> 01 Jan | G75: 11000 | H75: TUNAI | I75: WAHYU | J75: TUKAR TUNAI | K75: TRUE
B76: 395 | C76: SUCI | D76: 46048 | E76: =if(D76="","",text(D76,"yyyy")) -> 2026 | F76: =if(D76="","",text(D76,"mm")&" "&text(D76,"mmm")) -> 01 Jan | G76: 300000 | H76: TUNAI | I76: REFUND UANG RATNAWITA KELEBIHAN BAYAR | J76: BEBAN PELAYANAN FGS | K76: TRUE
B77: 396 | C77: SUCI | D77: 46048 | E77: =if(D77="","",text(D77,"yyyy")) -> 2026 | F77: =if(D77="","",text(D77,"mm")&" "&text(D77,"mmm")) -> 01 Jan | G77: 50000 | H77: TUNAI | I77: SUCI TT | J77: TUKAR TUNAI | K77: TRUE
B78: 397 | C78: NOPI | D78: 46048 | E78: =if(D78="","",text(D78,"yyyy")) -> 2026 | F78: =if(D78="","",text(D78,"mm")&" "&text(D78,"mmm")) -> 01 Jan | G78: 50000 | H78: TUNAI | I78: HESTI | J78: TUKAR TUNAI | K78: TRUE
B79: 398 | C79: NOPI | D79: 46049 | E79: =if(D79="","",text(D79,"yyyy")) -> 2026 | F79: =if(D79="","",text(D79,"mm")&" "&text(D79,"mmm")) -> 01 Jan | G79: 50000 | H79: TUNAI | I79: TT SUCI | J79: TUKAR TUNAI | K79: TRUE
... B214: 533 | C214: DHEA | D214: 46135 | E214: =if(D214="","",text(D214,"yyyy")) -> 2026 | F214: =if(D214="","",text(D214,"mm")&" "&text(D214,"mmm")) -> 04 Apr | G214: 96000 | H214: TUNAI | I214: BELI MATERAI | J214: BEBAN PELAYANAN FGS | K214: TRUE
B215: 534 | C215: SUCI | D215: 46137 | E215: 2026 | F215: 04 Apr | G215: 15000 | H215: TUNAI | I215: BELI ES BATU | J215: BEBAN PELAYANAN FGS | K215: TRUE
B216: 535 | C216: NOPI | D216: 46137 | E216: =if(D216="","",text(D216,"yyyy")) -> 2026 | F216: =if(D216="","",text(D216,"mm")&" "&text(D216,"mmm")) -> 04 Apr | G216: 50000 | H216: TUNAI | I216: TT SUCI | J216: TUKAR TUNAI | K216: TRUE
B217: 536 | C217: SUCI | D217: 46138 | E217: =if(D217="","",text(D217,"yyyy")) -> 2026 | F217: =if(D217="","",text(D217,"mm")&" "&text(D217,"mmm")) -> 04 Apr | G217: 100000 | H217: TUNAI | I217: TT HESTI | J217: TUKAR TUNAI | K217: TRUE
B218: 537 | C218: SUCI | D218: 46138 | E218: =if(D218="","",text(D218,"yyyy")) -> 2026 | F218: =if(D218="","",text(D218,"mm")&" "&text(D218,"mmm")) -> 04 Apr | G218: 50000 | H218: TUNAI | I218: TT SUCI | J218: TUKAR TUNAI | K218: TRUE
B219: 538 | C219: NOPI | D219: 46141 | E219: =if(D219="","",text(D219,"yyyy")) -> 2026 | F219: =if(D219="","",text(D219,"mm")&" "&text(D219,"mmm")) -> 04 Apr | G219: 200000 | H219: TUNAI | I219: KAK TIA | J219: TUKAR TUNAI | K219: TRUE
B220: 539 | C220: NOPI | D220: 46144 | E220: =if(D220="","",text(D220,"yyyy")) -> 2026 | F220: =if(D220="","",text(D220,"mm")&" "&text(D220,"mmm")) -> 05 Mei | G220: 15000 | H220: TUNAI | I220: BELI ES BATU | J220: BEBAN PELAYANAN FGS | K220: TRUE
B221: 540 | C221: DHEA | D221: 46144 | E221: =if(D221="","",text(D221,"yyyy")) -> 2026 | F221: =if(D221="","",text(D221,"mm")&" "&text(D221,"mmm")) -> 05 Mei | G221: 200000 | H221: TUNAI | I221: BG WAHYU TT | J221: TUKAR TUNAI | K221: TRUE
B222: 541 | C222: DHEA | D222: 46144 | E222: =if(D222="","",text(D222,"yyyy")) -> 2026 | F222: =if(D222="","",text(D222,"mm")&" "&text(D222,"mmm")) -> 05 Mei | G222: 300000 | H222: TUNAI | I222: KAK TIA TT | J222: TUKAR TUNAI | K222: TRUE
B223: 542 | C223: NOPI | D223: 46144 | E223: =if(D223="","",text(D223,"yyyy")) -> 2026 | F223: =if(D223="","",text(D223,"mm")&" "&text(D223,"mmm")) -> 05 Mei | G223: 130000 | H223: TUNAI | I223: BAYAR SERAGAM | J223: BEBAN PELAYANAN FGS | K223: TRUE
B224: 543 | C224: NOPI | D224: 46146 | E224: =if(D224="","",text(D224,"yyyy")) -> 2026 | F224: =if(D224="","",text(D224,"mm")&" "&text(D224,"mmm")) -> 05 Mei | G224: 15000 | H224: TUNAI | I224: BELI ES BATU | J224: TUKAR TUNAI | K224: TRUE
B225: 544 | C225: NOPI | D225: 46146 | E225: =if(D225="","",text(D225,"yyyy")) -> 2026 | F225: =if(D225="","",text(D225,"mm")&" "&text(D225,"mmm")) -> 05 Mei | G225: 21000 | H225: TUNAI | I225: KAK IRMA | J225: - | K225: TRUE
B226: 545 | C226: DHEA | D226: 46146 | E226: =if(D226="","",text(D226,"yyyy")) -> 2026 | F226: =if(D226="","",text(D226,"mm")&" "&text(D226,"mmm")) -> 05 Mei | G226: 100000 | H226: TUNAI | I226: KAK HENA | J226: TUKAR TUNAI | K226: TRUE
B227: 546 | C227: DHEA | D227: 46146 | E227: =if(D227="","",text(D227,"yyyy")) -> 2026 | F227: =if(D227="","",text(D227,"mm")&" "&text(D227,"mmm")) -> 05 Mei | G227: 200000 | H227: TUNAI | I227: KAK TIA TT | J227: TUKAR TUNAI | K227: TRUE
... B245: 564 | C245: NOPI | D245: 46161 | E245: =if(D245="","",text(D245,"yyyy")) -> 2026 | F245: =if(D245="","",text(D245,"mm")&" "&text(D245,"mmm")) -> 05 Mei | G245: 150000 | H245: TUNAI | I245: BYR TEBAS BENGKEL DAN KLINIK | J245: BEBAN PELAYANAN FGS | K245: TRUE
B246: 565 | C246: DHEA | D246: 46162 | G246: 110000 | H246: TUNAI | I246: KAK SUCI | J246: TUKAR TUNAI | K246: TRUE
B247: 566 | C247: NOPI | D247: 46163 | E247: =if(D247="","",text(D247,"yyyy")) -> 2026 | F247: =if(D247="","",text(D247,"mm")&" "&text(D247,"mmm")) -> 05 Mei | G247: 15000 | H247: TUNAI | I247: BELI ES BATU | J247: BEBAN PELAYANAN FGS | K247: TRUE
B248: 567 | C248: DHEA | D248: 46163 | E248: =if(D248="","",text(D248,"yyyy")) -> 2026 | F248: =if(D248="","",text(D248,"mm")&" "&text(D248,"mmm")) -> 05 Mei | G248: 144000 | H248: TUNAI | I248: KEMBALIKAN UANG PASIEN | J248: - | K248: TRUE
B249: 568 | C249: DHEA | D249: 46163 | E249: =if(D249="","",text(D249,"yyyy")) -> 2026 | F249: =if(D249="","",text(D249,"mm")&" "&text(D249,"mmm")) -> 05 Mei | G249: 24000 | H249: TUNAI | I249: BELI ALCOHOL SWAB | J249: BEBAN PELAYANAN FGS | K249: TRUE
B250: 569 | C250: DHEA | D250: 46163 | E250: =if(D250="","",text(D250,"yyyy")) -> 2026 | F250: =if(D250="","",text(D250,"mm")&" "&text(D250,"mmm")) -> 05 Mei | G250: 50000 | H250: TUNAI | I250: HENA TT | J250: TUKAR TUNAI | K250: TRUE
B251: 570 | C251: DHEA | D251: 46164 | E251: =if(D251="","",text(D251,"yyyy")) -> 2026 | F251: =if(D251="","",text(D251,"mm")&" "&text(D251,"mmm")) -> 05 Mei | G251: 90000 | H251: TUNAI | I251: TUKAR TUNAI | J251: TUKAR TUNAI | K251: TRUE
B252: 571 | C252: NOPI | D252: 46165 | G252: 250000 | H252: TUNAI | I252: BETULKAN DISPENSER | J252: BEBAN PELAYANAN FGS | K252: TRUE
B253: 572 | C253: NOPI | D253: 46165 | E253: =if(D253="","",text(D253,"yyyy")) -> 2026 | F253: =if(D253="","",text(D253,"mm")&" "&text(D253,"mmm")) -> 05 Mei | G253: 150000 | H253: TUNAI | I253: BETULKAN AIR | J253: BEBAN PELAYANAN FGS | K253: TRUE
B254: 573 | C254: NOPI | D254: 46165 | E254: =if(D254="","",text(D254,"yyyy")) -> 2026 | F254: =if(D254="","",text(D254,"mm")&" "&text(D254,"mmm")) -> 05 Mei | G254: 200000 | H254: TUNAI | I254: KAK TIA | J254: TUKAR TUNAI | K254: TRUE
B255: 574 | C255: NOPI | D255: 46165 | E255: =if(D255="","",text(D255,"yyyy")) -> 2026 | F255: =if(D255="","",text(D255,"mm")&" "&text(D255,"mmm")) -> 05 Mei | G255: 31000 | H255: TUNAI | I255: KAK TIA | J255: TUKAR TUNAI | K255: TRUE
B256: 575 | C256: NOPI | D256: 46165 | E256: =if(D256="","",text(D256,"yyyy")) -> 2026 | F256: =if(D256="","",text(D256,"mm")&" "&text(D256,"mmm")) -> 05 Mei | G256: 225000 | H256: TUNAI | I256: KUE | J256: - | K256: TRUE
B257: 576 | C257: NOPI | D257: 46165 | E257: =if(D257="","",text(D257,"yyyy")) -> 2026 | F257: =if(D257="","",text(D257,"mm")&" "&text(D257,"mmm")) -> 05 Mei | G257: 11000 | H257: TUNAI | I257: TUKAR TUNAI | J257: TUKAR TUNAI | K257: TRUE
B258: 577 | C258: NOPI | D258: 46165 | E258: =if(D258="","",text(D258,"yyyy")) -> 2026 | F258: =if(D258="","",text(D258,"mm")&" "&text(D258,"mmm")) -> 05 Mei | G258: 50000 | H258: TUNAI | I258: HENA | J258: TUKAR TUNAI | K258: TRUE
B259: 578 | C259: SUCI | D259: 46166 | E259: =if(D259="","",text(D259,"yyyy")) -> 2026 | F259: =if(D259="","",text(D259,"mm")&" "&text(D259,"mmm")) -> 05 Mei | G259: 200000 | H259: TUNAI | I259: KK TIA TT | J259: TUKAR TUNAI | K259: TRUE
B260: 579 | C260: SUCI | D260: 46166 | E260: =if(D260="","",text(D260,"yyyy")) -> 2026 | F260: =if(D260="","",text(D260,"mm")&" "&text(D260,"mmm")) -> 05 Mei | G260: 50000 | H260: TUNAI | I260: BANG EDO TT | J260: TUKAR TUNAI | K260: TRUE
B261: 580 | C261: SUCI | D261: 46166 | E261: =if(D261="","",text(D261,"yyyy")) -> 2026 | F261: =if(D261="","",text(D261,"mm")&" "&text(D261,"mmm")) -> 05 Mei | G261: 50000 | H261: TUNAI | I261: WAHYU TT | J261: TUKAR TUNAI | K261: TRUE
B262: 581 | C262: DHEA | D262: 46166 | E262: =if(D262="","",text(D262,"yyyy")) -> 2026 | F262: =if(D262="","",text(D262,"mm")&" "&text(D262,"mmm")) -> 05 Mei | G262: 15000 | H262: TUNAI | I262: BELI ES BATU | J262: BEBAN PELAYANAN FGS | K262: TRUE
B263: 582 | C263: DHEA | D263: 46166 | E263: =if(D263="","",text(D263,"yyyy")) -> 2026 | F263: =if(D263="","",text(D263,"mm")&" "&text(D263,"mmm")) -> 05 Mei | G263: 200000 | H263: TUNAI | I263: KAK TIA | J263: TUKAR TUNAI | K263: TRUE
B264: 583 | C264: DHEA | D264: 46166 | E264: =if(D264="","",text(D264,"yyyy")) -> 2026 | F264: =if(D264="","",text(D264,"mm")&" "&text(D264,"mmm")) -> 05 Mei | G264: 50000 | H264: TUNAI | I264: DHEA TT | J264: TUKAR TUNAI | K264: TRUE
... B284: 603 | C284: DHEA | D284: 46183 | E284: =if(D284="","",text(D284,"yyyy")) -> 2026 | F284: =if(D284="","",text(D284,"mm")&" "&text(D284,"mmm")) -> 06 Jun | G284: 75000 | H284: TUNAI | I284: KK HENA TT | J284: TUKAR TUNAI | K284: TRUE
B285: 604 | C285: NOPI | D285: 46183 | G285: 100000 | H285: TUNAI | I285: NOPI | J285: TUKAR TUNAI | K285: TRUE
B286: 605 | C286: NOPI | D286: 46183 | E286: =if(D286="","",text(D286,"yyyy")) -> 2026 | F286: =if(D286="","",text(D286,"mm")&" "&text(D286,"mmm")) -> 06 Jun | G286: 300000 | H286: TUNAI | I286: KAK TIA | J286: TUKAR TUNAI | K286: TRUE
B287: 606 | C287: DHEA | D287: 46185 | E287: =if(D287="","",text(D287,"yyyy")) -> 2026 | F287: =if(D287="","",text(D287,"mm")&" "&text(D287,"mmm")) -> 06 Jun | G287: 100000 | H287: TUNAI | I287: BAYAR PERBAIKAN AC | J287: BEBAN PELAYANAN FGS | K287: TRUE
B288: 607 | C288: DHEA | D288: 46185 | E288: =if(D288="","",text(D288,"yyyy")) -> 2026 | F288: =if(D288="","",text(D288,"mm")&" "&text(D288,"mmm")) -> 06 Jun | G288: 20000 | H288: TUNAI | I288: ES BATU | J288: BEBAN PELAYANAN FGS | K288: TRUE
B289: 608 | C289: DHEA | D289: 46185 | E289: =if(D289="","",text(D289,"yyyy")) -> 2026 | F289: =if(D289="","",text(D289,"mm")&" "&text(D289,"mmm")) -> 06 Jun | G289: 50000 | H289: TUNAI | I289: DHEA TT | J289: TUKAR TUNAI | K289: TRUE
B290: 609 | C290: NOPI | D290: 46184 | E290: =if(D290="","",text(D290,"yyyy")) -> 2026 | F290: =if(D290="","",text(D290,"mm")&" "&text(D290,"mmm")) -> 06 Jun | G290: 50000 | H290: TUNAI | I290: JARAK KAK HENA CUCU AMA LING MIAUW | J290: BEBAN GAJI | K290: TRUE
B291: 610 | C291: NOPI | D291: 46186 | E291: =if(D291="","",text(D291,"yyyy")) -> 2026 | F291: =if(D291="","",text(D291,"mm")&" "&text(D291,"mmm")) -> 06 Jun | G291: 164000 | H291: TUNAI | I291: BELI BARANG BANGUNAN | J291: BEBAN PELAYANAN FGS | K291: TRUE
B292: 611 | C292: DHEA | D292: 46186 | E292: =if(D292="","",text(D292,"yyyy")) -> 2026 | F292: =if(D292="","",text(D292,"mm")&" "&text(D292,"mmm")) -> 06 Jun | G292: 100000 | H292: TUNAI | I292: KAK HENA TT | J292: TUKAR TUNAI | K292: TRUE
B293: 612 | C293: DHEA | D293: 46186 | E293: =if(D293="","",text(D293,"yyyy")) -> 2026 | F293: =if(D293="","",text(D293,"mm")&" "&text(D293,"mmm")) -> 06 Jun | G293: 90000 | H293: TUNAI | I293: TT | J293: TUKAR TUNAI | K293: TRUE
B294: 613 | C294: NOPI | D294: 46187 | E294: =if(D294="","",text(D294,"yyyy")) -> 2026 | F294: =if(D294="","",text(D294,"mm")&" "&text(D294,"mmm")) -> 06 Jun | G294: 60000 | H294: TUNAI | I294: BELI KERTA A4 | J294: BEBAN PELAYANAN FGS | K294: TRUE
B295: 614 | C295: NOPI | D295: 46187 | E295: =if(D295="","",text(D295,"yyyy")) -> 2026 | F295: =if(D295="","",text(D295,"mm")&" "&text(D295,"mmm")) -> 06 Jun | G295: 15000 | H295: TUNAI | I295: BELI ES BATU | J295: BEBAN PELAYANAN FGS | K295: TRUE
B296: 615 | C296: DHEA | D296: 46188 | E296: =if(D296="","",text(D296,"yyyy")) -> 2026 | F296: =if(D296="","",text(D296,"mm")&" "&text(D296,"mmm")) -> 06 Jun | G296: 100000 | H296: TUNAI | I296: TT TUNAI KK TIA | J296: TUKAR TUNAI | K296: TRUE
B297: 616 | C297: DHEA | D297: 46188 | E297: =if(D297="","",text(D297,"yyyy")) -> 2026 | F297: =if(D297="","",text(D297,"mm")&" "&text(D297,"mmm")) -> 06 Jun | G297: 150000 | H297: TUNAI | I297: BG EDO TT | J297: TUKAR TUNAI | K297: TRUE
... B305: 624 | C305: DHEA | D305: 46192 | E305: =if(D305="","",text(D305,"yyyy")) -> 2026 | F305: =if(D305="","",text(D305,"mm")&" "&text(D305,"mmm")) -> 06 Jun | G305: 30000 | H305: TUNAI | I305: KK SUCI | J305: TUKAR TUNAI | K305: TRUE
B306: 625 | E306: =if(D306="","",text(D306,"yyyy")) | F306: =if(D306="","",text(D306,"mm")&" "&text(D306,"mmm")) | K306: FALSE
B307: 626 | C307: DHEA | D307: 46085 | E307: =if(D307="","",text(D307,"yyyy")) -> 2026 | F307: =if(D307="","",text(D307,"mm")&" "&text(D307,"mmm")) -> 03 Mar | G307: 47500 | H307: TUNAI | I307: BELI AIR BOTOL | J307: BEBAN PELAYANAN FGS | K307: TRUE
B308: 627 | C308: NOPI | D308: 46085 | E308: =if(D308="","",text(D308,"yyyy")) -> 2026 | F308: =if(D308="","",text(D308,"mm")&" "&text(D308,"mmm")) -> 03 Mar | G308: 200000 | H308: TUNAI | I308: BAYAR SAMPAH | J308: BEBAN PELAYANAN FGS | K308: TRUE
B309: 628 | C309: NOPI | D309: 46085 | E309: =if(D309="","",text(D309,"yyyy")) -> 2026 | F309: =if(D309="","",text(D309,"mm")&" "&text(D309,"mmm")) -> 03 Mar | G309: 50000 | H309: TUNAI | I309: NOPI | J309: TUKAR TUNAI | K309: TRUE
B310: 629 | C310: DHEA | D310: 46086 | E310: =if(D310="","",text(D310,"yyyy")) -> 2026 | F310: =if(D310="","",text(D310,"mm")&" "&text(D310,"mmm")) -> 03 Mar | G310: 15000 | H310: TUNAI | I310: BELI ES BATU | J310: BEBAN PELAYANAN FGS | K310: TRUE
...

Sheet 📝 REKAP HARIAN
B1: Rekap Harian Admin
O2: Cash Hari Ini
N3: =K6-O6 -> 1000000
B5: Jumlah Kwitansi Pemasukan | F5: Jumlah Layanan Masuk | J5: Jumlah Pemasukan | N5: Jumlah Pengeluaran
K6: {=XLOOKUP("TUNAI",$J$7:$J1006,$K$7:$K1006,"0")} -> 1000000 | O6: {=XLOOKUP("TUNAI",$N$7:$N1006,$O$7:OK1006,"0")} -> 0

Sheet FORM
B1: REKAP HARIAN TRANSAKSI FISIOTERAPI GANG SEHAT PONTIANAK
B2: =text(today(),"mmmm")&" "&text(today(),"yyyy") -> Juli 2026
B5: KOMPONEN | C5: 1 | D5: 2 | E5: 3 | F5: 4 | G5: 5 | H5: 6 | I5: 7 | J5: 8 | K5: 9 | L5: 10 | M5: 11 | N5: 12 | O5: 13 | P5: 14 | Q5: 15 | R5: 16 | S5: 17 | T5: 18 | U5: 19 | V5: 20 | W5: 21 | X5: 22 | Y5: 23 | Z5: 24 | AA5: 25 | AB5: 26 | AC5: 27 | AD5: 28 | AE5: 29 | AF5: 30 | AG5: 31 | AH5: Hasil | AI5: Target | AJ5: Capaian
B6: Jumlah Kwitansi / Bukti Transfer
B7: Jumlah Layanan & Target
B8: Nominal Pemasukan
B9: Jumlah Data Error
B12: Catatan:

Sheet ⚙️ Pengaturan
B1: ADMIN | E1: PEMBELIAN | F1: HARGA | G1: KATEGORI | J1: KETERANGAN | M1: METODE BAYAR | P1: JAM | S1: FISIO
B2: DHEA | E2: K.PT - PAKET 1 | F2: 650000 | G2: KLINIK FT PAKET | J2: LUNAS | M2: TUNAI | P2: 10.00 | S2: AUL
B3: HESTY | E3: K.PT - PAKET 2 | F3: 1200000 | G3: KLINIK FT PAKET | J3: DP | M3: TRANSFER BCA | P3: 11.00 | S3: DANI
B4: ICA | E4: K.PT - PAKET GOLD | F4: 1300000 | G4: KLINIK FT PAKET | J4: CICILAN | M4: TRANSFER BANK KALBAR | P4: 12.00 | S4: DANRU
B5: SUCI | E5: K.PT - PAKET PLATINUM | F5: 2400000 | G5: KLINIK FT PAKET | J5: PELUNASAN | M5: EDC BCA | P5: 13.00 | S5: DESTY
B6: LAINNYA | E6: K.PT - PAKET SILVER | F6: 750000 | G6: KLINIK FT PAKET | P6: 14.00 | S6: EDO
E7: K.ST - SESI TERAPI | F7: 150000 | G7: KLINIK FT SESI | P7: 15.00 | S7: HENA
E8: K.ST - SESI TERAPI NEW | F8: 180000 | G8: KLINIK FT SESI | P8: 16.00 | S8: HESTI
E9: K.TA - TERAPI AWAL | F9: 250000 | G9: KLINIK FT TA | P9: 17.00 | S9: NADA
E10: S.TR - BANDAGE 15 CM | F10: 0 | G10: STORE | P10: 18.00 | S10: OKTA
E11: S.TR - BANDAGE 7,5 CM | F11: 25000 | G11: STORE | P11: 19.00 | S11: ORY
E12: S.TR - FINGER TAPE | F12: 20000 | G12: STORE | P12: 20.00 | S12: PRITY
E13: S.TR - ICE BAG | F13: 50000 | G13: STORE | P13: 21.00 | S13: PUTRI
E14: S.TR - KINESIO TAPE | F14: 45000 | G14: STORE | P14: LAINNYA | S14: WAHYU
E15: S.TR - MINI BAND HITAM | F15: 40000 | G15: STORE | S15: ALAM
E16: S.TR - MINI BAND KUNING | F16: 25000 | G16: STORE | S16: LAINNYA
E17: S.TR - MINI BAND MERAH | F17: 35000 | G17: STORE
E18: S.TR - RIGID TAPE (STRAPPAL) | F18: 50000 | G18: STORE
E19: V.PT - PAKET VISIT | F19: 1800000 | G19: VISIT FT PAKET
E20: V.PT - PAKET VISIT + JARAK | F20: 2300000 | G20: VISIT FT PAKET
E21: V.ST - SESI VISIT | F21: 200000 | G21: VISIT FT SESI
E22: V.ST - SESI VISIT + JARAK | F22: 250000 | G22: VISIT FT SESI
E23: V.TA - TERAPI AWAL VISIT | F23: 300000 | G23: VISIT FT TA
E24: V.TA - TERAPI AWAL VISIT + JARAK | F24: 350000 | G24: VISIT FT TA
E25: S.KL - SESI TERAPI | F25: 110000 | G25: KELAS LANSIA SESI
E26: S.KL - PAKET GOLD | F26: 400000 | G26: KELAS LANSIA PAKET
E27: S.KL - PAKET SILVER | F27: 720000 | G27: KELAS LANSIA PAKET
E28: S.KL - PAKET PLATINUM | F28: 960000 | G28: KELAS LANSIA PAKET
... E42: V.PM - PAKET FULL BODY VISIT | F42: 570000 | G42: VISIT SM PAKET
