Workbook

Sheet 👥 Daftar Nama Pasien
B1: =IFERROR(__xludf.DUMMYFUNCTION("IMPORTRANGE(""https://docs.google.com/spreadsheets/d/1q5irXBuyRkQM_goHlRjPTSwHk1on6thK70p8lljqLrs/edit?gid=1342096879#gid=1342096879"",""🙎‍♂️ Pasien!$G$2:$I"")"),"Nama Pasien") -> Nama Pasien | C1: =IFERROR(__xludf.DUMMYFUNCTION("""COMPUTED_VALUE"""),"No. RM") -> No. RM | D1: =IFERROR(__xludf.DUMMYFUNCTION("""COMPUTED_VALUE"""),"Usia") -> Usia
B2: =IFERROR(__xludf.DUMMYFUNCTION("""COMPUTED_VALUE"""),"OFF") -> OFF | C2: =IFERROR(__xludf.DUMMYFUNCTION("""COMPUTED_VALUE"""),"OFF") -> OFF
B3: =IFERROR(__xludf.DUMMYFUNCTION("""COMPUTED_VALUE"""),"LIBUR") -> LIBUR | C3: =IFERROR(__xludf.DUMMYFUNCTION("""COMPUTED_VALUE"""),"LIBUR") -> LIBUR
B4: =IFERROR(__xludf.DUMMYFUNCTION("""COMPUTED_VALUE"""),"TA") -> TA
B5: =IFERROR(__xludf.DUMMYFUNCTION("""COMPUTED_VALUE"""),"MANAJEMEN") -> MANAJEMEN | C5: =IFERROR(__xludf.DUMMYFUNCTION("""COMPUTED_VALUE"""),"MANAJEMEN") -> MANAJEMEN
B6: =IFERROR(__xludf.DUMMYFUNCTION("""COMPUTED_VALUE"""),"KHUSUS") -> KHUSUS | C6: =IFERROR(__xludf.DUMMYFUNCTION("""COMPUTED_VALUE"""),"KHUSUS") -> KHUSUS
B7: =IFERROR(__xludf.DUMMYFUNCTION("""COMPUTED_VALUE"""),"PIPO") -> PIPO | C7: =IFERROR(__xludf.DUMMYFUNCTION("""COMPUTED_VALUE"""),"PANGSUMA FC") -> PANGSUMA FC
C8: =IFERROR(__xludf.DUMMYFUNCTION("""COMPUTED_VALUE"""),"") | D8: =IFERROR(__xludf.DUMMYFUNCTION("""COMPUTED_VALUE"""),"")
B9: =IFERROR(__xludf.DUMMYFUNCTION("""COMPUTED_VALUE"""),"ZHOFRAN FARRAS ATAYA") -> ZHOFRAN FARRAS ATAYA | C9: =IFERROR(__xludf.DUMMYFUNCTION("""COMPUTED_VALUE"""),"Z0922105765") -> Z0922105765 | D9: =IFERROR(__xludf.DUMMYFUNCTION("""COMPUTED_VALUE"""),17.0) -> 17
B10: =IFERROR(__xludf.DUMMYFUNCTION("""COMPUTED_VALUE"""),"DIAH SUCI RINI") -> DIAH SUCI RINI | C10: =IFERROR(__xludf.DUMMYFUNCTION("""COMPUTED_VALUE"""),"D5722102445") -> D5722102445 | D10: =IFERROR(__xludf.DUMMYFUNCTION("""COMPUTED_VALUE"""),68.0) -> 68
B11: =IFERROR(__xludf.DUMMYFUNCTION("""COMPUTED_VALUE"""),"MEIZARANI HELJA") -> MEIZARANI HELJA | C11: =IFERROR(__xludf.DUMMYFUNCTION("""COMPUTED_VALUE"""),"M9322128010") -> M9322128010 | D11: =IFERROR(__xludf.DUMMYFUNCTION("""COMPUTED_VALUE"""),33.0) -> 33
B12: =IFERROR(__xludf.DUMMYFUNCTION("""COMPUTED_VALUE"""),"HUWAIDAH THIFAL NAURAH") -> HUWAIDAH THIFAL NAURAH | C12: =IFERROR(__xludf.DUMMYFUNCTION("""COMPUTED_VALUE"""),"H0123016085") -> H0123016085 | D12: =IFERROR(__xludf.DUMMYFUNCTION("""COMPUTED_VALUE"""),25.0) -> 25
B13: =IFERROR(__xludf.DUMMYFUNCTION("""COMPUTED_VALUE"""),"SUFIRNA") -> SUFIRNA | C13: =IFERROR(__xludf.DUMMYFUNCTION("""COMPUTED_VALUE"""),"S7823018882") -> S7823018882 | D13: =IFERROR(__xludf.DUMMYFUNCTION("""COMPUTED_VALUE"""),48.0) -> 48
B14: =IFERROR(__xludf.DUMMYFUNCTION("""COMPUTED_VALUE"""),"ALVIN DIYANDRA") -> ALVIN DIYANDRA | C14: =IFERROR(__xludf.DUMMYFUNCTION("""COMPUTED_VALUE"""),"A9723017817") -> A9723017817 | D14: =IFERROR(__xludf.DUMMYFUNCTION("""COMPUTED_VALUE"""),29.0) -> 29
B15: =IFERROR(__xludf.DUMMYFUNCTION("""COMPUTED_VALUE"""),"ANDI ICHWANUL AZWAR") -> ANDI ICHWANUL AZWAR | C15: =IFERROR(__xludf.DUMMYFUNCTION("""COMPUTED_VALUE"""),"A8823011011") -> A8823011011 | D15: =IFERROR(__xludf.DUMMYFUNCTION("""COMPUTED_VALUE"""),37.0) -> 37
B16: =IFERROR(__xludf.DUMMYFUNCTION("""COMPUTED_VALUE"""),"AREEFAQEEL DIEN HAQQ") -> AREEFAQEEL DIEN HAQQ | C16: =IFERROR(__xludf.DUMMYFUNCTION("""COMPUTED_VALUE"""),"A1023015335") -> A1023015335 | D16: =IFERROR(__xludf.DUMMYFUNCTION("""COMPUTED_VALUE"""),15.0) -> 15
B17: =IFERROR(__xludf.DUMMYFUNCTION("""COMPUTED_VALUE"""),"NURLINA") -> NURLINA | C17: =IFERROR(__xludf.DUMMYFUNCTION("""COMPUTED_VALUE"""),"N8523017483") -> N8523017483 | D17: =IFERROR(__xludf.DUMMYFUNCTION("""COMPUTED_VALUE"""),40.0) -> 40
B18: =IFERROR(__xludf.DUMMYFUNCTION("""COMPUTED_VALUE"""),"A. THENU") -> A. THENU | C18: =IFERROR(__xludf.DUMMYFUNCTION("""COMPUTED_VALUE"""),"A7023018857") -> A7023018857 | D18: =IFERROR(__xludf.DUMMYFUNCTION("""COMPUTED_VALUE"""),55.0) -> 55
B19: =IFERROR(__xludf.DUMMYFUNCTION("""COMPUTED_VALUE"""),"ATIKA ALIFIA F. TOBING") -> ATIKA ALIFIA F. TOBING | C19: =IFERROR(__xludf.DUMMYFUNCTION("""COMPUTED_VALUE"""),"A9023018425") -> A9023018425 | D19: =IFERROR(__xludf.DUMMYFUNCTION("""COMPUTED_VALUE"""),36.0) -> 36
B20: =IFERROR(__xludf.DUMMYFUNCTION("""COMPUTED_VALUE"""),"JAKA SEPTIADI") -> JAKA SEPTIADI | C20: =IFERROR(__xludf.DUMMYFUNCTION("""COMPUTED_VALUE"""),"J8823016633") -> J8823016633 | D20: =IFERROR(__xludf.DUMMYFUNCTION("""COMPUTED_VALUE"""),38.0) -> 38
B21: =IFERROR(__xludf.DUMMYFUNCTION("""COMPUTED_VALUE"""),"MARIYO") -> MARIYO | C21: =IFERROR(__xludf.DUMMYFUNCTION("""COMPUTED_VALUE"""),"M6523010470") -> M6523010470 | D21: =IFERROR(__xludf.DUMMYFUNCTION("""COMPUTED_VALUE"""),60.0) -> 60
B22: =IFERROR(__xludf.DUMMYFUNCTION("""COMPUTED_VALUE"""),"ADIEL PRATAMA PUTRA K.") -> ADIEL PRATAMA PUTRA K. | C22: =IFERROR(__xludf.DUMMYFUNCTION("""COMPUTED_VALUE"""),"A0623015163") -> A0623015163 | D22: =IFERROR(__xludf.DUMMYFUNCTION("""COMPUTED_VALUE"""),20.0) -> 20
B23: =IFERROR(__xludf.DUMMYFUNCTION("""COMPUTED_VALUE"""),"DAVID BURUI") -> DAVID BURUI | C23: =IFERROR(__xludf.DUMMYFUNCTION("""COMPUTED_VALUE"""),"D6123013327") -> D6123013327 | D23: =IFERROR(__xludf.DUMMYFUNCTION("""COMPUTED_VALUE"""),64.0) -> 64
B24: =IFERROR(__xludf.DUMMYFUNCTION("""COMPUTED_VALUE"""),"DEDI SUNARDI") -> DEDI SUNARDI | C24: =IFERROR(__xludf.DUMMYFUNCTION("""COMPUTED_VALUE"""),"D8223017622") -> D8223017622 | D24: =IFERROR(__xludf.DUMMYFUNCTION("""COMPUTED_VALUE"""),43.0) -> 43
B25: =IFERROR(__xludf.DUMMYFUNCTION("""COMPUTED_VALUE"""),"MIGUEL TJONDRO") -> MIGUEL TJONDRO | C25: =IFERROR(__xludf.DUMMYFUNCTION("""COMPUTED_VALUE"""),"M9823010741") -> M9823010741 | D25: =IFERROR(__xludf.DUMMYFUNCTION("""COMPUTED_VALUE"""),28.0) -> 28
B26: =IFERROR(__xludf.DUMMYFUNCTION("""COMPUTED_VALUE"""),"TRI WAHYUNI") -> TRI WAHYUNI | C26: =IFERROR(__xludf.DUMMYFUNCTION("""COMPUTED_VALUE"""),"T7623010391") -> T7623010391 | D26: =IFERROR(__xludf.DUMMYFUNCTION("""COMPUTED_VALUE"""),50.0) -> 50
B27: =IFERROR(__xludf.DUMMYFUNCTION("""COMPUTED_VALUE"""),"ANANTA UTAMI") -> ANANTA UTAMI | C27: =IFERROR(__xludf.DUMMYFUNCTION("""COMPUTED_VALUE"""),"A9123011070") -> A9123011070 | D27: =IFERROR(__xludf.DUMMYFUNCTION("""COMPUTED_VALUE"""),34.0) -> 34
B28: =IFERROR(__xludf.DUMMYFUNCTION("""COMPUTED_VALUE"""),"EMMI") -> EMMI | C28: =IFERROR(__xludf.DUMMYFUNCTION("""COMPUTED_VALUE"""),"E6223013059") -> E6223013059 | D28: =IFERROR(__xludf.DUMMYFUNCTION("""COMPUTED_VALUE"""),63.0) -> 63
B29: =IFERROR(__xludf.DUMMYFUNCTION("""COMPUTED_VALUE"""),"ZIQRIL HAKIM R") -> ZIQRIL HAKIM R | C29: =IFERROR(__xludf.DUMMYFUNCTION("""COMPUTED_VALUE"""),"Z0423010391") -> Z0423010391 | D29: =IFERROR(__xludf.DUMMYFUNCTION("""COMPUTED_VALUE"""),21.0) -> 21
B30: =IFERROR(__xludf.DUMMYFUNCTION("""COMPUTED_VALUE"""),"ERNA SETIAWATY") -> ERNA SETIAWATY | C30: =IFERROR(__xludf.DUMMYFUNCTION("""COMPUTED_VALUE"""),"E5423019005") -> E5423019005 | D30: =IFERROR(__xludf.DUMMYFUNCTION("""COMPUTED_VALUE"""),71.0) -> 71
B31: =IFERROR(__xludf.DUMMYFUNCTION("""COMPUTED_VALUE"""),"EVA DOLOROSA") -> EVA DOLOROSA | C31: =IFERROR(__xludf.DUMMYFUNCTION("""COMPUTED_VALUE"""),"E6723010889") -> E6723010889 | D31: =IFERROR(__xludf.DUMMYFUNCTION("""COMPUTED_VALUE"""),58.0) -> 58
B32: =IFERROR(__xludf.DUMMYFUNCTION("""COMPUTED_VALUE"""),"ANTO PRAYUGO") -> ANTO PRAYUGO | C32: =IFERROR(__xludf.DUMMYFUNCTION("""COMPUTED_VALUE"""),"A9523012989") -> A9523012989 | D32: =IFERROR(__xludf.DUMMYFUNCTION("""COMPUTED_VALUE"""),31.0) -> 31
B33: =IFERROR(__xludf.DUMMYFUNCTION("""COMPUTED_VALUE"""),"FAHMI") -> FAHMI | C33: =IFERROR(__xludf.DUMMYFUNCTION("""COMPUTED_VALUE"""),"F8623010888") -> F8623010888 | D33: =IFERROR(__xludf.DUMMYFUNCTION("""COMPUTED_VALUE"""),40.0) -> 40
B34: =IFERROR(__xludf.DUMMYFUNCTION("""COMPUTED_VALUE"""),"RYANDI ARDIENDA P.") -> RYANDI ARDIENDA P. | C34: =IFERROR(__xludf.DUMMYFUNCTION("""COMPUTED_VALUE"""),"R9323012323") -> R9323012323 | D34: =IFERROR(__xludf.DUMMYFUNCTION("""COMPUTED_VALUE"""),32.0) -> 32
B35: =IFERROR(__xludf.DUMMYFUNCTION("""COMPUTED_VALUE"""),"NURYANTO") -> NURYANTO | C35: =IFERROR(__xludf.DUMMYFUNCTION("""COMPUTED_VALUE"""),"N5423010002") -> N5423010002 | D35: =IFERROR(__xludf.DUMMYFUNCTION("""COMPUTED_VALUE"""),71.0) -> 71
B36: =IFERROR(__xludf.DUMMYFUNCTION("""COMPUTED_VALUE"""),"DIMAS PANDU HIDAYATULLAH") -> DIMAS PANDU HIDAYATULLAH | C36: =IFERROR(__xludf.DUMMYFUNCTION("""COMPUTED_VALUE"""),"D0023011314") -> D0023011314 | D36: =IFERROR(__xludf.DUMMYFUNCTION("""COMPUTED_VALUE"""),26.0) -> 26
B37: =IFERROR(__xludf.DUMMYFUNCTION("""COMPUTED_VALUE"""),"EIVA RADE SIHO") -> EIVA RADE SIHO | C37: =IFERROR(__xludf.DUMMYFUNCTION("""COMPUTED_VALUE"""),"E7623015810") -> E7623015810 | D37: =IFERROR(__xludf.DUMMYFUNCTION("""COMPUTED_VALUE"""),49.0) -> 49
B38: =IFERROR(__xludf.DUMMYFUNCTION("""COMPUTED_VALUE"""),"ERICK TRIENARDO") -> ERICK TRIENARDO | C38: =IFERROR(__xludf.DUMMYFUNCTION("""COMPUTED_VALUE"""),"E9723014638") -> E9723014638 | D38: =IFERROR(__xludf.DUMMYFUNCTION("""COMPUTED_VALUE"""),29.0) -> 29
B39: =IFERROR(__xludf.DUMMYFUNCTION("""COMPUTED_VALUE"""),"FLAVIUS PANGAREGO") -> FLAVIUS PANGAREGO | C39: =IFERROR(__xludf.DUMMYFUNCTION("""COMPUTED_VALUE"""),"F9623012859") -> F9623012859 | D39: =IFERROR(__xludf.DUMMYFUNCTION("""COMPUTED_VALUE"""),30.0) -> 30
B40: =IFERROR(__xludf.DUMMYFUNCTION("""COMPUTED_VALUE"""),"HERI RAHMANTO") -> HERI RAHMANTO | C40: =IFERROR(__xludf.DUMMYFUNCTION("""COMPUTED_VALUE"""),"H6123011926") -> H6123011926 | D40: =IFERROR(__xludf.DUMMYFUNCTION("""COMPUTED_VALUE"""),65.0) -> 65
B41: =IFERROR(__xludf.DUMMYFUNCTION("""COMPUTED_VALUE"""),"HILMIY DZAKIY") -> HILMIY DZAKIY | C41: =IFERROR(__xludf.DUMMYFUNCTION("""COMPUTED_VALUE"""),"H0923018457") -> H0923018457 | D41: =IFERROR(__xludf.DUMMYFUNCTION("""COMPUTED_VALUE"""),17.0) -> 17
B42: =IFERROR(__xludf.DUMMYFUNCTION("""COMPUTED_VALUE"""),"BARIONO") -> BARIONO | C42: =IFERROR(__xludf.DUMMYFUNCTION("""COMPUTED_VALUE"""),"B7723012106") -> B7723012106 | D42: =IFERROR(__xludf.DUMMYFUNCTION("""COMPUTED_VALUE"""),49.0) -> 49
B43: =IFERROR(__xludf.DUMMYFUNCTION("""COMPUTED_VALUE"""),"BASORI") -> BASORI | C43: =IFERROR(__xludf.DUMMYFUNCTION("""COMPUTED_VALUE"""),"B9723011146") -> B9723011146 | D43: =IFERROR(__xludf.DUMMYFUNCTION("""COMPUTED_VALUE"""),29.0) -> 29
B44: =IFERROR(__xludf.DUMMYFUNCTION("""COMPUTED_VALUE"""),"CHALISA PUTRI PRISYLA") -> CHALISA PUTRI PRISYLA | C44: =IFERROR(__xludf.DUMMYFUNCTION("""COMPUTED_VALUE"""),"C0923018735") -> C0923018735 | D44: =IFERROR(__xludf.DUMMYFUNCTION("""COMPUTED_VALUE"""),16.0) -> 16
B45: =IFERROR(__xludf.DUMMYFUNCTION("""COMPUTED_VALUE"""),"HARDJONO") -> HARDJONO | C45: =IFERROR(__xludf.DUMMYFUNCTION("""COMPUTED_VALUE"""),"H4623015667") -> H4623015667 | D45: =IFERROR(__xludf.DUMMYFUNCTION("""COMPUTED_VALUE"""),80.0) -> 80
B46: =IFERROR(__xludf.DUMMYFUNCTION("""COMPUTED_VALUE"""),"JUSWARDI") -> JUSWARDI | C46: =IFERROR(__xludf.DUMMYFUNCTION("""COMPUTED_VALUE"""),"J6223019000") -> J6223019000 | D46: =IFERROR(__xludf.DUMMYFUNCTION("""COMPUTED_VALUE"""),63.0) -> 63
B47: =IFERROR(__xludf.DUMMYFUNCTION("""COMPUTED_VALUE"""),"TUTI NOVITA") -> TUTI NOVITA | C47: =IFERROR(__xludf.DUMMYFUNCTION("""COMPUTED_VALUE"""),"T7223011339") -> T7223011339 | D47: =IFERROR(__xludf.DUMMYFUNCTION("""COMPUTED_VALUE"""),53.0) -> 53
B48: =IFERROR(__xludf.DUMMYFUNCTION("""COMPUTED_VALUE"""),"HENDRI WAHYUDHI") -> HENDRI WAHYUDHI | C48: =IFERROR(__xludf.DUMMYFUNCTION("""COMPUTED_VALUE"""),"H7623014100") -> H7623014100 | D48: =IFERROR(__xludf.DUMMYFUNCTION("""COMPUTED_VALUE"""),49.0) -> 49
B49: =IFERROR(__xludf.DUMMYFUNCTION("""COMPUTED_VALUE"""),"HERLINA AGUSTININGSIH") -> HERLINA AGUSTININGSIH | C49: =IFERROR(__xludf.DUMMYFUNCTION("""COMPUTED_VALUE"""),"H8523011399") -> H8523011399 | D49: =IFERROR(__xludf.DUMMYFUNCTION("""COMPUTED_VALUE"""),40.0) -> 40
B50: =IFERROR(__xludf.DUMMYFUNCTION("""COMPUTED_VALUE"""),"JOCELYN WAHYUDHI") -> JOCELYN WAHYUDHI | C50: =IFERROR(__xludf.DUMMYFUNCTION("""COMPUTED_VALUE"""),"J0623019005") -> J0623019005 | D50: =IFERROR(__xludf.DUMMYFUNCTION("""COMPUTED_VALUE"""),20.0) -> 20
B51: =IFERROR(__xludf.DUMMYFUNCTION("""COMPUTED_VALUE"""),"JON ALI") -> JON ALI | C51: =IFERROR(__xludf.DUMMYFUNCTION("""COMPUTED_VALUE"""),"J8823019998") -> J8823019998 | D51: =IFERROR(__xludf.DUMMYFUNCTION("""COMPUTED_VALUE"""),38.0) -> 38
B52: =IFERROR(__xludf.DUMMYFUNCTION("""COMPUTED_VALUE"""),"LIWONO") -> LIWONO | C52: =IFERROR(__xludf.DUMMYFUNCTION("""COMPUTED_VALUE"""),"L6623014041") -> L6623014041 | D52: =IFERROR(__xludf.DUMMYFUNCTION("""COMPUTED_VALUE"""),59.0) -> 59
B53: =IFERROR(__xludf.DUMMYFUNCTION("""COMPUTED_VALUE"""),"AGUS SETIAWAN") -> AGUS SETIAWAN | C53: =IFERROR(__xludf.DUMMYFUNCTION("""COMPUTED_VALUE"""),"A9523018347") -> A9523018347 | D53: =IFERROR(__xludf.DUMMYFUNCTION("""COMPUTED_VALUE"""),30.0) -> 30
B54: =IFERROR(__xludf.DUMMYFUNCTION("""COMPUTED_VALUE"""),"ANGGA HENDHARSA") -> ANGGA HENDHARSA | C54: =IFERROR(__xludf.DUMMYFUNCTION("""COMPUTED_VALUE"""),"A9023010811") -> A9023010811 | D54: =IFERROR(__xludf.DUMMYFUNCTION("""COMPUTED_VALUE"""),36.0) -> 36
B55: =IFERROR(__xludf.DUMMYFUNCTION("""COMPUTED_VALUE"""),"HELEN RANDY FEBRIANA") -> HELEN RANDY FEBRIANA | C55: =IFERROR(__xludf.DUMMYFUNCTION("""COMPUTED_VALUE"""),"H8723012002") -> H8723012002 | D55: =IFERROR(__xludf.DUMMYFUNCTION("""COMPUTED_VALUE"""),39.0) -> 39
B56: =IFERROR(__xludf.DUMMYFUNCTION("""COMPUTED_VALUE"""),"ELFA MARTIAN") -> ELFA MARTIAN | C56: =IFERROR(__xludf.DUMMYFUNCTION("""COMPUTED_VALUE"""),"E8423012220") -> E8423012220 | D56: =IFERROR(__xludf.DUMMYFUNCTION("""COMPUTED_VALUE"""),42.0) -> 42
B57: =IFERROR(__xludf.DUMMYFUNCTION("""COMPUTED_VALUE"""),"M. ARKANA DISA AL MASRI") -> M. ARKANA DISA AL MASRI | C57: =IFERROR(__xludf.DUMMYFUNCTION("""COMPUTED_VALUE"""),"M1323013389") -> M1323013389 | D57: =IFERROR(__xludf.DUMMYFUNCTION("""COMPUTED_VALUE"""),13.0) -> 13
B58: =IFERROR(__xludf.DUMMYFUNCTION("""COMPUTED_VALUE"""),"SRI MARTINI") -> SRI MARTINI | C58: =IFERROR(__xludf.DUMMYFUNCTION("""COMPUTED_VALUE"""),"S6123013882") -> S6123013882 | D58: =IFERROR(__xludf.DUMMYFUNCTION("""COMPUTED_VALUE"""),65.0) -> 65
B59: =IFERROR(__xludf.DUMMYFUNCTION("""COMPUTED_VALUE"""),"AMINAH") -> AMINAH | C59: =IFERROR(__xludf.DUMMYFUNCTION("""COMPUTED_VALUE"""),"A6323017817") -> A6323017817 | D59: =IFERROR(__xludf.DUMMYFUNCTION("""COMPUTED_VALUE"""),62.0) -> 62
B60: =IFERROR(__xludf.DUMMYFUNCTION("""COMPUTED_VALUE"""),"DIMAS ARYO BIMO") -> DIMAS ARYO BIMO | C60: =IFERROR(__xludf.DUMMYFUNCTION("""COMPUTED_VALUE"""),"D0523010337") -> D0523010337 | D60: =IFERROR(__xludf.DUMMYFUNCTION("""COMPUTED_VALUE"""),20.0) -> 20
B61: =IFERROR(__xludf.DUMMYFUNCTION("""COMPUTED_VALUE"""),"MARSIANA RITA") -> MARSIANA RITA | C61: =IFERROR(__xludf.DUMMYFUNCTION("""COMPUTED_VALUE"""),"M7623018071") -> M7623018071 | D61: =IFERROR(__xludf.DUMMYFUNCTION("""COMPUTED_VALUE"""),49.0) -> 49
B62: =IFERROR(__xludf.DUMMYFUNCTION("""COMPUTED_VALUE"""),"MARVELLA BENITA PUSPORINI") -> MARVELLA BENITA PUSPORINI | C62: =IFERROR(__xludf.DUMMYFUNCTION("""COMPUTED_VALUE"""),"M0423015817") -> M0423015817 | D62: =IFERROR(__xludf.DUMMYFUNCTION("""COMPUTED_VALUE"""),22.0) -> 22
B63: =IFERROR(__xludf.DUMMYFUNCTION("""COMPUTED_VALUE"""),"NENI RIMBAWATI") -> NENI RIMBAWATI | C63: =IFERROR(__xludf.DUMMYFUNCTION("""COMPUTED_VALUE"""),"N7123011230") -> N7123011230 | D63: =IFERROR(__xludf.DUMMYFUNCTION("""COMPUTED_VALUE"""),54.0) -> 54
B64: =IFERROR(__xludf.DUMMYFUNCTION("""COMPUTED_VALUE"""),"NOVI WINATA") -> NOVI WINATA | C64: =IFERROR(__xludf.DUMMYFUNCTION("""COMPUTED_VALUE"""),"N8723013099") -> N8723013099 | D64: =IFERROR(__xludf.DUMMYFUNCTION("""COMPUTED_VALUE"""),38.0) -> 38
B65: =IFERROR(__xludf.DUMMYFUNCTION("""COMPUTED_VALUE"""),"NURDIN") -> NURDIN | C65: =IFERROR(__xludf.DUMMYFUNCTION("""COMPUTED_VALUE"""),"N6423016044") -> N6423016044 | D65: =IFERROR(__xludf.DUMMYFUNCTION("""COMPUTED_VALUE"""),61.0) -> 61
B66: =IFERROR(__xludf.DUMMYFUNCTION("""COMPUTED_VALUE"""),"ALDI") -> ALDI | C66: =IFERROR(__xludf.DUMMYFUNCTION("""COMPUTED_VALUE"""),"A0623017317") -> A0623017317 | D66: =IFERROR(__xludf.DUMMYFUNCTION("""COMPUTED_VALUE"""),19.0) -> 19
B67: =IFERROR(__xludf.DUMMYFUNCTION("""COMPUTED_VALUE"""),"NURHAYATI 55") -> NURHAYATI 55 | C67: =IFERROR(__xludf.DUMMYFUNCTION("""COMPUTED_VALUE"""),"N5523017792") -> N5523017792 | D67: =IFERROR(__xludf.DUMMYFUNCTION("""COMPUTED_VALUE"""),71.0) -> 71
B68: =IFERROR(__xludf.DUMMYFUNCTION("""COMPUTED_VALUE"""),"RIZKI SAPUTRA") -> RIZKI SAPUTRA | C68: =IFERROR(__xludf.DUMMYFUNCTION("""COMPUTED_VALUE"""),"R0423012690") -> R0423012690 | D68: =IFERROR(__xludf.DUMMYFUNCTION("""COMPUTED_VALUE"""),21.0) -> 21
B69: =IFERROR(__xludf.DUMMYFUNCTION("""COMPUTED_VALUE"""),"RONY LIUNG") -> RONY LIUNG | C69: =IFERROR(__xludf.DUMMYFUNCTION("""COMPUTED_VALUE"""),"R0123012900") -> R0123012900 | D69: =IFERROR(__xludf.DUMMYFUNCTION("""COMPUTED_VALUE"""),25.0) -> 25
B70: =IFERROR(__xludf.DUMMYFUNCTION("""COMPUTED_VALUE"""),"NOVI ASMARANI") -> NOVI ASMARANI | C70: =IFERROR(__xludf.DUMMYFUNCTION("""COMPUTED_VALUE"""),"N8723015132") -> N8723015132 | D70: =IFERROR(__xludf.DUMMYFUNCTION("""COMPUTED_VALUE"""),38.0) -> 38
B71: =IFERROR(__xludf.DUMMYFUNCTION("""COMPUTED_VALUE"""),"SULISTIYOWATI") -> SULISTIYOWATI | C71: =IFERROR(__xludf.DUMMYFUNCTION("""COMPUTED_VALUE"""),"S7523014141") -> S7523014141 | D71: =IFERROR(__xludf.DUMMYFUNCTION("""COMPUTED_VALUE"""),51.0) -> 51
B72: =IFERROR(__xludf.DUMMYFUNCTION("""COMPUTED_VALUE"""),"ARIFYANDI") -> ARIFYANDI | C72: =IFERROR(__xludf.DUMMYFUNCTION("""COMPUTED_VALUE"""),"A9923014697") -> A9923014697 | D72: =IFERROR(__xludf.DUMMYFUNCTION("""COMPUTED_VALUE"""),27.0) -> 27
B73: =IFERROR(__xludf.DUMMYFUNCTION("""COMPUTED_VALUE"""),"KARTINAH") -> KARTINAH | C73: =IFERROR(__xludf.DUMMYFUNCTION("""COMPUTED_VALUE"""),"K6223018878") -> K6223018878 | D73: =IFERROR(__xludf.DUMMYFUNCTION("""COMPUTED_VALUE"""),64.0) -> 64
B74: =IFERROR(__xludf.DUMMYFUNCTION("""COMPUTED_VALUE"""),"KHARISMA RIZKI UTAMA") -> KHARISMA RIZKI UTAMA | C74: =IFERROR(__xludf.DUMMYFUNCTION("""COMPUTED_VALUE"""),"K9223011118") -> K9223011118 | D74: =IFERROR(__xludf.DUMMYFUNCTION("""COMPUTED_VALUE"""),33.0) -> 33
B75: =IFERROR(__xludf.DUMMYFUNCTION("""COMPUTED_VALUE"""),"M. ABDUL LATIEF LAZUARDI") -> M. ABDUL LATIEF LAZUARDI | C75: =IFERROR(__xludf.DUMMYFUNCTION("""COMPUTED_VALUE"""),"M0023019835") -> M0023019835 | D75: =IFERROR(__xludf.DUMMYFUNCTION("""COMPUTED_VALUE"""),25.0) -> 25
B76: =IFERROR(__xludf.DUMMYFUNCTION("""COMPUTED_VALUE"""),"SUPINI") -> SUPINI | C76: =IFERROR(__xludf.DUMMYFUNCTION("""COMPUTED_VALUE"""),"S6923014949") -> S6923014949 | D76: =IFERROR(__xludf.DUMMYFUNCTION("""COMPUTED_VALUE"""),56.0) -> 56
B77: =IFERROR(__xludf.DUMMYFUNCTION("""COMPUTED_VALUE"""),"TUKIJO") -> TUKIJO | C77: =IFERROR(__xludf.DUMMYFUNCTION("""COMPUTED_VALUE"""),"T5523016407") -> T5523016407 | D77: =IFERROR(__xludf.DUMMYFUNCTION("""COMPUTED_VALUE"""),70.0) -> 70
B78: =IFERROR(__xludf.DUMMYFUNCTION("""COMPUTED_VALUE"""),"FAHRIZAL") -> FAHRIZAL | C78: =IFERROR(__xludf.DUMMYFUNCTION("""COMPUTED_VALUE"""),"F7023014230") -> F7023014230 | D78: =IFERROR(__xludf.DUMMYFUNCTION("""COMPUTED_VALUE"""),55.0) -> 55
B79: =IFERROR(__xludf.DUMMYFUNCTION("""COMPUTED_VALUE"""),"INNOSENSIUS SILA") -> INNOSENSIUS SILA | C79: =IFERROR(__xludf.DUMMYFUNCTION("""COMPUTED_VALUE"""),"I0123017652") -> I0123017652 | D79: =IFERROR(__xludf.DUMMYFUNCTION("""COMPUTED_VALUE"""),25.0) -> 25
B80: =IFERROR(__xludf.DUMMYFUNCTION("""COMPUTED_VALUE"""),"PRIMA FARRET") -> PRIMA FARRET | C80: =IFERROR(__xludf.DUMMYFUNCTION("""COMPUTED_VALUE"""),"P8223015614") -> P8223015614 | D80: =IFERROR(__xludf.DUMMYFUNCTION("""COMPUTED_VALUE"""),43.0) -> 43
B81: =IFERROR(__xludf.DUMMYFUNCTION("""COMPUTED_VALUE"""),"SRI SURYATI") -> SRI SURYATI | C81: =IFERROR(__xludf.DUMMYFUNCTION("""COMPUTED_VALUE"""),"S5723017882") -> S5723017882 | D81: =IFERROR(__xludf.DUMMYFUNCTION("""COMPUTED_VALUE"""),69.0) -> 69
B82: =IFERROR(__xludf.DUMMYFUNCTION("""COMPUTED_VALUE"""),"SUADI") -> SUADI | C82: =IFERROR(__xludf.DUMMYFUNCTION("""COMPUTED_VALUE"""),"S6823014569") -> S6823014569 | D82: =IFERROR(__xludf.DUMMYFUNCTION("""COMPUTED_VALUE"""),58.0) -> 58
B83: =IFERROR(__xludf.DUMMYFUNCTION("""COMPUTED_VALUE"""),"TRIANI SEPTI") -> TRIANI SEPTI | C83: =IFERROR(__xludf.DUMMYFUNCTION("""COMPUTED_VALUE"""),"T9523019991") -> T9523019991 | D83: =IFERROR(__xludf.DUMMYFUNCTION("""COMPUTED_VALUE"""),30.0) -> 30
B84: =IFERROR(__xludf.DUMMYFUNCTION("""COMPUTED_VALUE"""),"YUDHI PONCA MANALU") -> YUDHI PONCA MANALU | C84: =IFERROR(__xludf.DUMMYFUNCTION("""COMPUTED_VALUE"""),"Y8823015888") -> Y8823015888 | D84: =IFERROR(__xludf.DUMMYFUNCTION("""COMPUTED_VALUE"""),37.0) -> 37
B85: =IFERROR(__xludf.DUMMYFUNCTION("""COMPUTED_VALUE"""),"DEDE ALFIANDI") -> DEDE ALFIANDI | C85: =IFERROR(__xludf.DUMMYFUNCTION("""COMPUTED_VALUE"""),"D8923011717") -> D8923011717 | D85: =IFERROR(__xludf.DUMMYFUNCTION("""COMPUTED_VALUE"""),37.0) -> 37
B86: =IFERROR(__xludf.DUMMYFUNCTION("""COMPUTED_VALUE"""),"DENY SUMANTRI") -> DENY SUMANTRI | C86: =IFERROR(__xludf.DUMMYFUNCTION("""COMPUTED_VALUE"""),"D9523019981") -> D9523019981 | D86: =IFERROR(__xludf.DUMMYFUNCTION("""COMPUTED_VALUE"""),30.0) -> 30
B87: =IFERROR(__xludf.DUMMYFUNCTION("""COMPUTED_VALUE"""),"ELO SINAGA") -> ELO SINAGA | C87: =IFERROR(__xludf.DUMMYFUNCTION("""COMPUTED_VALUE"""),"E1023019575") -> E1023019575 | D87: =IFERROR(__xludf.DUMMYFUNCTION("""COMPUTED_VALUE"""),15.0) -> 15
B88: =IFERROR(__xludf.DUMMYFUNCTION("""COMPUTED_VALUE"""),"FARIDA") -> FARIDA | C88: =IFERROR(__xludf.DUMMYFUNCTION("""COMPUTED_VALUE"""),"F6023018181") -> F6023018181 | D88: =IFERROR(__xludf.DUMMYFUNCTION("""COMPUTED_VALUE"""),65.0) -> 65
B89: =IFERROR(__xludf.DUMMYFUNCTION("""COMPUTED_VALUE"""),"MAYSHA PUTRI LESMANA") -> MAYSHA PUTRI LESMANA | C89: =IFERROR(__xludf.DUMMYFUNCTION("""COMPUTED_VALUE"""),"M0823012188") -> M0823012188 | D89: =IFERROR(__xludf.DUMMYFUNCTION("""COMPUTED_VALUE"""),18.0) -> 18
B90: =IFERROR(__xludf.DUMMYFUNCTION("""COMPUTED_VALUE"""),"PRILANDA GILANG RADANNA") -> PRILANDA GILANG RADANNA | C90: =IFERROR(__xludf.DUMMYFUNCTION("""COMPUTED_VALUE"""),"P9823015565") -> P9823015565 | D90: =IFERROR(__xludf.DUMMYFUNCTION("""COMPUTED_VALUE"""),28.0) -> 28
B91: =IFERROR(__xludf.DUMMYFUNCTION("""COMPUTED_VALUE"""),"RAISAN FIQRI") -> RAISAN FIQRI | C91: =IFERROR(__xludf.DUMMYFUNCTION("""COMPUTED_VALUE"""),"R0423010268") -> R0423010268 | D91: =IFERROR(__xludf.DUMMYFUNCTION("""COMPUTED_VALUE"""),21.0) -> 21
B92: =IFERROR(__xludf.DUMMYFUNCTION("""COMPUTED_VALUE"""),"REZA FERDIANSYAH") -> REZA FERDIANSYAH | C92: =IFERROR(__xludf.DUMMYFUNCTION("""COMPUTED_VALUE"""),"R0323019317") -> R0323019317 | D92: =IFERROR(__xludf.DUMMYFUNCTION("""COMPUTED_VALUE"""),23.0) -> 23
B93: =IFERROR(__xludf.DUMMYFUNCTION("""COMPUTED_VALUE"""),"RIA") -> RIA | C93: =IFERROR(__xludf.DUMMYFUNCTION("""COMPUTED_VALUE"""),"R7723015689") -> R7723015689 | D93: =IFERROR(__xludf.DUMMYFUNCTION("""COMPUTED_VALUE"""),49.0) -> 49
B94: =IFERROR(__xludf.DUMMYFUNCTION("""COMPUTED_VALUE"""),"SYARIF ABDUL KHALID") -> SYARIF ABDUL KHALID | C94: =IFERROR(__xludf.DUMMYFUNCTION("""COMPUTED_VALUE"""),"S8823016365") -> S8823016365 | D94: =IFERROR(__xludf.DUMMYFUNCTION("""COMPUTED_VALUE"""),38.0) -> 38
B95: =IFERROR(__xludf.DUMMYFUNCTION("""COMPUTED_VALUE"""),"TITIK NURSIAH") -> TITIK NURSIAH | C95: =IFERROR(__xludf.DUMMYFUNCTION("""COMPUTED_VALUE"""),"T5423015410") -> T5423015410 | D95: =IFERROR(__xludf.DUMMYFUNCTION("""COMPUTED_VALUE"""),72.0) -> 72
B96: =IFERROR(__xludf.DUMMYFUNCTION("""COMPUTED_VALUE"""),"YESSI ANDRIANI S") -> YESSI ANDRIANI S | C96: =IFERROR(__xludf.DUMMYFUNCTION("""COMPUTED_VALUE"""),"Y8523019223") -> Y8523019223 | D96: =IFERROR(__xludf.DUMMYFUNCTION("""COMPUTED_VALUE"""),40.0) -> 40
B97: =IFERROR(__xludf.DUMMYFUNCTION("""COMPUTED_VALUE"""),"AGUSTINUS SIMATUPANG") -> AGUSTINUS SIMATUPANG | C97: =IFERROR(__xludf.DUMMYFUNCTION("""COMPUTED_VALUE"""),"A8723018222") -> A8723018222 | D97: =IFERROR(__xludf.DUMMYFUNCTION("""COMPUTED_VALUE"""),38.0) -> 38
B98: =IFERROR(__xludf.DUMMYFUNCTION("""COMPUTED_VALUE"""),"EKO SUTRISTIYADI") -> EKO SUTRISTIYADI | C98: =IFERROR(__xludf.DUMMYFUNCTION("""COMPUTED_VALUE"""),"E9523011787") -> E9523011787 | D98: =IFERROR(__xludf.DUMMYFUNCTION("""COMPUTED_VALUE"""),31.0) -> 31
B99: =IFERROR(__xludf.DUMMYFUNCTION("""COMPUTED_VALUE"""),"FIKRI RIPARTA HARAHAP") -> FIKRI RIPARTA HARAHAP | C99: =IFERROR(__xludf.DUMMYFUNCTION("""COMPUTED_VALUE"""),"F0523012509") -> F0523012509 | D99: =IFERROR(__xludf.DUMMYFUNCTION("""COMPUTED_VALUE"""),20.0) -> 20
B100: =IFERROR(__xludf.DUMMYFUNCTION("""COMPUTED_VALUE"""),"SRI SUGIHARTI") -> SRI SUGIHARTI | C100: =IFERROR(__xludf.DUMMYFUNCTION("""COMPUTED_VALUE"""),"S5423018611") -> S5423018611 | D100: =IFERROR(__xludf.DUMMYFUNCTION("""COMPUTED_VALUE"""),71.0) -> 71
...

Sheet ⬇️ PEMASUKAN
B1: CATATAN PEMASUKAN LAYANAN FISIOTERAPI GANG SEHAT PONTIANAK 2026
B4: NO | C4: ADMIN | D4: TANGGAL | E4: TAHUN | F4: BULAN | G4: JAM | H4: FISIO | I4: NAMA PASIEN | J4: JENIS | K4: PEMBELIAN | L4: KATEGORI PEMBELIAN | M4: KETERANGAN BAYAR | N4: JUMLAH BAYAR | O4: DISKON | P4: HARGA | Q4: KEKURANGAN | R4: METODE BAYAR | S4: PENJAMIN | T4: ✅ | U4: CATATAN
B5: 2109 | C5: SUCI | D5: 46025 | E5: =if(D5="","",text(D5,"YYY")) -> 2026 | F5: =if(D5="","",text(D5,"MM")&" "&text(D5,"MMM")) -> 01 Jan | G5: 11.00 | H5: OKTA | I5: ANDIANA MARJAYANTI | J5: BARU | K5: K.TA - TERAPI AWAL | L5: =IF(ISNUMBER(SEARCH("*K.TA*",K5)),"TA KLINIK",IF(ISNUMBER(SEARCH("*K.PT*",K5)),"PAKET KLINIK",IF(ISNUMBER(SEARCH("*K.ST*",K5)),"SESI KLINIK",IF(ISNUMBER(SEARCH("*V.TA*",K5)),"TA VISIT",IF(ISNUMBER(SEARCH("*V.ST*",K5)),"SESI VISIT",IF(ISNUMBER(SEARCH("*V.PT*",K5)),"PAKET VISIT","LAINNYA")))))) -> TA KLINIK | M5: LUNAS | N5: 250000 | O5: 0 | P5: {=IFNA(XLOOKUP(K5,'⚙️ Pengaturan'!$E$2:$E800,'⚙️ Pengaturan'!$F$2:$F800),"")} -> 250000 | Q5: =IF(I5="","",(N5+O5)-P5) -> 0 | R5: TRANSFER BCA | S5: ANDIANA MARJAYANTI | T5: TRUE
B6: 2110 | C6: SUCI | D6: 46025 | E6: =if(D6="","",text(D6,"YYY")) -> 2026 | F6: =if(D6="","",text(D6,"MM")&" "&text(D6,"MMM")) -> 01 Jan | G6: 12.00 | H6: WAHYU | I6: SETIO BONO SAPUTRO | K6: K.ST - SESI TERAPI | L6: =IF(ISNUMBER(SEARCH("*K.TA*",K6)),"TA KLINIK",IF(ISNUMBER(SEARCH("*K.PT*",K6)),"PAKET KLINIK",IF(ISNUMBER(SEARCH("*K.ST*",K6)),"SESI KLINIK",IF(ISNUMBER(SEARCH("*V.TA*",K6)),"TA VISIT",IF(ISNUMBER(SEARCH("*V.ST*",K6)),"SESI VISIT",IF(ISNUMBER(SEARCH("*V.PT*",K6)),"PAKET VISIT","LAINNYA")))))) -> SESI KLINIK | M6: LUNAS | N6: 150000 | O6: 0 | P6: {=IFNA(XLOOKUP(K6,'⚙️ Pengaturan'!$E$2:$E800,'⚙️ Pengaturan'!$F$2:$F800),"")} -> 150000 | Q6: =IF(I6="","",(N6+O6)-P6) -> 0 | R6: TUNAI | S6: - | T6: TRUE
B7: 2111 | C7: SUCI | D7: 46025 | E7: =if(D7="","",text(D7,"YYY")) -> 2026 | F7: =if(D7="","",text(D7,"MM")&" "&text(D7,"MMM")) -> 01 Jan | G7: 12.00 | H7: DANI | I7: IVONNY | J7: BARU | K7: K.TA - TERAPI AWAL | L7: =IF(ISNUMBER(SEARCH("*K.TA*",K7)),"TA KLINIK",IF(ISNUMBER(SEARCH("*K.PT*",K7)),"PAKET KLINIK",IF(ISNUMBER(SEARCH("*K.ST*",K7)),"SESI KLINIK",IF(ISNUMBER(SEARCH("*V.TA*",K7)),"TA VISIT",IF(ISNUMBER(SEARCH("*V.ST*",K7)),"SESI VISIT",IF(ISNUMBER(SEARCH("*V.PT*",K7)),"PAKET VISIT","LAINNYA")))))) -> TA KLINIK | M7: LUNAS | N7: 250000 | O7: 0 | P7: {=IFNA(XLOOKUP(K7,'⚙️ Pengaturan'!$E$2:$E800,'⚙️ Pengaturan'!$F$2:$F800),"")} -> 250000 | Q7: =IF(I7="","",(N7+O7)-P7) -> 0 | R7: TUNAI | S7: - | T7: TRUE
B8: 2112 | C8: SUCI | D8: 46025 | E8: =if(D8="","",text(D8,"YYY")) -> 2026 | F8: =if(D8="","",text(D8,"MM")&" "&text(D8,"MMM")) -> 01 Jan | G8: 15.00 | H8: WAHYU | I8: YUBANADI | K8: K.PT - PAKET 1 | L8: =IF(ISNUMBER(SEARCH("*K.TA*",K8)),"TA KLINIK",IF(ISNUMBER(SEARCH("*K.PT*",K8)),"PAKET KLINIK",IF(ISNUMBER(SEARCH("*K.ST*",K8)),"SESI KLINIK",IF(ISNUMBER(SEARCH("*V.TA*",K8)),"TA VISIT",IF(ISNUMBER(SEARCH("*V.ST*",K8)),"SESI VISIT",IF(ISNUMBER(SEARCH("*V.PT*",K8)),"PAKET VISIT","LAINNYA")))))) -> PAKET KLINIK | M8: LUNAS | N8: 650000 | O8: 0 | P8: {=IFNA(XLOOKUP(K8,'⚙️ Pengaturan'!$E$2:$E800,'⚙️ Pengaturan'!$F$2:$F800),"")} -> 650000 | Q8: =IF(I8="","",(N8+O8)-P8) -> 0 | R8: TUNAI | S8: - | T8: TRUE
B9: 2113 | C9: NOPI | D9: 46025 | E9: =if(D9="","",text(D9,"YYY")) -> 2026 | F9: =if(D9="","",text(D9,"MM")&" "&text(D9,"MMM")) -> 01 Jan | G9: 17.00 | H9: PRITY | I9: SRI ESRI | K9: K.PT - PAKET 2 | L9: =IF(ISNUMBER(SEARCH("*K.TA*",K9)),"TA KLINIK",IF(ISNUMBER(SEARCH("*K.PT*",K9)),"PAKET KLINIK",IF(ISNUMBER(SEARCH("*K.ST*",K9)),"SESI KLINIK",IF(ISNUMBER(SEARCH("*V.TA*",K9)),"TA VISIT",IF(ISNUMBER(SEARCH("*V.ST*",K9)),"SESI VISIT",IF(ISNUMBER(SEARCH("*V.PT*",K9)),"PAKET VISIT","LAINNYA")))))) -> PAKET KLINIK | M9: LUNAS | N9: 1200000 | O9: 0 | P9: {=IFNA(XLOOKUP(K9,'⚙️ Pengaturan'!$E$2:$E800,'⚙️ Pengaturan'!$F$2:$F800),"")} -> 1200000 | Q9: =IF(I9="","",(N9+O9)-P9) -> 0 | R9: EDC BCA | S9: SRI ESRI | T9: TRUE
B10: 2114 | C10: NOPI | D10: 46025 | E10: =if(D10="","",text(D10,"YYY")) -> 2026 | F10: =if(D10="","",text(D10,"MM")&" "&text(D10,"MMM")) -> 01 Jan | G10: 16.00 | H10: PRITY | I10: PUTERA ANUGRAH PRATAMA | J10: BARU | K10: K.TA - TERAPI AWAL | L10: =IF(ISNUMBER(SEARCH("*K.TA*",K10)),"TA KLINIK",IF(ISNUMBER(SEARCH("*K.PT*",K10)),"PAKET KLINIK",IF(ISNUMBER(SEARCH("*K.ST*",K10)),"SESI KLINIK",IF(ISNUMBER(SEARCH("*V.TA*",K10)),"TA VISIT",IF(ISNUMBER(SEARCH("*V.ST*",K10)),"SESI VISIT",IF(ISNUMBER(SEARCH("*V.PT*",K10)),"PAKET VISIT","LAINNYA")))))) -> TA KLINIK | M10: LUNAS | N10: 250000 | O10: 0 | P10: {=IFNA(XLOOKUP(K10,'⚙️ Pengaturan'!$E$2:$E800,'⚙️ Pengaturan'!$F$2:$F800),"")} -> 250000 | Q10: =IF(I10="","",(N10+O10)-P10) -> 0 | R10: TRANSFER BCA | S10: PUTERA ANUGRAH PRATAMA | T10: TRUE
B11: 2115 | C11: NOPI | D11: 46025 | E11: =if(D11="","",text(D11,"YYY")) -> 2026 | F11: =if(D11="","",text(D11,"MM")&" "&text(D11,"MMM")) -> 01 Jan | G11: 16.00 | H11: DESTY | I11: SUGIH WIRAMANTRI | J11: BARU | K11: K.TA - TERAPI AWAL | L11: =IF(ISNUMBER(SEARCH("*K.TA*",K11)),"TA KLINIK",IF(ISNUMBER(SEARCH("*K.PT*",K11)),"PAKET KLINIK",IF(ISNUMBER(SEARCH("*K.ST*",K11)),"SESI KLINIK",IF(ISNUMBER(SEARCH("*V.TA*",K11)),"TA VISIT",IF(ISNUMBER(SEARCH("*V.ST*",K11)),"SESI VISIT",IF(ISNUMBER(SEARCH("*V.PT*",K11)),"PAKET VISIT","LAINNYA")))))) -> TA KLINIK | M11: LUNAS | N11: 250000 | O11: 0 | P11: {=IFNA(XLOOKUP(K11,'⚙️ Pengaturan'!$E$2:$E800,'⚙️ Pengaturan'!$F$2:$F800),"")} -> 250000 | Q11: =IF(I11="","",(N11+O11)-P11) -> 0 | R11: TRANSFER BCA | S11: SUGIH WIRAMANTRI | T11: TRUE
B12: 2116 | C12: NOPI | D12: 46025 | E12: =if(D12="","",text(D12,"YYY")) -> 2026 | F12: =if(D12="","",text(D12,"MM")&" "&text(D12,"MMM")) -> 01 Jan | G12: 17.00 | H12: DESTY | I12: K. E. ANANTA UTAMI | J12: BARU | K12: K.TA - TERAPI AWAL | L12: =IF(ISNUMBER(SEARCH("*K.TA*",K12)),"TA KLINIK",IF(ISNUMBER(SEARCH("*K.PT*",K12)),"PAKET KLINIK",IF(ISNUMBER(SEARCH("*K.ST*",K12)),"SESI KLINIK",IF(ISNUMBER(SEARCH("*V.TA*",K12)),"TA VISIT",IF(ISNUMBER(SEARCH("*V.ST*",K12)),"SESI VISIT",IF(ISNUMBER(SEARCH("*V.PT*",K12)),"PAKET VISIT","LAINNYA")))))) -> TA KLINIK | M12: LUNAS | N12: 250000 | O12: 0 | P12: {=IFNA(XLOOKUP(K12,'⚙️ Pengaturan'!$E$2:$E800,'⚙️ Pengaturan'!$F$2:$F800),"")} -> 250000 | Q12: =IF(I12="","",(N12+O12)-P12) -> 0 | R12: TUNAI | S12: - | T12: TRUE
B13: 2117 | C13: NOPI | D13: 46025 | E13: =if(D13="","",text(D13,"YYY")) -> 2026 | F13: =if(D13="","",text(D13,"MM")&" "&text(D13,"MMM")) -> 01 Jan | G13: 17.00 | H13: ORY | I13: HAMDAN IDRIS | K13: K.ST - SESI TERAPI | L13: =IF(ISNUMBER(SEARCH("*K.TA*",K13)),"TA KLINIK",IF(ISNUMBER(SEARCH("*K.PT*",K13)),"PAKET KLINIK",IF(ISNUMBER(SEARCH("*K.ST*",K13)),"SESI KLINIK",IF(ISNUMBER(SEARCH("*V.TA*",K13)),"TA VISIT",IF(ISNUMBER(SEARCH("*V.ST*",K13)),"SESI VISIT",IF(ISNUMBER(SEARCH("*V.PT*",K13)),"PAKET VISIT","LAINNYA")))))) -> SESI KLINIK | M13: LUNAS | N13: 150000 | O13: 0 | P13: {=IFNA(XLOOKUP(K13,'⚙️ Pengaturan'!$E$2:$E800,'⚙️ Pengaturan'!$F$2:$F800),"")} -> 150000 | Q13: =IF(I13="","",(N13+O13)-P13) -> 0 | R13: TUNAI | S13: - | T13: TRUE
B14: 2118 | C14: NOPI | D14: 46025 | E14: =if(D14="","",text(D14,"YYY")) -> 2026 | F14: =if(D14="","",text(D14,"MM")&" "&text(D14,"MMM")) -> 01 Jan | G14: 18.00 | H14: DESTY | I14: KOLENIUS KOLAI | J14: BARU | K14: K.TA - TERAPI AWAL | L14: =IF(ISNUMBER(SEARCH("*K.TA*",K14)),"TA KLINIK",IF(ISNUMBER(SEARCH("*K.PT*",K14)),"PAKET KLINIK",IF(ISNUMBER(SEARCH("*K.ST*",K14)),"SESI KLINIK",IF(ISNUMBER(SEARCH("*V.TA*",K14)),"TA VISIT",IF(ISNUMBER(SEARCH("*V.ST*",K14)),"SESI VISIT",IF(ISNUMBER(SEARCH("*V.PT*",K14)),"PAKET VISIT","LAINNYA")))))) -> TA KLINIK | M14: LUNAS | N14: 250000 | O14: 0 | P14: {=IFNA(XLOOKUP(K14,'⚙️ Pengaturan'!$E$2:$E800,'⚙️ Pengaturan'!$F$2:$F800),"")} -> 250000 | Q14: =IF(I14="","",(N14+O14)-P14) -> 0 | R14: TUNAI | S14: - | T14: TRUE
B15: 2119 | C15: NOPI | D15: 46025 | E15: =if(D15="","",text(D15,"YYY")) -> 2026 | F15: =if(D15="","",text(D15,"MM")&" "&text(D15,"MMM")) -> 01 Jan | G15: 18.00 | H15: PRITY | I15: EMMA | J15: BARU | K15: K.TA - TERAPI AWAL | L15: =IF(ISNUMBER(SEARCH("*K.TA*",K15)),"TA KLINIK",IF(ISNUMBER(SEARCH("*K.PT*",K15)),"PAKET KLINIK",IF(ISNUMBER(SEARCH("*K.ST*",K15)),"SESI KLINIK",IF(ISNUMBER(SEARCH("*V.TA*",K15)),"TA VISIT",IF(ISNUMBER(SEARCH("*V.ST*",K15)),"SESI VISIT",IF(ISNUMBER(SEARCH("*V.PT*",K15)),"PAKET VISIT","LAINNYA")))))) -> TA KLINIK | M15: LUNAS | N15: 250000 | O15: 0 | P15: {=IFNA(XLOOKUP(K15,'⚙️ Pengaturan'!$E$2:$E800,'⚙️ Pengaturan'!$F$2:$F800),"")} -> 250000 | Q15: =IF(I15="","",(N15+O15)-P15) -> 0 | R15: TUNAI | S15: - | T15: TRUE
B16: 2120 | C16: NOPI | D16: 46025 | E16: =if(D16="","",text(D16,"YYY")) -> 2026 | F16: =if(D16="","",text(D16,"MM")&" "&text(D16,"MMM")) -> 01 Jan | G16: 20.00 | H16: DESTY | I16: YA MUHAMMAD IKHSANDI | J16: BARU | K16: K.TA - TERAPI AWAL | L16: =IF(ISNUMBER(SEARCH("*K.TA*",K16)),"TA KLINIK",IF(ISNUMBER(SEARCH("*K.PT*",K16)),"PAKET KLINIK",IF(ISNUMBER(SEARCH("*K.ST*",K16)),"SESI KLINIK",IF(ISNUMBER(SEARCH("*V.TA*",K16)),"TA VISIT",IF(ISNUMBER(SEARCH("*V.ST*",K16)),"SESI VISIT",IF(ISNUMBER(SEARCH("*V.PT*",K16)),"PAKET VISIT","LAINNYA")))))) -> TA KLINIK | M16: LUNAS | N16: 250000 | O16: 0 | P16: {=IFNA(XLOOKUP(K16,'⚙️ Pengaturan'!$E$2:$E800,'⚙️ Pengaturan'!$F$2:$F800),"")} -> 250000 | Q16: =IF(I16="","",(N16+O16)-P16) -> 0 | R16: TUNAI | S16: - | T16: TRUE
B17: 2121 | C17: NOPI | D17: 46025 | E17: =if(D17="","",text(D17,"YYY")) -> 2026 | F17: =if(D17="","",text(D17,"MM")&" "&text(D17,"MMM")) -> 01 Jan | G17: 20.00 | H17: AUL | I17: TAUFIK | J17: BARU | K17: K.TA - TERAPI AWAL | L17: =IF(ISNUMBER(SEARCH("*K.TA*",K17)),"TA KLINIK",IF(ISNUMBER(SEARCH("*K.PT*",K17)),"PAKET KLINIK",IF(ISNUMBER(SEARCH("*K.ST*",K17)),"SESI KLINIK",IF(ISNUMBER(SEARCH("*V.TA*",K17)),"TA VISIT",IF(ISNUMBER(SEARCH("*V.ST*",K17)),"SESI VISIT",IF(ISNUMBER(SEARCH("*V.PT*",K17)),"PAKET VISIT","LAINNYA")))))) -> TA KLINIK | M17: LUNAS | N17: 250000 | O17: 0 | P17: {=IFNA(XLOOKUP(K17,'⚙️ Pengaturan'!$E$2:$E800,'⚙️ Pengaturan'!$F$2:$F800),"")} -> 250000 | Q17: =IF(I17="","",(N17+O17)-P17) -> 0 | R17: TUNAI | S17: - | T17: TRUE
B18: 2122 | C18: NOPI | D18: 46025 | E18: =if(D18="","",text(D18,"YYY")) -> 2026 | F18: =if(D18="","",text(D18,"MM")&" "&text(D18,"MMM")) -> 01 Jan | G18: 20.00 | H18: PRITY | I18: SHELSY MELANY | J18: BARU | K18: K.TA - TERAPI AWAL | L18: =IF(ISNUMBER(SEARCH("*K.TA*",K18)),"TA KLINIK",IF(ISNUMBER(SEARCH("*K.PT*",K18)),"PAKET KLINIK",IF(ISNUMBER(SEARCH("*K.ST*",K18)),"SESI KLINIK",IF(ISNUMBER(SEARCH("*V.TA*",K18)),"TA VISIT",IF(ISNUMBER(SEARCH("*V.ST*",K18)),"SESI VISIT",IF(ISNUMBER(SEARCH("*V.PT*",K18)),"PAKET VISIT","LAINNYA")))))) -> TA KLINIK | M18: LUNAS | N18: 250000 | O18: 0 | P18: {=IFNA(XLOOKUP(K18,'⚙️ Pengaturan'!$E$2:$E800,'⚙️ Pengaturan'!$F$2:$F800),"")} -> 250000 | Q18: =IF(I18="","",(N18+O18)-P18) -> 0 | R18: TUNAI | S18: - | T18: TRUE
B19: 2123 | C19: NOPI | D19: 46025 | E19: =if(D19="","",text(D19,"YYY")) -> 2026 | F19: =if(D19="","",text(D19,"MM")&" "&text(D19,"MMM")) -> 01 Jan | G19: 21.00 | H19: DESTY | I19: RANDA ARZA SAPUTRA | K19: K.PT - PAKET 1 | L19: =IF(ISNUMBER(SEARCH("*K.TA*",K19)),"TA KLINIK",IF(ISNUMBER(SEARCH("*K.PT*",K19)),"PAKET KLINIK",IF(ISNUMBER(SEARCH("*K.ST*",K19)),"SESI KLINIK",IF(ISNUMBER(SEARCH("*V.TA*",K19)),"TA VISIT",IF(ISNUMBER(SEARCH("*V.ST*",K19)),"SESI VISIT",IF(ISNUMBER(SEARCH("*V.PT*",K19)),"PAKET VISIT","LAINNYA")))))) -> PAKET KLINIK | M19: PELUNASAN | N19: 450000 | O19: 200000 | P19: {=IFNA(XLOOKUP(K19,'⚙️ Pengaturan'!$E$2:$E800,'⚙️ Pengaturan'!$F$2:$F800),"")} -> 650000 | Q19: =IF(I19="","",(N19+O19)-P19) -> 0 | R19: TRANSFER BCA | S19: RANDA ARZA SAPUTRA | T19: TRUE
B20: 2124 | C20: NOPI | D20: 46025 | E20: =if(D20="","",text(D20,"YYY")) -> 2026 | F20: =if(D20="","",text(D20,"MM")&" "&text(D20,"MMM")) -> 01 Jan | G20: 21.00 | H20: PRITY | I20: PUTRI ATIKAH | J20: BARU | K20: K.TA - TERAPI AWAL | L20: =IF(ISNUMBER(SEARCH("*K.TA*",K20)),"TA KLINIK",IF(ISNUMBER(SEARCH("*K.PT*",K20)),"PAKET KLINIK",IF(ISNUMBER(SEARCH("*K.ST*",K20)),"SESI KLINIK",IF(ISNUMBER(SEARCH("*V.TA*",K20)),"TA VISIT",IF(ISNUMBER(SEARCH("*V.ST*",K20)),"SESI VISIT",IF(ISNUMBER(SEARCH("*V.PT*",K20)),"PAKET VISIT","LAINNYA")))))) -> TA KLINIK | M20: LUNAS | N20: 250000 | O20: 0 | P20: {=IFNA(XLOOKUP(K20,'⚙️ Pengaturan'!$E$2:$E800,'⚙️ Pengaturan'!$F$2:$F800),"")} -> 250000 | Q20: =IF(I20="","",(N20+O20)-P20) -> 0 | R20: TRANSFER BCA | S20: RACHMAT RIYANTO | T20: TRUE
B21: 2125 | C21: NOPI | D21: 46025 | E21: =if(D21="","",text(D21,"YYY")) -> 2026 | F21: =if(D21="","",text(D21,"MM")&" "&text(D21,"MMM")) -> 01 Jan | G21: 21.00 | H21: ORY | I21: WISNU WARDANA | K21: K.PT - PAKET 2 | L21: =IF(ISNUMBER(SEARCH("*K.TA*",K21)),"TA KLINIK",IF(ISNUMBER(SEARCH("*K.PT*",K21)),"PAKET KLINIK",IF(ISNUMBER(SEARCH("*K.ST*",K21)),"SESI KLINIK",IF(ISNUMBER(SEARCH("*V.TA*",K21)),"TA VISIT",IF(ISNUMBER(SEARCH("*V.ST*",K21)),"SESI VISIT",IF(ISNUMBER(SEARCH("*V.PT*",K21)),"PAKET VISIT","LAINNYA")))))) -> PAKET KLINIK | M21: LUNAS | N21: 1200000 | O21: 0 | P21: {=IFNA(XLOOKUP(K21,'⚙️ Pengaturan'!$E$2:$E800,'⚙️ Pengaturan'!$F$2:$F800),"")} -> 1200000 | Q21: =IF(I21="","",(N21+O21)-P21) -> 0 | R21: TRANSFER BCA | S21: WISNU WARDANA | T21: TRUE
B22: 2126 | C22: NOPI | D22: 46025 | E22: =if(D22="","",text(D22,"YYY")) -> 2026 | F22: =if(D22="","",text(D22,"MM")&" "&text(D22,"MMM")) -> 01 Jan | G22: 10.00 | H22: HESTI | I22: ISNINDAR | K22: K.ST - SESI TERAPI | L22: =IF(ISNUMBER(SEARCH("*K.TA*",K22)),"TA KLINIK",IF(ISNUMBER(SEARCH("*K.PT*",K22)),"PAKET KLINIK",IF(ISNUMBER(SEARCH("*K.ST*",K22)),"SESI KLINIK",IF(ISNUMBER(SEARCH("*V.TA*",K22)),"TA VISIT",IF(ISNUMBER(SEARCH("*V.ST*",K22)),"SESI VISIT",IF(ISNUMBER(SEARCH("*V.PT*",K22)),"PAKET VISIT","LAINNYA")))))) -> SESI KLINIK | M22: LUNAS | N22: 150000 | O22: 0 | P22: {=IFNA(XLOOKUP(K22,'⚙️ Pengaturan'!$E$2:$E800,'⚙️ Pengaturan'!$F$2:$F800),"")} -> 150000 | Q22: =IF(I22="","",(N22+O22)-P22) -> 0 | R22: TRANSFER BCA | S22: ISNINDAR | T22: TRUE
B23: 2127 | C23: NOPI | D23: 46025 | E23: =if(D23="","",text(D23,"YYY")) -> 2026 | F23: =if(D23="","",text(D23,"MM")&" "&text(D23,"MMM")) -> 01 Jan | G23: 15.00 | H23: HENA | I23: ATHA HANIF PRADIPTA | J23: BARU | K23: K.TA - TERAPI AWAL | L23: =IF(ISNUMBER(SEARCH("*K.TA*",K23)),"TA KLINIK",IF(ISNUMBER(SEARCH("*K.PT*",K23)),"PAKET KLINIK",IF(ISNUMBER(SEARCH("*K.ST*",K23)),"SESI KLINIK",IF(ISNUMBER(SEARCH("*V.TA*",K23)),"TA VISIT",IF(ISNUMBER(SEARCH("*V.ST*",K23)),"SESI VISIT",IF(ISNUMBER(SEARCH("*V.PT*",K23)),"PAKET VISIT","LAINNYA")))))) -> TA KLINIK | M23: LUNAS | N23: 250000 | O23: 0 | P23: {=IFNA(XLOOKUP(K23,'⚙️ Pengaturan'!$E$2:$E800,'⚙️ Pengaturan'!$F$2:$F800),"")} -> 250000 | Q23: =IF(I23="","",(N23+O23)-P23) -> 0 | R23: TRANSFER BCA | S23: ATHA HANIF PRADIPTA | T23: TRUE
B24: 2128 | C24: NOPI | D24: 46025 | E24: =if(D24="","",text(D24,"YYY")) -> 2026 | F24: =if(D24="","",text(D24,"MM")&" "&text(D24,"MMM")) -> 01 Jan | G24: 17.00 | H24: OKTA | I24: GALIH PITA LOKA | J24: BARU | K24: V.TA - TERAPI AWAL VISIT + JARAK | L24: =IF(ISNUMBER(SEARCH("*K.TA*",K24)),"TA KLINIK",IF(ISNUMBER(SEARCH("*K.PT*",K24)),"PAKET KLINIK",IF(ISNUMBER(SEARCH("*K.ST*",K24)),"SESI KLINIK",IF(ISNUMBER(SEARCH("*V.TA*",K24)),"TA VISIT",IF(ISNUMBER(SEARCH("*V.ST*",K24)),"SESI VISIT",IF(ISNUMBER(SEARCH("*V.PT*",K24)),"PAKET VISIT","LAINNYA")))))) -> TA VISIT | M24: LUNAS | N24: 350000 | O24: 0 | P24: {=IFNA(XLOOKUP(K24,'⚙️ Pengaturan'!$E$2:$E800,'⚙️ Pengaturan'!$F$2:$F800),"")} -> 350000 | Q24: =IF(I24="","",(N24+O24)-P24) -> 0 | R24: TRANSFER BCA | S24: GALIH PITA LOKA | T24: TRUE
B25: 2129 | C25: SUCI | D25: 46026 | E25: =if(D25="","",text(D25,"YYY")) -> 2026 | F25: =if(D25="","",text(D25,"MM")&" "&text(D25,"MMM")) -> 01 Jan | G25: 11.00 | H25: WAHYU | I25: WACHYU WIDAYAT | K25: K.PT - PAKET 1 | L25: =IF(ISNUMBER(SEARCH("*K.TA*",K25)),"TA KLINIK",IF(ISNUMBER(SEARCH("*K.PT*",K25)),"PAKET KLINIK",IF(ISNUMBER(SEARCH("*K.ST*",K25)),"SESI KLINIK",IF(ISNUMBER(SEARCH("*V.TA*",K25)),"TA VISIT",IF(ISNUMBER(SEARCH("*V.ST*",K25)),"SESI VISIT",IF(ISNUMBER(SEARCH("*V.PT*",K25)),"PAKET VISIT","LAINNYA")))))) -> PAKET KLINIK | M25: LUNAS | N25: 650000 | O25: 0 | P25: {=IFNA(XLOOKUP(K25,'⚙️ Pengaturan'!$E$2:$E800,'⚙️ Pengaturan'!$F$2:$F800),"")} -> 650000 | Q25: =IF(I25="","",(N25+O25)-P25) -> 0 | R25: TUNAI | S25: - | T25: TRUE
B26: 2130 | C26: SUCI | D26: 46026 | E26: =if(D26="","",text(D26,"YYY")) -> 2026 | F26: =if(D26="","",text(D26,"MM")&" "&text(D26,"MMM")) -> 01 Jan | G26: 12.00 | H26: DANI | I26: BELLY | J26: LANJUT | K26: K.PT - PAKET 1 | L26: =IF(ISNUMBER(SEARCH("*K.TA*",K26)),"TA KLINIK",IF(ISNUMBER(SEARCH("*K.PT*",K26)),"PAKET KLINIK",IF(ISNUMBER(SEARCH("*K.ST*",K26)),"SESI KLINIK",IF(ISNUMBER(SEARCH("*V.TA*",K26)),"TA VISIT",IF(ISNUMBER(SEARCH("*V.ST*",K26)),"SESI VISIT",IF(ISNUMBER(SEARCH("*V.PT*",K26)),"PAKET VISIT","LAINNYA")))))) -> PAKET KLINIK | M26: LUNAS | N26: 650000 | O26: 0 | P26: {=IFNA(XLOOKUP(K26,'⚙️ Pengaturan'!$E$2:$E800,'⚙️ Pengaturan'!$F$2:$F800),"")} -> 650000 | Q26: =IF(I26="","",(N26+O26)-P26) -> 0 | R26: TUNAI | S26: - | T26: TRUE
B27: 2131 | C27: SUCI | D27: 46026 | E27: =if(D27="","",text(D27,"YYY")) -> 2026 | F27: =if(D27="","",text(D27,"MM")&" "&text(D27,"MMM")) -> 01 Jan | G27: 12.00 | H27: HESTI | I27: WIWIK HARTATI | J27: BARU | K27: K.TA - TERAPI AWAL | L27: =IF(ISNUMBER(SEARCH("*K.TA*",K27)),"TA KLINIK",IF(ISNUMBER(SEARCH("*K.PT*",K27)),"PAKET KLINIK",IF(ISNUMBER(SEARCH("*K.ST*",K27)),"SESI KLINIK",IF(ISNUMBER(SEARCH("*V.TA*",K27)),"TA VISIT",IF(ISNUMBER(SEARCH("*V.ST*",K27)),"SESI VISIT",IF(ISNUMBER(SEARCH("*V.PT*",K27)),"PAKET VISIT","LAINNYA")))))) -> TA KLINIK | M27: LUNAS | N27: 250000 | O27: 0 | P27: {=IFNA(XLOOKUP(K27,'⚙️ Pengaturan'!$E$2:$E800,'⚙️ Pengaturan'!$F$2:$F800),"")} -> 250000 | Q27: =IF(I27="","",(N27+O27)-P27) -> 0 | R27: TRANSFER BCA | S27: WIWIK HARTATI | T27: TRUE
B28: 2133 | C28: NOPI | D28: 46026 | E28: =if(D28="","",text(D28,"YYY")) -> 2026 | F28: =if(D28="","",text(D28,"MM")&" "&text(D28,"MMM")) -> 01 Jan | G28: 18.00 | H28: AUL | I28: CHOTIBUL UMAMI | J28: BARU | K28: K.TA - TERAPI AWAL | L28: =IF(ISNUMBER(SEARCH("*K.TA*",K28)),"TA KLINIK",IF(ISNUMBER(SEARCH("*K.PT*",K28)),"PAKET KLINIK",IF(ISNUMBER(SEARCH("*K.ST*",K28)),"SESI KLINIK",IF(ISNUMBER(SEARCH("*V.TA*",K28)),"TA VISIT",IF(ISNUMBER(SEARCH("*V.ST*",K28)),"SESI VISIT",IF(ISNUMBER(SEARCH("*V.PT*",K28)),"PAKET VISIT","LAINNYA")))))) -> TA KLINIK | M28: LUNAS | N28: 250000 | O28: 0 | P28: {=IFNA(XLOOKUP(K28,'⚙️ Pengaturan'!$E$2:$E800,'⚙️ Pengaturan'!$F$2:$F800),"")} -> 250000 | Q28: =IF(I28="","",(N28+O28)-P28) -> 0 | R28: TRANSFER BCA | S28: NIDYA RISWANDA TRISMA W | T28: TRUE
B29: 2134 | C29: NOPI | D29: 46026 | E29: =if(D29="","",text(D29,"YYY")) -> 2026 | F29: =if(D29="","",text(D29,"MM")&" "&text(D29,"MMM")) -> 01 Jan | G29: 20.00 | H29: PRITY | I29: EMMA | K29: K.ST - SESI TERAPI | L29: =IF(ISNUMBER(SEARCH("*K.TA*",K29)),"TA KLINIK",IF(ISNUMBER(SEARCH("*K.PT*",K29)),"PAKET KLINIK",IF(ISNUMBER(SEARCH("*K.ST*",K29)),"SESI KLINIK",IF(ISNUMBER(SEARCH("*V.TA*",K29)),"TA VISIT",IF(ISNUMBER(SEARCH("*V.ST*",K29)),"SESI VISIT",IF(ISNUMBER(SEARCH("*V.PT*",K29)),"PAKET VISIT","LAINNYA")))))) -> SESI KLINIK | M29: LUNAS | N29: 150000 | O29: 0 | P29: {=IFNA(XLOOKUP(K29,'⚙️ Pengaturan'!$E$2:$E800,'⚙️ Pengaturan'!$F$2:$F800),"")} -> 150000 | Q29: =IF(I29="","",(N29+O29)-P29) -> 0 | R29: TUNAI | S29: - | T29: TRUE
B30: 2135 | C30: NOPI | D30: 46026 | E30: =if(D30="","",text(D30,"YYY")) -> 2026 | F30: =if(D30="","",text(D30,"MM")&" "&text(D30,"MMM")) -> 01 Jan | G30: 20.00 | H30: PRITY | I30: EMMA | K30: K.ST - SESI TERAPI | L30: =IF(ISNUMBER(SEARCH("*K.TA*",K30)),"TA KLINIK",IF(ISNUMBER(SEARCH("*K.PT*",K30)),"PAKET KLINIK",IF(ISNUMBER(SEARCH("*K.ST*",K30)),"SESI KLINIK",IF(ISNUMBER(SEARCH("*V.TA*",K30)),"TA VISIT",IF(ISNUMBER(SEARCH("*V.ST*",K30)),"SESI VISIT",IF(ISNUMBER(SEARCH("*V.PT*",K30)),"PAKET VISIT","LAINNYA")))))) -> SESI KLINIK | M30: LUNAS | N30: 150000 | O30: 0 | P30: {=IFNA(XLOOKUP(K30,'⚙️ Pengaturan'!$E$2:$E800,'⚙️ Pengaturan'!$F$2:$F800),"")} -> 150000 | Q30: =IF(I30="","",(N30+O30)-P30) -> 0 | R30: TUNAI | S30: - | T30: TRUE
B31: 2136 | C31: NOPI | D31: 46026 | E31: =if(D31="","",text(D31,"YYY")) -> 2026 | F31: =if(D31="","",text(D31,"MM")&" "&text(D31,"MMM")) -> 01 Jan | G31: 20.00 | H31: DESTY | I31: KOLENIUS KOLAI | K31: K.ST - SESI TERAPI | L31: =IF(ISNUMBER(SEARCH("*K.TA*",K31)),"TA KLINIK",IF(ISNUMBER(SEARCH("*K.PT*",K31)),"PAKET KLINIK",IF(ISNUMBER(SEARCH("*K.ST*",K31)),"SESI KLINIK",IF(ISNUMBER(SEARCH("*V.TA*",K31)),"TA VISIT",IF(ISNUMBER(SEARCH("*V.ST*",K31)),"SESI VISIT",IF(ISNUMBER(SEARCH("*V.PT*",K31)),"PAKET VISIT","LAINNYA")))))) -> SESI KLINIK | M31: LUNAS | N31: 150000 | O31: 0 | P31: {=IFNA(XLOOKUP(K31,'⚙️ Pengaturan'!$E$2:$E800,'⚙️ Pengaturan'!$F$2:$F800),"")} -> 150000 | Q31: =IF(I31="","",(N31+O31)-P31) -> 0 | R31: TUNAI | S31: - | T31: TRUE
B32: 2137 | C32: NOPI | D32: 46026 | E32: =if(D32="","",text(D32,"YYY")) -> 2026 | F32: =if(D32="","",text(D32,"MM")&" "&text(D32,"MMM")) -> 01 Jan | G32: 20.00 | H32: DESTY | I32: KOLENIUS KOLAI | K32: K.ST - SESI TERAPI | L32: =IF(ISNUMBER(SEARCH("*K.TA*",K32)),"TA KLINIK",IF(ISNUMBER(SEARCH("*K.PT*",K32)),"PAKET KLINIK",IF(ISNUMBER(SEARCH("*K.ST*",K32)),"SESI KLINIK",IF(ISNUMBER(SEARCH("*V.TA*",K32)),"TA VISIT",IF(ISNUMBER(SEARCH("*V.ST*",K32)),"SESI VISIT",IF(ISNUMBER(SEARCH("*V.PT*",K32)),"PAKET VISIT","LAINNYA")))))) -> SESI KLINIK | M32: LUNAS | N32: 150000 | O32: 0 | P32: {=IFNA(XLOOKUP(K32,'⚙️ Pengaturan'!$E$2:$E800,'⚙️ Pengaturan'!$F$2:$F800),"")} -> 150000 | Q32: =IF(I32="","",(N32+O32)-P32) -> 0 | R32: TUNAI | S32: - | T32: TRUE
B33: 2138 | C33: NOPI | D33: 46026 | E33: =if(D33="","",text(D33,"YYY")) -> 2026 | F33: =if(D33="","",text(D33,"MM")&" "&text(D33,"MMM")) -> 01 Jan | G33: 20.00 | H33: ORY | I33: MUHAMMAD FADHIL RAMADHANI | J33: BARU | K33: K.TA - TERAPI AWAL | L33: =IF(ISNUMBER(SEARCH("*K.TA*",K33)),"TA KLINIK",IF(ISNUMBER(SEARCH("*K.PT*",K33)),"PAKET KLINIK",IF(ISNUMBER(SEARCH("*K.ST*",K33)),"SESI KLINIK",IF(ISNUMBER(SEARCH("*V.TA*",K33)),"TA VISIT",IF(ISNUMBER(SEARCH("*V.ST*",K33)),"SESI VISIT",IF(ISNUMBER(SEARCH("*V.PT*",K33)),"PAKET VISIT","LAINNYA")))))) -> TA KLINIK | M33: LUNAS | N33: 250000 | O33: 0 | P33: {=IFNA(XLOOKUP(K33,'⚙️ Pengaturan'!$E$2:$E800,'⚙️ Pengaturan'!$F$2:$F800),"")} -> 250000 | Q33: =IF(I33="","",(N33+O33)-P33) -> 0 | R33: TRANSFER BCA | S33: MUHAMMAD FADHIL RAMADHANI | T33: TRUE
B34: 2139 | C34: NOPI | D34: 46026 | E34: =if(D34="","",text(D34,"YYY")) -> 2026 | F34: =if(D34="","",text(D34,"MM")&" "&text(D34,"MMM")) -> 01 Jan | G34: 20.00 | H34: AUL | I34: ANDRI DOS SANTOS | K34: K.ST - SESI TERAPI | L34: =IF(ISNUMBER(SEARCH("*K.TA*",K34)),"TA KLINIK",IF(ISNUMBER(SEARCH("*K.PT*",K34)),"PAKET KLINIK",IF(ISNUMBER(SEARCH("*K.ST*",K34)),"SESI KLINIK",IF(ISNUMBER(SEARCH("*V.TA*",K34)),"TA VISIT",IF(ISNUMBER(SEARCH("*V.ST*",K34)),"SESI VISIT",IF(ISNUMBER(SEARCH("*V.PT*",K34)),"PAKET VISIT","LAINNYA")))))) -> SESI KLINIK | M34: LUNAS | N34: 150000 | O34: 0 | P34: {=IFNA(XLOOKUP(K34,'⚙️ Pengaturan'!$E$2:$E800,'⚙️ Pengaturan'!$F$2:$F800),"")} -> 150000 | Q34: =IF(I34="","",(N34+O34)-P34) -> 0 | R34: TRANSFER BCA | S34: ANDRI DOS SANTOS | T34: TRUE
B35: 2140 | C35: SUCI | D35: 46026 | E35: =if(D35="","",text(D35,"YYY")) -> 2026 | F35: =if(D35="","",text(D35,"MM")&" "&text(D35,"MMM")) -> 01 Jan | G35: 14.00 | H35: HENA | I35: ELISABETH SUTINI | J35: BARU | K35: K.TA - TERAPI AWAL | L35: =IF(ISNUMBER(SEARCH("*K.TA*",K35)),"TA KLINIK",IF(ISNUMBER(SEARCH("*K.PT*",K35)),"PAKET KLINIK",IF(ISNUMBER(SEARCH("*K.ST*",K35)),"SESI KLINIK",IF(ISNUMBER(SEARCH("*V.TA*",K35)),"TA VISIT",IF(ISNUMBER(SEARCH("*V.ST*",K35)),"SESI VISIT",IF(ISNUMBER(SEARCH("*V.PT*",K35)),"PAKET VISIT","LAINNYA")))))) -> TA KLINIK | M35: LUNAS | N35: 250000 | O35: 0 | P35: {=IFNA(XLOOKUP(K35,'⚙️ Pengaturan'!$E$2:$E800,'⚙️ Pengaturan'!$F$2:$F800),"")} -> 250000 | Q35: =IF(I35="","",(N35+O35)-P35) -> 0 | R35: TRANSFER BCA | S35: YASINTA | T35: TRUE
B36: 2141 | C36: SUCI | D36: 46027 | E36: =if(D36="","",text(D36,"YYY")) -> 2026 | F36: =if(D36="","",text(D36,"MM")&" "&text(D36,"MMM")) -> 01 Jan | G36: 10.00 | H36: ORY | I36: DARMANSYAH | J36: BARU | K36: K.TA - TERAPI AWAL | L36: =IF(ISNUMBER(SEARCH("*K.TA*",K36)),"TA KLINIK",IF(ISNUMBER(SEARCH("*K.PT*",K36)),"PAKET KLINIK",IF(ISNUMBER(SEARCH("*K.ST*",K36)),"SESI KLINIK",IF(ISNUMBER(SEARCH("*V.TA*",K36)),"TA VISIT",IF(ISNUMBER(SEARCH("*V.ST*",K36)),"SESI VISIT",IF(ISNUMBER(SEARCH("*V.PT*",K36)),"PAKET VISIT","LAINNYA")))))) -> TA KLINIK | M36: LUNAS | N36: 250000 | O36: 0 | P36: {=IFNA(XLOOKUP(K36,'⚙️ Pengaturan'!$E$2:$E800,'⚙️ Pengaturan'!$F$2:$F800),"")} -> 250000 | Q36: =IF(I36="","",(N36+O36)-P36) -> 0 | R36: TUNAI | S36: - | T36: TRUE
B37: 2142 | C37: SUCI | D37: 46027 | E37: =if(D37="","",text(D37,"YYY")) -> 2026 | F37: =if(D37="","",text(D37,"MM")&" "&text(D37,"MMM")) -> 01 Jan | G37: 10.00 | H37: DESTY | I37: K. E. ANANTA UTAMI | K37: K.PT - PAKET 1 | L37: =IF(ISNUMBER(SEARCH("*K.TA*",K37)),"TA KLINIK",IF(ISNUMBER(SEARCH("*K.PT*",K37)),"PAKET KLINIK",IF(ISNUMBER(SEARCH("*K.ST*",K37)),"SESI KLINIK",IF(ISNUMBER(SEARCH("*V.TA*",K37)),"TA VISIT",IF(ISNUMBER(SEARCH("*V.ST*",K37)),"SESI VISIT",IF(ISNUMBER(SEARCH("*V.PT*",K37)),"PAKET VISIT","LAINNYA")))))) -> PAKET KLINIK | M37: DP | N37: 200000 | O37: 0 | P37: {=IFNA(XLOOKUP(K37,'⚙️ Pengaturan'!$E$2:$E800,'⚙️ Pengaturan'!$F$2:$F800),"")} -> 650000 | Q37: =IF(I37="","",(N37+O37)-P37) -> -450000 | R37: EDC BCA | S37: ANANTA UTAMI | T37: TRUE
B38: 2143 | C38: SUCI | D38: 46027 | E38: =if(D38="","",text(D38,"YYY")) -> 2026 | F38: =if(D38="","",text(D38,"MM")&" "&text(D38,"MMM")) -> 01 Jan | G38: 10.00 | H38: PRITY | I38: SHELSY MELANY | K38: K.PT - PAKET 2 | L38: =IF(ISNUMBER(SEARCH("*K.TA*",K38)),"TA KLINIK",IF(ISNUMBER(SEARCH("*K.PT*",K38)),"PAKET KLINIK",IF(ISNUMBER(SEARCH("*K.ST*",K38)),"SESI KLINIK",IF(ISNUMBER(SEARCH("*V.TA*",K38)),"TA VISIT",IF(ISNUMBER(SEARCH("*V.ST*",K38)),"SESI VISIT",IF(ISNUMBER(SEARCH("*V.PT*",K38)),"PAKET VISIT","LAINNYA")))))) -> PAKET KLINIK | M38: DP | N38: 500000 | O38: 0 | P38: {=IFNA(XLOOKUP(K38,'⚙️ Pengaturan'!$E$2:$E800,'⚙️ Pengaturan'!$F$2:$F800),"")} -> 1200000 | Q38: =IF(I38="","",(N38+O38)-P38) -> -700000 | R38: TUNAI | S38: - | T38: TRUE
B39: 2144 | C39: SUCI | D39: 46027 | E39: =if(D39="","",text(D39,"YYY")) -> 2026 | F39: =if(D39="","",text(D39,"MM")&" "&text(D39,"MMM")) -> 01 Jan | G39: 11.00 | H39: DANI | I39: JUVENTYA | J39: BARU | K39: K.TA - TERAPI AWAL | L39: =IF(ISNUMBER(SEARCH("*K.TA*",K39)),"TA KLINIK",IF(ISNUMBER(SEARCH("*K.PT*",K39)),"PAKET KLINIK",IF(ISNUMBER(SEARCH("*K.ST*",K39)),"SESI KLINIK",IF(ISNUMBER(SEARCH("*V.TA*",K39)),"TA VISIT",IF(ISNUMBER(SEARCH("*V.ST*",K39)),"SESI VISIT",IF(ISNUMBER(SEARCH("*V.PT*",K39)),"PAKET VISIT","LAINNYA")))))) -> TA KLINIK | M39: LUNAS | N39: 250000 | O39: 0 | P39: {=IFNA(XLOOKUP(K39,'⚙️ Pengaturan'!$E$2:$E800,'⚙️ Pengaturan'!$F$2:$F800),"")} -> 250000 | Q39: =IF(I39="","",(N39+O39)-P39) -> 0 | R39: TUNAI | S39: - | T39: TRUE
B40: 2145 | C40: SUCI | D40: 46027 | E40: =if(D40="","",text(D40,"YYY")) -> 2026 | F40: =if(D40="","",text(D40,"MM")&" "&text(D40,"MMM")) -> 01 Jan | G40: 13.00 | H40: ORY | I40: TJONG LIE TJHIUN ALS SUKIMAN | K40: K.PT - PAKET 1 | L40: =IF(ISNUMBER(SEARCH("*K.TA*",K40)),"TA KLINIK",IF(ISNUMBER(SEARCH("*K.PT*",K40)),"PAKET KLINIK",IF(ISNUMBER(SEARCH("*K.ST*",K40)),"SESI KLINIK",IF(ISNUMBER(SEARCH("*V.TA*",K40)),"TA VISIT",IF(ISNUMBER(SEARCH("*V.ST*",K40)),"SESI VISIT",IF(ISNUMBER(SEARCH("*V.PT*",K40)),"PAKET VISIT","LAINNYA")))))) -> PAKET KLINIK | M40: DP | N40: 200000 | O40: 0 | P40: {=IFNA(XLOOKUP(K40,'⚙️ Pengaturan'!$E$2:$E800,'⚙️ Pengaturan'!$F$2:$F800),"")} -> 650000 | Q40: =IF(I40="","",(N40+O40)-P40) -> -450000 | R40: TUNAI | S40: - | T40: TRUE
B41: 2146 | C41: NOPI | D41: 46027 | E41: =if(D41="","",text(D41,"YYY")) -> 2026 | F41: =if(D41="","",text(D41,"MM")&" "&text(D41,"MMM")) -> 01 Jan | G41: 15.00 | H41: HENA | I41: ATHA HANIF PRADIPTA | K41: K.PT - PAKET 1 | L41: =IF(ISNUMBER(SEARCH("*K.TA*",K41)),"TA KLINIK",IF(ISNUMBER(SEARCH("*K.PT*",K41)),"PAKET KLINIK",IF(ISNUMBER(SEARCH("*K.ST*",K41)),"SESI KLINIK",IF(ISNUMBER(SEARCH("*V.TA*",K41)),"TA VISIT",IF(ISNUMBER(SEARCH("*V.ST*",K41)),"SESI VISIT",IF(ISNUMBER(SEARCH("*V.PT*",K41)),"PAKET VISIT","LAINNYA")))))) -> PAKET KLINIK | M41: LUNAS | N41: 650000 | O41: 0 | P41: {=IFNA(XLOOKUP(K41,'⚙️ Pengaturan'!$E$2:$E800,'⚙️ Pengaturan'!$F$2:$F800),"")} -> 650000 | Q41: =IF(I41="","",(N41+O41)-P41) -> 0 | R41: TRANSFER BCA | S41: DWI RACHMAWAN | T41: TRUE
B42: 2147 | C42: NOPI | D42: 46027 | E42: =if(D42="","",text(D42,"YYY")) -> 2026 | F42: =if(D42="","",text(D42,"MM")&" "&text(D42,"MMM")) -> 01 Jan | G42: 16.00 | H42: DESTY | I42: PUTRI ATIKAH | K42: V.ST - SESI VISIT | L42: =IF(ISNUMBER(SEARCH("*K.TA*",K42)),"TA KLINIK",IF(ISNUMBER(SEARCH("*K.PT*",K42)),"PAKET KLINIK",IF(ISNUMBER(SEARCH("*K.ST*",K42)),"SESI KLINIK",IF(ISNUMBER(SEARCH("*V.TA*",K42)),"TA VISIT",IF(ISNUMBER(SEARCH("*V.ST*",K42)),"SESI VISIT",IF(ISNUMBER(SEARCH("*V.PT*",K42)),"PAKET VISIT","LAINNYA")))))) -> SESI VISIT | M42: LUNAS | N42: 200000 | O42: 0 | P42: {=IFNA(XLOOKUP(K42,'⚙️ Pengaturan'!$E$2:$E800,'⚙️ Pengaturan'!$F$2:$F800),"")} -> 200000 | Q42: =IF(I42="","",(N42+O42)-P42) -> 0 | R42: TRANSFER BCA | S42: PUTRI ATIKAH | T42: TRUE
B43: 2148 | C43: NOPI | D43: 46027 | E43: =if(D43="","",text(D43,"YYY")) -> 2026 | F43: =if(D43="","",text(D43,"MM")&" "&text(D43,"MMM")) -> 01 Jan | G43: 16.00 | H43: AUL | I43: HASNAWATI | J43: BARU | K43: V.TA - TERAPI AWAL VISIT + JARAK | L43: =IF(ISNUMBER(SEARCH("*K.TA*",K43)),"TA KLINIK",IF(ISNUMBER(SEARCH("*K.PT*",K43)),"PAKET KLINIK",IF(ISNUMBER(SEARCH("*K.ST*",K43)),"SESI KLINIK",IF(ISNUMBER(SEARCH("*V.TA*",K43)),"TA VISIT",IF(ISNUMBER(SEARCH("*V.ST*",K43)),"SESI VISIT",IF(ISNUMBER(SEARCH("*V.PT*",K43)),"PAKET VISIT","LAINNYA")))))) -> TA VISIT | M43: LUNAS | N43: 350000 | O43: 0 | P43: {=IFNA(XLOOKUP(K43,'⚙️ Pengaturan'!$E$2:$E800,'⚙️ Pengaturan'!$F$2:$F800),"")} -> 350000 | Q43: =IF(I43="","",(N43+O43)-P43) -> 0 | R43: TRANSFER BCA | S43: NOVI ASMARANI | T43: TRUE
B44: 2149 | C44: NOPI | D44: 46027 | E44: =if(D44="","",text(D44,"YYY")) -> 2026 | F44: =if(D44="","",text(D44,"MM")&" "&text(D44,"MMM")) -> 01 Jan | G44: 16.00 | H44: WAHYU | I44: KOLENIUS KOLAI | K44: K.ST - SESI TERAPI | L44: =IF(ISNUMBER(SEARCH("*K.TA*",K44)),"TA KLINIK",IF(ISNUMBER(SEARCH("*K.PT*",K44)),"PAKET KLINIK",IF(ISNUMBER(SEARCH("*K.ST*",K44)),"SESI KLINIK",IF(ISNUMBER(SEARCH("*V.TA*",K44)),"TA VISIT",IF(ISNUMBER(SEARCH("*V.ST*",K44)),"SESI VISIT",IF(ISNUMBER(SEARCH("*V.PT*",K44)),"PAKET VISIT","LAINNYA")))))) -> SESI KLINIK | M44: LUNAS | N44: 150000 | O44: 0 | P44: {=IFNA(XLOOKUP(K44,'⚙️ Pengaturan'!$E$2:$E800,'⚙️ Pengaturan'!$F$2:$F800),"")} -> 150000 | Q44: =IF(I44="","",(N44+O44)-P44) -> 0 | R44: TUNAI | S44: - | T44: TRUE
B45: 2150 | C45: NOPI | D45: 46027 | E45: =if(D45="","",text(D45,"YYY")) -> 2026 | F45: =if(D45="","",text(D45,"MM")&" "&text(D45,"MMM")) -> 01 Jan | G45: 16.00 | H45: HENA | I45: EMMA | K45: K.ST - SESI TERAPI | L45: =IF(ISNUMBER(SEARCH("*K.TA*",K45)),"TA KLINIK",IF(ISNUMBER(SEARCH("*K.PT*",K45)),"PAKET KLINIK",IF(ISNUMBER(SEARCH("*K.ST*",K45)),"SESI KLINIK",IF(ISNUMBER(SEARCH("*V.TA*",K45)),"TA VISIT",IF(ISNUMBER(SEARCH("*V.ST*",K45)),"SESI VISIT",IF(ISNUMBER(SEARCH("*V.PT*",K45)),"PAKET VISIT","LAINNYA")))))) -> SESI KLINIK | M45: LUNAS | N45: 150000 | O45: 0 | P45: {=IFNA(XLOOKUP(K45,'⚙️ Pengaturan'!$E$2:$E800,'⚙️ Pengaturan'!$F$2:$F800),"")} -> 150000 | Q45: =IF(I45="","",(N45+O45)-P45) -> 0 | R45: TUNAI | S45: - | T45: TRUE
B46: 2151 | C46: NOPI | D46: 46027 | E46: =if(D46="","",text(D46,"YYY")) -> 2026 | F46: =if(D46="","",text(D46,"MM")&" "&text(D46,"MMM")) -> 01 Jan | G46: 17.00 | H46: WAHYU | I46: KOLENIUS KOLAI | K46: K.ST - SESI TERAPI | L46: =IF(ISNUMBER(SEARCH("*K.TA*",K46)),"TA KLINIK",IF(ISNUMBER(SEARCH("*K.PT*",K46)),"PAKET KLINIK",IF(ISNUMBER(SEARCH("*K.ST*",K46)),"SESI KLINIK",IF(ISNUMBER(SEARCH("*V.TA*",K46)),"TA VISIT",IF(ISNUMBER(SEARCH("*V.ST*",K46)),"SESI VISIT",IF(ISNUMBER(SEARCH("*V.PT*",K46)),"PAKET VISIT","LAINNYA")))))) -> SESI KLINIK | M46: LUNAS | N46: 150000 | O46: 0 | P46: {=IFNA(XLOOKUP(K46,'⚙️ Pengaturan'!$E$2:$E800,'⚙️ Pengaturan'!$F$2:$F800),"")} -> 150000 | Q46: =IF(I46="","",(N46+O46)-P46) -> 0 | R46: TUNAI | S46: - | T46: TRUE
B47: 2152 | C47: NOPI | D47: 46027 | E47: =if(D47="","",text(D47,"YYY")) -> 2026 | F47: =if(D47="","",text(D47,"MM")&" "&text(D47,"MMM")) -> 01 Jan | G47: 17.00 | H47: HENA | I47: EMMA | K47: K.ST - SESI TERAPI | L47: =IF(ISNUMBER(SEARCH("*K.TA*",K47)),"TA KLINIK",IF(ISNUMBER(SEARCH("*K.PT*",K47)),"PAKET KLINIK",IF(ISNUMBER(SEARCH("*K.ST*",K47)),"SESI KLINIK",IF(ISNUMBER(SEARCH("*V.TA*",K47)),"TA VISIT",IF(ISNUMBER(SEARCH("*V.ST*",K47)),"SESI VISIT",IF(ISNUMBER(SEARCH("*V.PT*",K47)),"PAKET VISIT","LAINNYA")))))) -> SESI KLINIK | M47: LUNAS | N47: 150000 | O47: 0 | P47: {=IFNA(XLOOKUP(K47,'⚙️ Pengaturan'!$E$2:$E800,'⚙️ Pengaturan'!$F$2:$F800),"")} -> 150000 | Q47: =IF(I47="","",(N47+O47)-P47) -> 0 | R47: TUNAI | S47: - | T47: TRUE
B48: 2153 | C48: NOPI | D48: 46027 | E48: =if(D48="","",text(D48,"YYY")) -> 2026 | F48: =if(D48="","",text(D48,"MM")&" "&text(D48,"MMM")) -> 01 Jan | G48: 17.00 | H48: OKTA | I48: ANDIANA MARJAYANTI | K48: K.ST - SESI TERAPI | L48: =IF(ISNUMBER(SEARCH("*K.TA*",K48)),"TA KLINIK",IF(ISNUMBER(SEARCH("*K.PT*",K48)),"PAKET KLINIK",IF(ISNUMBER(SEARCH("*K.ST*",K48)),"SESI KLINIK",IF(ISNUMBER(SEARCH("*V.TA*",K48)),"TA VISIT",IF(ISNUMBER(SEARCH("*V.ST*",K48)),"SESI VISIT",IF(ISNUMBER(SEARCH("*V.PT*",K48)),"PAKET VISIT","LAINNYA")))))) -> SESI KLINIK | M48: LUNAS | N48: 150000 | O48: 0 | P48: {=IFNA(XLOOKUP(K48,'⚙️ Pengaturan'!$E$2:$E800,'⚙️ Pengaturan'!$F$2:$F800),"")} -> 150000 | Q48: =IF(I48="","",(N48+O48)-P48) -> 0 | R48: TRANSFER BCA | S48: ANDIANA MARJAYANTI | T48: TRUE
B49: 2154 | C49: NOPI | D49: 46027 | E49: =if(D49="","",text(D49,"YYY")) -> 2026 | F49: =if(D49="","",text(D49,"MM")&" "&text(D49,"MMM")) -> 01 Jan | G49: 19.00 | H49: HENA | I49: CINTHYA TANJAYA | K49: K.PT - PAKET 1 | L49: =IF(ISNUMBER(SEARCH("*K.TA*",K49)),"TA KLINIK",IF(ISNUMBER(SEARCH("*K.PT*",K49)),"PAKET KLINIK",IF(ISNUMBER(SEARCH("*K.ST*",K49)),"SESI KLINIK",IF(ISNUMBER(SEARCH("*V.TA*",K49)),"TA VISIT",IF(ISNUMBER(SEARCH("*V.ST*",K49)),"SESI VISIT",IF(ISNUMBER(SEARCH("*V.PT*",K49)),"PAKET VISIT","LAINNYA")))))) -> PAKET KLINIK | M49: DP | N49: 200000 | O49: 0 | P49: {=IFNA(XLOOKUP(K49,'⚙️ Pengaturan'!$E$2:$E800,'⚙️ Pengaturan'!$F$2:$F800),"")} -> 650000 | Q49: =IF(I49="","",(N49+O49)-P49) -> -450000 | R49: TRANSFER BCA | S49: CINTHYA TANJAYA | T49: TRUE
B50: 2155 | C50: NOPI | D50: 46027 | E50: =if(D50="","",text(D50,"YYY")) -> 2026 | F50: =if(D50="","",text(D50,"MM")&" "&text(D50,"MMM")) -> 01 Jan | G50: 20.00 | H50: HESTI | I50: FEDRICK JONATAN | J50: BARU | K50: K.TA - TERAPI AWAL | L50: =IF(ISNUMBER(SEARCH("*K.TA*",K50)),"TA KLINIK",IF(ISNUMBER(SEARCH("*K.PT*",K50)),"PAKET KLINIK",IF(ISNUMBER(SEARCH("*K.ST*",K50)),"SESI KLINIK",IF(ISNUMBER(SEARCH("*V.TA*",K50)),"TA VISIT",IF(ISNUMBER(SEARCH("*V.ST*",K50)),"SESI VISIT",IF(ISNUMBER(SEARCH("*V.PT*",K50)),"PAKET VISIT","LAINNYA")))))) -> TA KLINIK | M50: LUNAS | N50: 250000 | O50: 0 | P50: {=IFNA(XLOOKUP(K50,'⚙️ Pengaturan'!$E$2:$E800,'⚙️ Pengaturan'!$F$2:$F800),"")} -> 250000 | Q50: =IF(I50="","",(N50+O50)-P50) -> 0 | R50: TUNAI | S50: - | T50: TRUE
B51: 2156 | C51: NOPI | D51: 46027 | E51: =if(D51="","",text(D51,"YYY")) -> 2026 | F51: =if(D51="","",text(D51,"MM")&" "&text(D51,"MMM")) -> 01 Jan | G51: 20.00 | H51: HENA | I51: LIM OI KHIUN ALS RIANA | J51: BARU | K51: K.TA - TERAPI AWAL | L51: =IF(ISNUMBER(SEARCH("*K.TA*",K51)),"TA KLINIK",IF(ISNUMBER(SEARCH("*K.PT*",K51)),"PAKET KLINIK",IF(ISNUMBER(SEARCH("*K.ST*",K51)),"SESI KLINIK",IF(ISNUMBER(SEARCH("*V.TA*",K51)),"TA VISIT",IF(ISNUMBER(SEARCH("*V.ST*",K51)),"SESI VISIT",IF(ISNUMBER(SEARCH("*V.PT*",K51)),"PAKET VISIT","LAINNYA")))))) -> TA KLINIK | M51: LUNAS | N51: 250000 | O51: 0 | P51: {=IFNA(XLOOKUP(K51,'⚙️ Pengaturan'!$E$2:$E800,'⚙️ Pengaturan'!$F$2:$F800),"")} -> 250000 | Q51: =IF(I51="","",(N51+O51)-P51) -> 0 | R51: TRANSFER BCA | S51: YUNICA | T51: TRUE
B52: 2157 | C52: NOPI | D52: 46027 | E52: =if(D52="","",text(D52,"YYY")) -> 2026 | F52: =if(D52="","",text(D52,"MM")&" "&text(D52,"MMM")) -> 01 Jan | G52: 20.00 | H52: HENA | I52: LIM OI KHIUN ALS RIANA | K52: K.PT - PAKET 1 | L52: =IF(ISNUMBER(SEARCH("*K.TA*",K52)),"TA KLINIK",IF(ISNUMBER(SEARCH("*K.PT*",K52)),"PAKET KLINIK",IF(ISNUMBER(SEARCH("*K.ST*",K52)),"SESI KLINIK",IF(ISNUMBER(SEARCH("*V.TA*",K52)),"TA VISIT",IF(ISNUMBER(SEARCH("*V.ST*",K52)),"SESI VISIT",IF(ISNUMBER(SEARCH("*V.PT*",K52)),"PAKET VISIT","LAINNYA")))))) -> PAKET KLINIK | M52: LUNAS | N52: 650000 | O52: 0 | P52: {=IFNA(XLOOKUP(K52,'⚙️ Pengaturan'!$E$2:$E800,'⚙️ Pengaturan'!$F$2:$F800),"")} -> 650000 | Q52: =IF(I52="","",(N52+O52)-P52) -> 0 | R52: TRANSFER BCA | S52: YUNICA | T52: TRUE
B53: 2158 | C53: NOPI | D53: 46027 | E53: =if(D53="","",text(D53,"YYY")) -> 2026 | F53: =if(D53="","",text(D53,"MM")&" "&text(D53,"MMM")) -> 01 Jan | G53: 20.00 | H53: WAHYU | I53: TAN TJHUN TIE ALS ROBERT | J53: LANJUT | K53: K.PT - PAKET 1 | L53: =IF(ISNUMBER(SEARCH("*K.TA*",K53)),"TA KLINIK",IF(ISNUMBER(SEARCH("*K.PT*",K53)),"PAKET KLINIK",IF(ISNUMBER(SEARCH("*K.ST*",K53)),"SESI KLINIK",IF(ISNUMBER(SEARCH("*V.TA*",K53)),"TA VISIT",IF(ISNUMBER(SEARCH("*V.ST*",K53)),"SESI VISIT",IF(ISNUMBER(SEARCH("*V.PT*",K53)),"PAKET VISIT","LAINNYA")))))) -> PAKET KLINIK | M53: LUNAS | N53: 650000 | O53: 0 | P53: {=IFNA(XLOOKUP(K53,'⚙️ Pengaturan'!$E$2:$E800,'⚙️ Pengaturan'!$F$2:$F800),"")} -> 650000 | Q53: =IF(I53="","",(N53+O53)-P53) -> 0 | R53: TRANSFER BCA | S53: YUNICA | T53: TRUE
B54: 2159 | C54: NOPI | D54: 46028 | E54: =if(D54="","",text(D54,"YYY")) -> 2026 | F54: =if(D54="","",text(D54,"MM")&" "&text(D54,"MMM")) -> 01 Jan | G54: 09.00 | H54: WAHYU | I54: BENI SETIYANTO | J54: BARU | K54: K.TA - TERAPI AWAL | L54: =IF(ISNUMBER(SEARCH("*K.TA*",K54)),"TA KLINIK",IF(ISNUMBER(SEARCH("*K.PT*",K54)),"PAKET KLINIK",IF(ISNUMBER(SEARCH("*K.ST*",K54)),"SESI KLINIK",IF(ISNUMBER(SEARCH("*V.TA*",K54)),"TA VISIT",IF(ISNUMBER(SEARCH("*V.ST*",K54)),"SESI VISIT",IF(ISNUMBER(SEARCH("*V.PT*",K54)),"PAKET VISIT","LAINNYA")))))) -> TA KLINIK | M54: LUNAS | N54: 250000 | O54: 0 | P54: {=IFNA(XLOOKUP(K54,'⚙️ Pengaturan'!$E$2:$E800,'⚙️ Pengaturan'!$F$2:$F800),"")} -> 250000 | Q54: =IF(I54="","",(N54+O54)-P54) -> 0 | R54: TRANSFER BCA | S54: BENI SETIYANTO | T54: TRUE
B55: 2160 | C55: NOPI | D55: 46028 | E55: =if(D55="","",text(D55,"YYY")) -> 2026 | F55: =if(D55="","",text(D55,"MM")&" "&text(D55,"MMM")) -> 01 Jan | G55: 10.00 | H55: WAHYU | I55: BENI SETIYANTO | K55: K.PT - PAKET 2 | L55: =IF(ISNUMBER(SEARCH("*K.TA*",K55)),"TA KLINIK",IF(ISNUMBER(SEARCH("*K.PT*",K55)),"PAKET KLINIK",IF(ISNUMBER(SEARCH("*K.ST*",K55)),"SESI KLINIK",IF(ISNUMBER(SEARCH("*V.TA*",K55)),"TA VISIT",IF(ISNUMBER(SEARCH("*V.ST*",K55)),"SESI VISIT",IF(ISNUMBER(SEARCH("*V.PT*",K55)),"PAKET VISIT","LAINNYA")))))) -> PAKET KLINIK | M55: LUNAS | N55: 1200000 | O55: 0 | P55: {=IFNA(XLOOKUP(K55,'⚙️ Pengaturan'!$E$2:$E800,'⚙️ Pengaturan'!$F$2:$F800),"")} -> 1200000 | Q55: =IF(I55="","",(N55+O55)-P55) -> 0 | R55: TRANSFER BCA | S55: BENI SETIYANTO | T55: TRUE
B56: 2161 | C56: NOPI | D56: 46028 | E56: =if(D56="","",text(D56,"YYY")) -> 2026 | F56: =if(D56="","",text(D56,"MM")&" "&text(D56,"MMM")) -> 01 Jan | G56: 10.00 | H56: WAHYU | I56: EDI LAZUARDI | J56: BARU | K56: K.TA - TERAPI AWAL | L56: =IF(ISNUMBER(SEARCH("*K.TA*",K56)),"TA KLINIK",IF(ISNUMBER(SEARCH("*K.PT*",K56)),"PAKET KLINIK",IF(ISNUMBER(SEARCH("*K.ST*",K56)),"SESI KLINIK",IF(ISNUMBER(SEARCH("*V.TA*",K56)),"TA VISIT",IF(ISNUMBER(SEARCH("*V.ST*",K56)),"SESI VISIT",IF(ISNUMBER(SEARCH("*V.PT*",K56)),"PAKET VISIT","LAINNYA")))))) -> TA KLINIK | M56: LUNAS | N56: 250000 | O56: 0 | P56: {=IFNA(XLOOKUP(K56,'⚙️ Pengaturan'!$E$2:$E800,'⚙️ Pengaturan'!$F$2:$F800),"")} -> 250000 | Q56: =IF(I56="","",(N56+O56)-P56) -> 0 | R56: TUNAI | S56: - | T56: TRUE
B57: 2162 | C57: NOPI | D57: 46028 | E57: =if(D57="","",text(D57,"YYY")) -> 2026 | F57: =if(D57="","",text(D57,"MM")&" "&text(D57,"MMM")) -> 01 Jan | G57: 10.00 | H57: OKTA | I57: LIMINA DJUITA LIMAS | K57: K.ST - SESI TERAPI | L57: =IF(ISNUMBER(SEARCH("*K.TA*",K57)),"TA KLINIK",IF(ISNUMBER(SEARCH("*K.PT*",K57)),"PAKET KLINIK",IF(ISNUMBER(SEARCH("*K.ST*",K57)),"SESI KLINIK",IF(ISNUMBER(SEARCH("*V.TA*",K57)),"TA VISIT",IF(ISNUMBER(SEARCH("*V.ST*",K57)),"SESI VISIT",IF(ISNUMBER(SEARCH("*V.PT*",K57)),"PAKET VISIT","LAINNYA")))))) -> SESI KLINIK | M57: LUNAS | N57: 150000 | O57: 0 | P57: {=IFNA(XLOOKUP(K57,'⚙️ Pengaturan'!$E$2:$E800,'⚙️ Pengaturan'!$F$2:$F800),"")} -> 150000 | Q57: =IF(I57="","",(N57+O57)-P57) -> 0 | R57: TRANSFER BCA | S57: LIMINA DJUITA LIMAS | T57: TRUE
B58: 2163 | C58: NOPI | D58: 46028 | E58: =if(D58="","",text(D58,"YYY")) -> 2026 | F58: =if(D58="","",text(D58,"MM")&" "&text(D58,"MMM")) -> 01 Jan | G58: 10.00 | H58: HESTI | I58: MUSNAINI | J58: BARU | K58: K.TA - TERAPI AWAL | L58: =IF(ISNUMBER(SEARCH("*K.TA*",K58)),"TA KLINIK",IF(ISNUMBER(SEARCH("*K.PT*",K58)),"PAKET KLINIK",IF(ISNUMBER(SEARCH("*K.ST*",K58)),"SESI KLINIK",IF(ISNUMBER(SEARCH("*V.TA*",K58)),"TA VISIT",IF(ISNUMBER(SEARCH("*V.ST*",K58)),"SESI VISIT",IF(ISNUMBER(SEARCH("*V.PT*",K58)),"PAKET VISIT","LAINNYA")))))) -> TA KLINIK | M58: LUNAS | N58: 250000 | O58: 0 | P58: {=IFNA(XLOOKUP(K58,'⚙️ Pengaturan'!$E$2:$E800,'⚙️ Pengaturan'!$F$2:$F800),"")} -> 250000 | Q58: =IF(I58="","",(N58+O58)-P58) -> 0 | R58: TRANSFER BCA | S58: MUHAMMAD YAKINI AKBAR | T58: TRUE
B59: 2164 | C59: NOPI | D59: 46028 | E59: =if(D59="","",text(D59,"YYY")) -> 2026 | F59: =if(D59="","",text(D59,"MM")&" "&text(D59,"MMM")) -> 01 Jan | G59: 11.00 | H59: OKTA | I59: TRIATIE CHALIDYAH | J59: BARU | K59: K.TA - TERAPI AWAL | L59: =IF(ISNUMBER(SEARCH("*K.TA*",K59)),"TA KLINIK",IF(ISNUMBER(SEARCH("*K.PT*",K59)),"PAKET KLINIK",IF(ISNUMBER(SEARCH("*K.ST*",K59)),"SESI KLINIK",IF(ISNUMBER(SEARCH("*V.TA*",K59)),"TA VISIT",IF(ISNUMBER(SEARCH("*V.ST*",K59)),"SESI VISIT",IF(ISNUMBER(SEARCH("*V.PT*",K59)),"PAKET VISIT","LAINNYA")))))) -> TA KLINIK | M59: LUNAS | N59: 250000 | O59: 0 | P59: {=IFNA(XLOOKUP(K59,'⚙️ Pengaturan'!$E$2:$E800,'⚙️ Pengaturan'!$F$2:$F800),"")} -> 250000 | Q59: =IF(I59="","",(N59+O59)-P59) -> 0 | R59: TRANSFER BCA | S59: TRIATIE CHALIDYAH | T59: TRUE
B60: 2165 | C60: NOPI | D60: 46028 | E60: =if(D60="","",text(D60,"YYY")) -> 2026 | F60: =if(D60="","",text(D60,"MM")&" "&text(D60,"MMM")) -> 01 Jan | G60: 14.00 | H60: OKTA | I60: SHARON LIE | J60: LANJUT | K60: K.ST - SESI TERAPI | L60: =IF(ISNUMBER(SEARCH("*K.TA*",K60)),"TA KLINIK",IF(ISNUMBER(SEARCH("*K.PT*",K60)),"PAKET KLINIK",IF(ISNUMBER(SEARCH("*K.ST*",K60)),"SESI KLINIK",IF(ISNUMBER(SEARCH("*V.TA*",K60)),"TA VISIT",IF(ISNUMBER(SEARCH("*V.ST*",K60)),"SESI VISIT",IF(ISNUMBER(SEARCH("*V.PT*",K60)),"PAKET VISIT","LAINNYA")))))) -> SESI KLINIK | M60: LUNAS | N60: 150000 | O60: 0 | P60: 150000 | Q60: =IF(I60="","",(N60+O60)-P60) -> 0 | R60: TRANSFER BCA | S60: SHARON LIE | T60: TRUE
B61: 2166 | C61: SUCI | D61: 46028 | E61: =if(D61="","",text(D61,"YYY")) -> 2026 | F61: =if(D61="","",text(D61,"MM")&" "&text(D61,"MMM")) -> 01 Jan | G61: 17.00 | H61: DESTY | I61: HJ. RUGAYAH | J61: BARU | K61: K.TA - TERAPI AWAL | L61: =IF(ISNUMBER(SEARCH("*K.TA*",K61)),"TA KLINIK",IF(ISNUMBER(SEARCH("*K.PT*",K61)),"PAKET KLINIK",IF(ISNUMBER(SEARCH("*K.ST*",K61)),"SESI KLINIK",IF(ISNUMBER(SEARCH("*V.TA*",K61)),"TA VISIT",IF(ISNUMBER(SEARCH("*V.ST*",K61)),"SESI VISIT",IF(ISNUMBER(SEARCH("*V.PT*",K61)),"PAKET VISIT","LAINNYA")))))) -> TA KLINIK | M61: LUNAS | N61: 250000 | O61: 0 | P61: {=IFNA(XLOOKUP(K61,'⚙️ Pengaturan'!$E$2:$E800,'⚙️ Pengaturan'!$F$2:$F800),"")} -> 250000 | Q61: =IF(I61="","",(N61+O61)-P61) -> 0 | R61: TRANSFER BCA | S61: HERLINA AGUSTININGSIH | T61: TRUE
B62: 2167 | C62: SUCI | D62: 46028 | E62: =if(D62="","",text(D62,"YYY")) -> 2026 | F62: =if(D62="","",text(D62,"MM")&" "&text(D62,"MMM")) -> 01 Jan | G62: 20.00 | H62: DESTY | I62: SUGIH WIRAMANTRI | K62: K.ST - SESI TERAPI | L62: =IF(ISNUMBER(SEARCH("*K.TA*",K62)),"TA KLINIK",IF(ISNUMBER(SEARCH("*K.PT*",K62)),"PAKET KLINIK",IF(ISNUMBER(SEARCH("*K.ST*",K62)),"SESI KLINIK",IF(ISNUMBER(SEARCH("*V.TA*",K62)),"TA VISIT",IF(ISNUMBER(SEARCH("*V.ST*",K62)),"SESI VISIT",IF(ISNUMBER(SEARCH("*V.PT*",K62)),"PAKET VISIT","LAINNYA")))))) -> SESI KLINIK | M62: LUNAS | N62: 150000 | O62: 0 | P62: {=IFNA(XLOOKUP(K62,'⚙️ Pengaturan'!$E$2:$E800,'⚙️ Pengaturan'!$F$2:$F800),"")} -> 150000 | Q62: =IF(I62="","",(N62+O62)-P62) -> 0 | R62: TRANSFER BCA | S62: SUGIH WIRAMANTRI | T62: TRUE
B63: 2168 | C63: SUCI | D63: 46028 | E63: =if(D63="","",text(D63,"YYY")) -> 2026 | F63: =if(D63="","",text(D63,"MM")&" "&text(D63,"MMM")) -> 01 Jan | G63: 20.00 | H63: ORY | I63: MARTHIN SHARON NAPITUPULU | J63: BARU | K63: K.TA - TERAPI AWAL | L63: =IF(ISNUMBER(SEARCH("*K.TA*",K63)),"TA KLINIK",IF(ISNUMBER(SEARCH("*K.PT*",K63)),"PAKET KLINIK",IF(ISNUMBER(SEARCH("*K.ST*",K63)),"SESI KLINIK",IF(ISNUMBER(SEARCH("*V.TA*",K63)),"TA VISIT",IF(ISNUMBER(SEARCH("*V.ST*",K63)),"SESI VISIT",IF(ISNUMBER(SEARCH("*V.PT*",K63)),"PAKET VISIT","LAINNYA")))))) -> TA KLINIK | M63: LUNAS | N63: 250000 | O63: 0 | P63: {=IFNA(XLOOKUP(K63,'⚙️ Pengaturan'!$E$2:$E800,'⚙️ Pengaturan'!$F$2:$F800),"")} -> 250000 | Q63: =IF(I63="","",(N63+O63)-P63) -> 0 | R63: TUNAI | S63: - | T63: TRUE
B64: 2169 | C64: SUCI | D64: 46028 | E64: =if(D64="","",text(D64,"YYY")) -> 2026 | F64: =if(D64="","",text(D64,"MM")&" "&text(D64,"MMM")) -> 01 Jan | G64: 20.00 | H64: AUL | I64: NOPEARIANI, AMD.KEB | J64: BARU | K64: K.TA - TERAPI AWAL | L64: =IF(ISNUMBER(SEARCH("*K.TA*",K64)),"TA KLINIK",IF(ISNUMBER(SEARCH("*K.PT*",K64)),"PAKET KLINIK",IF(ISNUMBER(SEARCH("*K.ST*",K64)),"SESI KLINIK",IF(ISNUMBER(SEARCH("*V.TA*",K64)),"TA VISIT",IF(ISNUMBER(SEARCH("*V.ST*",K64)),"SESI VISIT",IF(ISNUMBER(SEARCH("*V.PT*",K64)),"PAKET VISIT","LAINNYA")))))) -> TA KLINIK | M64: LUNAS | N64: 250000 | O64: 0 | P64: {=IFNA(XLOOKUP(K64,'⚙️ Pengaturan'!$E$2:$E800,'⚙️ Pengaturan'!$F$2:$F800),"")} -> 250000 | Q64: =IF(I64="","",(N64+O64)-P64) -> 0 | R64: TRANSFER BANK KALBAR | S64: NOPEARIANI | T64: TRUE
B65: 2170 | C65: SUCI | D65: 46028 | E65: =if(D65="","",text(D65,"YYY")) -> 2026 | F65: =if(D65="","",text(D65,"MM")&" "&text(D65,"MMM")) -> 01 Jan | G65: 20.00 | H65: DESTY | I65: SUSANTI | J65: BARU | K65: K.TA - TERAPI AWAL | L65: =IF(ISNUMBER(SEARCH("*K.TA*",K65)),"TA KLINIK",IF(ISNUMBER(SEARCH("*K.PT*",K65)),"PAKET KLINIK",IF(ISNUMBER(SEARCH("*K.ST*",K65)),"SESI KLINIK",IF(ISNUMBER(SEARCH("*V.TA*",K65)),"TA VISIT",IF(ISNUMBER(SEARCH("*V.ST*",K65)),"SESI VISIT",IF(ISNUMBER(SEARCH("*V.PT*",K65)),"PAKET VISIT","LAINNYA")))))) -> TA KLINIK | M65: LUNAS | N65: 250000 | O65: 0 | P65: {=IFNA(XLOOKUP(K65,'⚙️ Pengaturan'!$E$2:$E800,'⚙️ Pengaturan'!$F$2:$F800),"")} -> 250000 | Q65: =IF(I65="","",(N65+O65)-P65) -> 0 | R65: TUNAI | S65: - | T65: TRUE
B66: 2171 | C66: SUCI | D66: 46028 | E66: =if(D66="","",text(D66,"YYY")) -> 2026 | F66: =if(D66="","",text(D66,"MM")&" "&text(D66,"MMM")) -> 01 Jan | G66: 21.00 | H66: AUL | I66: TAUFIK | K66: K.PT - PAKET 1 | L66: =IF(ISNUMBER(SEARCH("*K.TA*",K66)),"TA KLINIK",IF(ISNUMBER(SEARCH("*K.PT*",K66)),"PAKET KLINIK",IF(ISNUMBER(SEARCH("*K.ST*",K66)),"SESI KLINIK",IF(ISNUMBER(SEARCH("*V.TA*",K66)),"TA VISIT",IF(ISNUMBER(SEARCH("*V.ST*",K66)),"SESI VISIT",IF(ISNUMBER(SEARCH("*V.PT*",K66)),"PAKET VISIT","LAINNYA")))))) -> PAKET KLINIK | M66: DP | N66: 200000 | O66: 0 | P66: {=IFNA(XLOOKUP(K66,'⚙️ Pengaturan'!$E$2:$E800,'⚙️ Pengaturan'!$F$2:$F800),"")} -> 650000 | Q66: =IF(I66="","",(N66+O66)-P66) -> -450000 | R66: TUNAI | S66: - | T66: TRUE
B67: 2172 | C67: SUCI | D67: 46029 | E67: =if(D67="","",text(D67,"YYY")) -> 2026 | F67: =if(D67="","",text(D67,"MM")&" "&text(D67,"MMM")) -> 01 Jan | G67: 21.00 | H67: WAHYU | I67: HARDJONO | K67: K.PT - PAKET 2 | L67: =IF(ISNUMBER(SEARCH("*K.TA*",K67)),"TA KLINIK",IF(ISNUMBER(SEARCH("*K.PT*",K67)),"PAKET KLINIK",IF(ISNUMBER(SEARCH("*K.ST*",K67)),"SESI KLINIK",IF(ISNUMBER(SEARCH("*V.TA*",K67)),"TA VISIT",IF(ISNUMBER(SEARCH("*V.ST*",K67)),"SESI VISIT",IF(ISNUMBER(SEARCH("*V.PT*",K67)),"PAKET VISIT","LAINNYA")))))) -> PAKET KLINIK | M67: LUNAS | N67: 1200000 | O67: 0 | P67: {=IFNA(XLOOKUP(K67,'⚙️ Pengaturan'!$E$2:$E800,'⚙️ Pengaturan'!$F$2:$F800),"")} -> 1200000 | Q67: =IF(I67="","",(N67+O67)-P67) -> 0 | R67: TRANSFER BCA | S67: INDRY WAHYUNINGSIH | T67: TRUE
B68: 2173 | C68: SUCI | D68: 46029 | E68: =if(D68="","",text(D68,"YYY")) -> 2026 | F68: =if(D68="","",text(D68,"MM")&" "&text(D68,"MMM")) -> 01 Jan | G68: LAINNYA | H68: DESTY | I68: PUTRI ATIKAH | K68: V.ST - SESI VISIT | L68: =IF(ISNUMBER(SEARCH("*K.TA*",K68)),"TA KLINIK",IF(ISNUMBER(SEARCH("*K.PT*",K68)),"PAKET KLINIK",IF(ISNUMBER(SEARCH("*K.ST*",K68)),"SESI KLINIK",IF(ISNUMBER(SEARCH("*V.TA*",K68)),"TA VISIT",IF(ISNUMBER(SEARCH("*V.ST*",K68)),"SESI VISIT",IF(ISNUMBER(SEARCH("*V.PT*",K68)),"PAKET VISIT","LAINNYA")))))) -> SESI VISIT | M68: LUNAS | N68: 200000 | O68: 0 | P68: {=IFNA(XLOOKUP(K68,'⚙️ Pengaturan'!$E$2:$E800,'⚙️ Pengaturan'!$F$2:$F800),"")} -> 200000 | Q68: =IF(I68="","",(N68+O68)-P68) -> 0 | R68: TRANSFER BCA | S68: PUTRI ATIKAH LELLYANA | T68: TRUE
B69: 2174 | C69: SUCI | D69: 46029 | E69: =if(D69="","",text(D69,"YYY")) -> 2026 | F69: =if(D69="","",text(D69,"MM")&" "&text(D69,"MMM")) -> 01 Jan | G69: 10.00 | H69: HENA | I69: CHRIS MULIO JOHANES | J69: BARU | K69: K.TA - TERAPI AWAL | L69: =IF(ISNUMBER(SEARCH("*K.TA*",K69)),"TA KLINIK",IF(ISNUMBER(SEARCH("*K.PT*",K69)),"PAKET KLINIK",IF(ISNUMBER(SEARCH("*K.ST*",K69)),"SESI KLINIK",IF(ISNUMBER(SEARCH("*V.TA*",K69)),"TA VISIT",IF(ISNUMBER(SEARCH("*V.ST*",K69)),"SESI VISIT",IF(ISNUMBER(SEARCH("*V.PT*",K69)),"PAKET VISIT","LAINNYA")))))) -> TA KLINIK | M69: LUNAS | N69: 250000 | O69: 0 | P69: {=IFNA(XLOOKUP(K69,'⚙️ Pengaturan'!$E$2:$E800,'⚙️ Pengaturan'!$F$2:$F800),"")} -> 250000 | Q69: =IF(I69="","",(N69+O69)-P69) -> 0 | R69: TRANSFER BCA | S69: CHRIS MULIO JOHANES | T69: TRUE
B70: 2175 | C70: SUCI | D70: 46029 | E70: =if(D70="","",text(D70,"YYY")) -> 2026 | F70: =if(D70="","",text(D70,"MM")&" "&text(D70,"MMM")) -> 01 Jan | G70: 12.00 | H70: OKTA | I70: GALIH HANDAYANI | K70: K.PT - PAKET 1 | L70: =IF(ISNUMBER(SEARCH("*K.TA*",K70)),"TA KLINIK",IF(ISNUMBER(SEARCH("*K.PT*",K70)),"PAKET KLINIK",IF(ISNUMBER(SEARCH("*K.ST*",K70)),"SESI KLINIK",IF(ISNUMBER(SEARCH("*V.TA*",K70)),"TA VISIT",IF(ISNUMBER(SEARCH("*V.ST*",K70)),"SESI VISIT",IF(ISNUMBER(SEARCH("*V.PT*",K70)),"PAKET VISIT","LAINNYA")))))) -> PAKET KLINIK | M70: LUNAS | N70: 650000 | O70: 0 | P70: {=IFNA(XLOOKUP(K70,'⚙️ Pengaturan'!$E$2:$E800,'⚙️ Pengaturan'!$F$2:$F800),"")} -> 650000 | Q70: =IF(I70="","",(N70+O70)-P70) -> 0 | R70: TRANSFER BCA | S70: M EKA PUTRA YUANDA | T70: TRUE
B71: 2176 | C71: SUCI | D71: 46029 | E71: =if(D71="","",text(D71,"YYY")) -> 2026 | F71: =if(D71="","",text(D71,"MM")&" "&text(D71,"MMM")) -> 01 Jan | G71: 13.00 | H71: HENA | I71: ELISABETH SUTINI | K71: K.PT - PAKET 1 | L71: =IF(ISNUMBER(SEARCH("*K.TA*",K71)),"TA KLINIK",IF(ISNUMBER(SEARCH("*K.PT*",K71)),"PAKET KLINIK",IF(ISNUMBER(SEARCH("*K.ST*",K71)),"SESI KLINIK",IF(ISNUMBER(SEARCH("*V.TA*",K71)),"TA VISIT",IF(ISNUMBER(SEARCH("*V.ST*",K71)),"SESI VISIT",IF(ISNUMBER(SEARCH("*V.PT*",K71)),"PAKET VISIT","LAINNYA")))))) -> PAKET KLINIK | M71: DP | N71: 200000 | O71: 0 | P71: {=IFNA(XLOOKUP(K71,'⚙️ Pengaturan'!$E$2:$E800,'⚙️ Pengaturan'!$F$2:$F800),"")} -> 650000 | Q71: =IF(I71="","",(N71+O71)-P71) -> -450000 | R71: EDC BCA | S71: ELISABETH SUTINI | T71: TRUE
B72: 2177 | C72: SUCI | D72: 46029 | E72: =if(D72="","",text(D72,"YYY")) -> 2026 | F72: =if(D72="","",text(D72,"MM")&" "&text(D72,"MMM")) -> 01 Jan | G72: 13.00 | H72: HENA | I72: ELISABETH SUTINI | K72: S.TR - ICE BAG | L72: =IF(ISNUMBER(SEARCH("*K.TA*",K72)),"TA KLINIK",IF(ISNUMBER(SEARCH("*K.PT*",K72)),"PAKET KLINIK",IF(ISNUMBER(SEARCH("*K.ST*",K72)),"SESI KLINIK",IF(ISNUMBER(SEARCH("*V.TA*",K72)),"TA VISIT",IF(ISNUMBER(SEARCH("*V.ST*",K72)),"SESI VISIT",IF(ISNUMBER(SEARCH("*V.PT*",K72)),"PAKET VISIT","LAINNYA")))))) -> LAINNYA | M72: LUNAS | N72: 50000 | O72: 0 | P72: {=IFNA(XLOOKUP(K72,'⚙️ Pengaturan'!$E$2:$E800,'⚙️ Pengaturan'!$F$2:$F800),"")} -> 50000 | Q72: =IF(I72="","",(N72+O72)-P72) -> 0 | R72: EDC BCA | S72: ELISABETH SUTINI | T72: TRUE
B73: 2178 | C73: NOPI | D73: 46029 | E73: =if(D73="","",text(D73,"YYY")) -> 2026 | F73: =if(D73="","",text(D73,"MM")&" "&text(D73,"MMM")) -> 01 Jan | G73: 14.00 | H73: HESTI | I73: CINDY MONALISA ANDDIE | J73: BARU | K73: K.TA - TERAPI AWAL | L73: =IF(ISNUMBER(SEARCH("*K.TA*",K73)),"TA KLINIK",IF(ISNUMBER(SEARCH("*K.PT*",K73)),"PAKET KLINIK",IF(ISNUMBER(SEARCH("*K.ST*",K73)),"SESI KLINIK",IF(ISNUMBER(SEARCH("*V.TA*",K73)),"TA VISIT",IF(ISNUMBER(SEARCH("*V.ST*",K73)),"SESI VISIT",IF(ISNUMBER(SEARCH("*V.PT*",K73)),"PAKET VISIT","LAINNYA")))))) -> TA KLINIK | M73: LUNAS | N73: 250000 | O73: 0 | P73: {=IFNA(XLOOKUP(K73,'⚙️ Pengaturan'!$E$2:$E800,'⚙️ Pengaturan'!$F$2:$F800),"")} -> 250000 | Q73: =IF(I73="","",(N73+O73)-P73) -> 0 | R73: TRANSFER BCA | S73: CINDY MONALISA ANDDIE | T73: TRUE
B74: 2179 | C74: NOPI | D74: 46029 | E74: =if(D74="","",text(D74,"YYY")) -> 2026 | F74: =if(D74="","",text(D74,"MM")&" "&text(D74,"MMM")) -> 01 Jan | G74: 14.00 | H74: OKTA | I74: TJHOA KHA TJE | J74: BARU | K74: K.TA - TERAPI AWAL | L74: =IF(ISNUMBER(SEARCH("*K.TA*",K74)),"TA KLINIK",IF(ISNUMBER(SEARCH("*K.PT*",K74)),"PAKET KLINIK",IF(ISNUMBER(SEARCH("*K.ST*",K74)),"SESI KLINIK",IF(ISNUMBER(SEARCH("*V.TA*",K74)),"TA VISIT",IF(ISNUMBER(SEARCH("*V.ST*",K74)),"SESI VISIT",IF(ISNUMBER(SEARCH("*V.PT*",K74)),"PAKET VISIT","LAINNYA")))))) -> TA KLINIK | M74: LUNAS | N74: 250000 | O74: 0 | P74: {=IFNA(XLOOKUP(K74,'⚙️ Pengaturan'!$E$2:$E800,'⚙️ Pengaturan'!$F$2:$F800),"")} -> 250000 | Q74: =IF(I74="","",(N74+O74)-P74) -> 0 | R74: TRANSFER BCA | S74: CINDY MONALISA ANDDIE | T74: TRUE
B75: 2180 | C75: NOPI | D75: 46029 | E75: =if(D75="","",text(D75,"YYY")) -> 2026 | F75: =if(D75="","",text(D75,"MM")&" "&text(D75,"MMM")) -> 01 Jan | G75: LAINNYA | H75: WAHYU | I75: EFENDI WAHYU | J75: BARU | K75: V.TA - TERAPI AWAL VISIT | L75: =IF(ISNUMBER(SEARCH("*K.TA*",K75)),"TA KLINIK",IF(ISNUMBER(SEARCH("*K.PT*",K75)),"PAKET KLINIK",IF(ISNUMBER(SEARCH("*K.ST*",K75)),"SESI KLINIK",IF(ISNUMBER(SEARCH("*V.TA*",K75)),"TA VISIT",IF(ISNUMBER(SEARCH("*V.ST*",K75)),"SESI VISIT",IF(ISNUMBER(SEARCH("*V.PT*",K75)),"PAKET VISIT","LAINNYA")))))) -> TA VISIT | M75: LUNAS | N75: 300000 | O75: 0 | P75: {=IFNA(XLOOKUP(K75,'⚙️ Pengaturan'!$E$2:$E800,'⚙️ Pengaturan'!$F$2:$F800),"")} -> 300000 | Q75: =IF(I75="","",(N75+O75)-P75) -> 0 | R75: TRANSFER BCA | S75: EFENDI WAHYU | T75: TRUE
B76: 2181 | C76: NOPI | D76: 46029 | E76: =if(D76="","",text(D76,"YYY")) -> 2026 | F76: =if(D76="","",text(D76,"MM")&" "&text(D76,"MMM")) -> 01 Jan | G76: 15.00 | H76: PRITY | I76: RICKY ISKANDAR | K76: K.PT - PAKET 1 | L76: =IF(ISNUMBER(SEARCH("*K.TA*",K76)),"TA KLINIK",IF(ISNUMBER(SEARCH("*K.PT*",K76)),"PAKET KLINIK",IF(ISNUMBER(SEARCH("*K.ST*",K76)),"SESI KLINIK",IF(ISNUMBER(SEARCH("*V.TA*",K76)),"TA VISIT",IF(ISNUMBER(SEARCH("*V.ST*",K76)),"SESI VISIT",IF(ISNUMBER(SEARCH("*V.PT*",K76)),"PAKET VISIT","LAINNYA")))))) -> PAKET KLINIK | M76: LUNAS | N76: 650000 | O76: 0 | P76: {=IFNA(XLOOKUP(K76,'⚙️ Pengaturan'!$E$2:$E800,'⚙️ Pengaturan'!$F$2:$F800),"")} -> 650000 | Q76: =IF(I76="","",(N76+O76)-P76) -> 0 | R76: TRANSFER BCA | S76: RICKY ISKANDAR | T76: TRUE
B77: 2182 | C77: NOPI | D77: 46029 | E77: =if(D77="","",text(D77,"YYY")) -> 2026 | F77: =if(D77="","",text(D77,"MM")&" "&text(D77,"MMM")) -> 01 Jan | G77: 15.00 | H77: DANI | I77: DAMHUDI | J77: BARU | K77: K.TA - TERAPI AWAL | L77: =IF(ISNUMBER(SEARCH("*K.TA*",K77)),"TA KLINIK",IF(ISNUMBER(SEARCH("*K.PT*",K77)),"PAKET KLINIK",IF(ISNUMBER(SEARCH("*K.ST*",K77)),"SESI KLINIK",IF(ISNUMBER(SEARCH("*V.TA*",K77)),"TA VISIT",IF(ISNUMBER(SEARCH("*V.ST*",K77)),"SESI VISIT",IF(ISNUMBER(SEARCH("*V.PT*",K77)),"PAKET VISIT","LAINNYA")))))) -> TA KLINIK | M77: LUNAS | N77: 250000 | O77: 0 | P77: {=IFNA(XLOOKUP(K77,'⚙️ Pengaturan'!$E$2:$E800,'⚙️ Pengaturan'!$F$2:$F800),"")} -> 250000 | Q77: =IF(I77="","",(N77+O77)-P77) -> 0 | R77: TRANSFER BCA | S77: DAMHUDI | T77: TRUE
B78: 2183 | C78: NOPI | D78: 46029 | E78: =if(D78="","",text(D78,"YYY")) -> 2026 | F78: =if(D78="","",text(D78,"MM")&" "&text(D78,"MMM")) -> 01 Jan | G78: 16.00 | H78: DESTY | I78: ICHSAN KAMIL | J78: BARU | K78: K.TA - TERAPI AWAL | L78: =IF(ISNUMBER(SEARCH("*K.TA*",K78)),"TA KLINIK",IF(ISNUMBER(SEARCH("*K.PT*",K78)),"PAKET KLINIK",IF(ISNUMBER(SEARCH("*K.ST*",K78)),"SESI KLINIK",IF(ISNUMBER(SEARCH("*V.TA*",K78)),"TA VISIT",IF(ISNUMBER(SEARCH("*V.ST*",K78)),"SESI VISIT",IF(ISNUMBER(SEARCH("*V.PT*",K78)),"PAKET VISIT","LAINNYA")))))) -> TA KLINIK | M78: LUNAS | N78: 250000 | O78: 0 | P78: {=IFNA(XLOOKUP(K78,'⚙️ Pengaturan'!$E$2:$E800,'⚙️ Pengaturan'!$F$2:$F800),"")} -> 250000 | Q78: =IF(I78="","",(N78+O78)-P78) -> 0 | R78: TUNAI | S78: - | T78: TRUE
B79: 2184 | C79: NOPI | D79: 46029 | E79: =if(D79="","",text(D79,"YYY")) -> 2026 | F79: =if(D79="","",text(D79,"MM")&" "&text(D79,"MMM")) -> 01 Jan | G79: 14.00 | H79: DESTY | I79: ELISABETH SUTINI | K79: K.PT - PAKET 1 | L79: =IF(ISNUMBER(SEARCH("*K.TA*",K79)),"TA KLINIK",IF(ISNUMBER(SEARCH("*K.PT*",K79)),"PAKET KLINIK",IF(ISNUMBER(SEARCH("*K.ST*",K79)),"SESI KLINIK",IF(ISNUMBER(SEARCH("*V.TA*",K79)),"TA VISIT",IF(ISNUMBER(SEARCH("*V.ST*",K79)),"SESI VISIT",IF(ISNUMBER(SEARCH("*V.PT*",K79)),"PAKET VISIT","LAINNYA")))))) -> PAKET KLINIK | M79: CICILAN | N79: 250000 | O79: 200000 | P79: {=IFNA(XLOOKUP(K79,'⚙️ Pengaturan'!$E$2:$E800,'⚙️ Pengaturan'!$F$2:$F800),"")} -> 650000 | Q79: =IF(I79="","",(N79+O79)-P79) -> -200000 | R79: TRANSFER BCA | S79: IMMANUEL ABEL BELARE LIRUNG | T79: TRUE
B80: 2185 | C80: NOPI | D80: 46029 | E80: =if(D80="","",text(D80,"YYY")) -> 2026 | F80: =if(D80="","",text(D80,"MM")&" "&text(D80,"MMM")) -> 01 Jan | G80: 17.00 | H80: AUL | I80: MARTIN | J80: BARU | K80: K.TA - TERAPI AWAL | L80: =IF(ISNUMBER(SEARCH("*K.TA*",K80)),"TA KLINIK",IF(ISNUMBER(SEARCH("*K.PT*",K80)),"PAKET KLINIK",IF(ISNUMBER(SEARCH("*K.ST*",K80)),"SESI KLINIK",IF(ISNUMBER(SEARCH("*V.TA*",K80)),"TA VISIT",IF(ISNUMBER(SEARCH("*V.ST*",K80)),"SESI VISIT",IF(ISNUMBER(SEARCH("*V.PT*",K80)),"PAKET VISIT","LAINNYA")))))) -> TA KLINIK | M80: LUNAS | N80: 250000 | O80: 0 | P80: {=IFNA(XLOOKUP(K80,'⚙️ Pengaturan'!$E$2:$E800,'⚙️ Pengaturan'!$F$2:$F800),"")} -> 250000 | Q80: =IF(I80="","",(N80+O80)-P80) -> 0 | R80: TRANSFER BCA | S80: MARTIN | T80: TRUE
B81: 2186 | C81: NOPI | D81: 46029 | E81: =if(D81="","",text(D81,"YYY")) -> 2026 | F81: =if(D81="","",text(D81,"MM")&" "&text(D81,"MMM")) -> 01 Jan | G81: 17.00 | H81: DANI | I81: SAMIJO | J81: BARU | K81: K.TA - TERAPI AWAL | L81: =IF(ISNUMBER(SEARCH("*K.TA*",K81)),"TA KLINIK",IF(ISNUMBER(SEARCH("*K.PT*",K81)),"PAKET KLINIK",IF(ISNUMBER(SEARCH("*K.ST*",K81)),"SESI KLINIK",IF(ISNUMBER(SEARCH("*V.TA*",K81)),"TA VISIT",IF(ISNUMBER(SEARCH("*V.ST*",K81)),"SESI VISIT",IF(ISNUMBER(SEARCH("*V.PT*",K81)),"PAKET VISIT","LAINNYA")))))) -> TA KLINIK | M81: LUNAS | N81: 250000 | O81: 0 | P81: {=IFNA(XLOOKUP(K81,'⚙️ Pengaturan'!$E$2:$E800,'⚙️ Pengaturan'!$F$2:$F800),"")} -> 250000 | Q81: =IF(I81="","",(N81+O81)-P81) -> 0 | R81: TUNAI | S81: - | T81: TRUE
B82: 2187 | C82: NOPI | D82: 46029 | E82: =if(D82="","",text(D82,"YYY")) -> 2026 | F82: =if(D82="","",text(D82,"MM")&" "&text(D82,"MMM")) -> 01 Jan | G82: 17.00 | H82: DESTY | I82: K. E. ANANTA UTAMI | K82: K.PT - PAKET 1 | L82: =IF(ISNUMBER(SEARCH("*K.TA*",K82)),"TA KLINIK",IF(ISNUMBER(SEARCH("*K.PT*",K82)),"PAKET KLINIK",IF(ISNUMBER(SEARCH("*K.ST*",K82)),"SESI KLINIK",IF(ISNUMBER(SEARCH("*V.TA*",K82)),"TA VISIT",IF(ISNUMBER(SEARCH("*V.ST*",K82)),"SESI VISIT",IF(ISNUMBER(SEARCH("*V.PT*",K82)),"PAKET VISIT","LAINNYA")))))) -> PAKET KLINIK | M82: PELUNASAN | N82: 450000 | O82: 200000 | P82: {=IFNA(XLOOKUP(K82,'⚙️ Pengaturan'!$E$2:$E800,'⚙️ Pengaturan'!$F$2:$F800),"")} -> 650000 | Q82: =IF(I82="","",(N82+O82)-P82) -> 0 | R82: TRANSFER BCA | S82: K. E. ANANTA UTAMI | T82: TRUE
B83: 2188 | C83: NOPI | D83: 46029 | E83: =if(D83="","",text(D83,"YYY")) -> 2026 | F83: =if(D83="","",text(D83,"MM")&" "&text(D83,"MMM")) -> 01 Jan | G83: 19.00 | H83: PRITY | I83: SALLY ISKANDAR TAN | K83: K.PT - PAKET 1 | L83: =IF(ISNUMBER(SEARCH("*K.TA*",K83)),"TA KLINIK",IF(ISNUMBER(SEARCH("*K.PT*",K83)),"PAKET KLINIK",IF(ISNUMBER(SEARCH("*K.ST*",K83)),"SESI KLINIK",IF(ISNUMBER(SEARCH("*V.TA*",K83)),"TA VISIT",IF(ISNUMBER(SEARCH("*V.ST*",K83)),"SESI VISIT",IF(ISNUMBER(SEARCH("*V.PT*",K83)),"PAKET VISIT","LAINNYA")))))) -> PAKET KLINIK | M83: LUNAS | N83: 650000 | O83: 0 | P83: {=IFNA(XLOOKUP(K83,'⚙️ Pengaturan'!$E$2:$E800,'⚙️ Pengaturan'!$F$2:$F800),"")} -> 650000 | Q83: =IF(I83="","",(N83+O83)-P83) -> 0 | R83: TRANSFER BCA | S83: RICKY ISKANDAR | T83: TRUE
B84: 2189 | C84: NOPI | D84: 46029 | E84: =if(D84="","",text(D84,"YYY")) -> 2026 | F84: =if(D84="","",text(D84,"MM")&" "&text(D84,"MMM")) -> 01 Jan | G84: 13.00 | H84: HESTI | I84: FEDRICK JONATAN | K84: K.ST - SESI TERAPI | L84: =IF(ISNUMBER(SEARCH("*K.TA*",K84)),"TA KLINIK",IF(ISNUMBER(SEARCH("*K.PT*",K84)),"PAKET KLINIK",IF(ISNUMBER(SEARCH("*K.ST*",K84)),"SESI KLINIK",IF(ISNUMBER(SEARCH("*V.TA*",K84)),"TA VISIT",IF(ISNUMBER(SEARCH("*V.ST*",K84)),"SESI VISIT",IF(ISNUMBER(SEARCH("*V.PT*",K84)),"PAKET VISIT","LAINNYA")))))) -> SESI KLINIK | M84: LUNAS | N84: 150000 | O84: 0 | P84: {=IFNA(XLOOKUP(K84,'⚙️ Pengaturan'!$E$2:$E800,'⚙️ Pengaturan'!$F$2:$F800),"")} -> 150000 | Q84: =IF(I84="","",(N84+O84)-P84) -> 0 | R84: TUNAI | S84: - | T84: TRUE
B85: 2190 | C85: NOPI | D85: 46029 | E85: =if(D85="","",text(D85,"YYY")) -> 2026 | F85: =if(D85="","",text(D85,"MM")&" "&text(D85,"MMM")) -> 01 Jan | G85: 20.00 | H85: ORY | I85: RENDI | K85: K.PT - PAKET 2 | L85: =IF(ISNUMBER(SEARCH("*K.TA*",K85)),"TA KLINIK",IF(ISNUMBER(SEARCH("*K.PT*",K85)),"PAKET KLINIK",IF(ISNUMBER(SEARCH("*K.ST*",K85)),"SESI KLINIK",IF(ISNUMBER(SEARCH("*V.TA*",K85)),"TA VISIT",IF(ISNUMBER(SEARCH("*V.ST*",K85)),"SESI VISIT",IF(ISNUMBER(SEARCH("*V.PT*",K85)),"PAKET VISIT","LAINNYA")))))) -> PAKET KLINIK | M85: LUNAS | N85: 1200000 | O85: 0 | P85: {=IFNA(XLOOKUP(K85,'⚙️ Pengaturan'!$E$2:$E800,'⚙️ Pengaturan'!$F$2:$F800),"")} -> 1200000 | Q85: =IF(I85="","",(N85+O85)-P85) -> 0 | R85: TUNAI | S85: - | T85: TRUE
B86: 2191 | C86: NOPI | D86: 46029 | E86: =if(D86="","",text(D86,"YYY")) -> 2026 | F86: =if(D86="","",text(D86,"MM")&" "&text(D86,"MMM")) -> 01 Jan | G86: 20.00 | H86: PRITY | I86: M FAIZ AL BARA | J86: BARU | K86: K.TA - TERAPI AWAL | L86: =IF(ISNUMBER(SEARCH("*K.TA*",K86)),"TA KLINIK",IF(ISNUMBER(SEARCH("*K.PT*",K86)),"PAKET KLINIK",IF(ISNUMBER(SEARCH("*K.ST*",K86)),"SESI KLINIK",IF(ISNUMBER(SEARCH("*V.TA*",K86)),"TA VISIT",IF(ISNUMBER(SEARCH("*V.ST*",K86)),"SESI VISIT",IF(ISNUMBER(SEARCH("*V.PT*",K86)),"PAKET VISIT","LAINNYA")))))) -> TA KLINIK | M86: LUNAS | N86: 250000 | O86: 0 | P86: {=IFNA(XLOOKUP(K86,'⚙️ Pengaturan'!$E$2:$E800,'⚙️ Pengaturan'!$F$2:$F800),"")} -> 250000 | Q86: =IF(I86="","",(N86+O86)-P86) -> 0 | R86: TUNAI | S86: - | T86: TRUE
B87: 2192 | C87: NOPI | D87: 46029 | E87: =if(D87="","",text(D87,"YYY")) -> 2026 | F87: =if(D87="","",text(D87,"MM")&" "&text(D87,"MMM")) -> 01 Jan | G87: 20.00 | H87: AUL | I87: BAGAS BIMANTORO HARYONO | K87: K.PT - PAKET 1 | L87: =IF(ISNUMBER(SEARCH("*K.TA*",K87)),"TA KLINIK",IF(ISNUMBER(SEARCH("*K.PT*",K87)),"PAKET KLINIK",IF(ISNUMBER(SEARCH("*K.ST*",K87)),"SESI KLINIK",IF(ISNUMBER(SEARCH("*V.TA*",K87)),"TA VISIT",IF(ISNUMBER(SEARCH("*V.ST*",K87)),"SESI VISIT",IF(ISNUMBER(SEARCH("*V.PT*",K87)),"PAKET VISIT","LAINNYA")))))) -> PAKET KLINIK | M87: DP | N87: 200000 | O87: 0 | P87: {=IFNA(XLOOKUP(K87,'⚙️ Pengaturan'!$E$2:$E800,'⚙️ Pengaturan'!$F$2:$F800),"")} -> 650000 | Q87: =IF(I87="","",(N87+O87)-P87) -> -450000 | R87: TUNAI | S87: - | T87: TRUE
B88: 2193 | C88: SUCI | D88: 46030 | E88: =if(D88="","",text(D88,"YYY")) -> 2026 | F88: =if(D88="","",text(D88,"MM")&" "&text(D88,"MMM")) -> 01 Jan | G88: 11.00 | H88: ORY | I88: DRS JAROT SUTRISNO M.SI | J88: BARU | K88: K.TA - TERAPI AWAL | L88: =IF(ISNUMBER(SEARCH("*K.TA*",K88)),"TA KLINIK",IF(ISNUMBER(SEARCH("*K.PT*",K88)),"PAKET KLINIK",IF(ISNUMBER(SEARCH("*K.ST*",K88)),"SESI KLINIK",IF(ISNUMBER(SEARCH("*V.TA*",K88)),"TA VISIT",IF(ISNUMBER(SEARCH("*V.ST*",K88)),"SESI VISIT",IF(ISNUMBER(SEARCH("*V.PT*",K88)),"PAKET VISIT","LAINNYA")))))) -> TA KLINIK | M88: LUNAS | N88: 250000 | O88: 0 | P88: {=IFNA(XLOOKUP(K88,'⚙️ Pengaturan'!$E$2:$E800,'⚙️ Pengaturan'!$F$2:$F800),"")} -> 250000 | Q88: =IF(I88="","",(N88+O88)-P88) -> 0 | R88: TUNAI | S88: - | T88: TRUE
B89: 2194 | C89: SUCI | D89: 46030 | E89: =if(D89="","",text(D89,"YYY")) -> 2026 | F89: =if(D89="","",text(D89,"MM")&" "&text(D89,"MMM")) -> 01 Jan | G89: 11.00 | H89: AUL | I89: MUSNAINI | K89: K.PT - PAKET 1 | L89: =IF(ISNUMBER(SEARCH("*K.TA*",K89)),"TA KLINIK",IF(ISNUMBER(SEARCH("*K.PT*",K89)),"PAKET KLINIK",IF(ISNUMBER(SEARCH("*K.ST*",K89)),"SESI KLINIK",IF(ISNUMBER(SEARCH("*V.TA*",K89)),"TA VISIT",IF(ISNUMBER(SEARCH("*V.ST*",K89)),"SESI VISIT",IF(ISNUMBER(SEARCH("*V.PT*",K89)),"PAKET VISIT","LAINNYA")))))) -> PAKET KLINIK | M89: LUNAS | N89: 650000 | O89: 0 | P89: {=IFNA(XLOOKUP(K89,'⚙️ Pengaturan'!$E$2:$E800,'⚙️ Pengaturan'!$F$2:$F800),"")} -> 650000 | Q89: =IF(I89="","",(N89+O89)-P89) -> 0 | R89: TRANSFER BCA | S89: MUHAMMAD YAKINI AKBAR | T89: TRUE
B90: 2195 | C90: SUCI | D90: 46030 | E90: =if(D90="","",text(D90,"YYY")) -> 2026 | F90: =if(D90="","",text(D90,"MM")&" "&text(D90,"MMM")) -> 01 Jan | G90: 11.00 | H90: DESTY | I90: AULIA SUCI NURFADILA | J90: BARU | K90: K.TA - TERAPI AWAL | L90: =IF(ISNUMBER(SEARCH("*K.TA*",K90)),"TA KLINIK",IF(ISNUMBER(SEARCH("*K.PT*",K90)),"PAKET KLINIK",IF(ISNUMBER(SEARCH("*K.ST*",K90)),"SESI KLINIK",IF(ISNUMBER(SEARCH("*V.TA*",K90)),"TA VISIT",IF(ISNUMBER(SEARCH("*V.ST*",K90)),"SESI VISIT",IF(ISNUMBER(SEARCH("*V.PT*",K90)),"PAKET VISIT","LAINNYA")))))) -> TA KLINIK | M90: LUNAS | N90: 250000 | O90: 0 | P90: {=IFNA(XLOOKUP(K90,'⚙️ Pengaturan'!$E$2:$E800,'⚙️ Pengaturan'!$F$2:$F800),"")} -> 250000 | Q90: =IF(I90="","",(N90+O90)-P90) -> 0 | R90: TRANSFER BCA | S90: SAMUEL LAURENS | T90: TRUE
B91: 2196 | C91: SUCI | D91: 46030 | E91: =if(D91="","",text(D91,"YYY")) -> 2026 | F91: =if(D91="","",text(D91,"MM")&" "&text(D91,"MMM")) -> 01 Jan | G91: 11.00 | H91: DESTY | I91: AULIA SUCI NURFADILA | J91: BARU | K91: K.PT - PAKET 1 | L91: =IF(ISNUMBER(SEARCH("*K.TA*",K91)),"TA KLINIK",IF(ISNUMBER(SEARCH("*K.PT*",K91)),"PAKET KLINIK",IF(ISNUMBER(SEARCH("*K.ST*",K91)),"SESI KLINIK",IF(ISNUMBER(SEARCH("*V.TA*",K91)),"TA VISIT",IF(ISNUMBER(SEARCH("*V.ST*",K91)),"SESI VISIT",IF(ISNUMBER(SEARCH("*V.PT*",K91)),"PAKET VISIT","LAINNYA")))))) -> PAKET KLINIK | M91: LUNAS | N91: 650000 | O91: 0 | P91: {=IFNA(XLOOKUP(K91,'⚙️ Pengaturan'!$E$2:$E800,'⚙️ Pengaturan'!$F$2:$F800),"")} -> 650000 | Q91: =IF(I91="","",(N91+O91)-P91) -> 0 | R91: TRANSFER BCA | S91: SAMUEL LAURENS | T91: TRUE
B92: 2197 | C92: NOPI | D92: 46030 | E92: =if(D92="","",text(D92,"YYY")) -> 2026 | F92: =if(D92="","",text(D92,"MM")&" "&text(D92,"MMM")) -> 01 Jan | G92: 17.00 | H92: HENA | I92: NG TJOEI FONG ALS SILVIA | J92: BARU | K92: K.TA - TERAPI AWAL | L92: =IF(ISNUMBER(SEARCH("*K.TA*",K92)),"TA KLINIK",IF(ISNUMBER(SEARCH("*K.PT*",K92)),"PAKET KLINIK",IF(ISNUMBER(SEARCH("*K.ST*",K92)),"SESI KLINIK",IF(ISNUMBER(SEARCH("*V.TA*",K92)),"TA VISIT",IF(ISNUMBER(SEARCH("*V.ST*",K92)),"SESI VISIT",IF(ISNUMBER(SEARCH("*V.PT*",K92)),"PAKET VISIT","LAINNYA")))))) -> TA KLINIK | M92: LUNAS | N92: 250000 | O92: 0 | P92: {=IFNA(XLOOKUP(K92,'⚙️ Pengaturan'!$E$2:$E800,'⚙️ Pengaturan'!$F$2:$F800),"")} -> 250000 | Q92: =IF(I92="","",(N92+O92)-P92) -> 0 | R92: EDC BCA | S92: RUDI HARTONO | T92: TRUE
B93: 2198 | C93: NOPI | D93: 46030 | E93: =if(D93="","",text(D93,"YYY")) -> 2026 | F93: =if(D93="","",text(D93,"MM")&" "&text(D93,"MMM")) -> 01 Jan | G93: 14.00 | H93: AUL | I93: NOPEARIANI, AMD.KEB | K93: K.ST - SESI TERAPI | L93: =IF(ISNUMBER(SEARCH("*K.TA*",K93)),"TA KLINIK",IF(ISNUMBER(SEARCH("*K.PT*",K93)),"PAKET KLINIK",IF(ISNUMBER(SEARCH("*K.ST*",K93)),"SESI KLINIK",IF(ISNUMBER(SEARCH("*V.TA*",K93)),"TA VISIT",IF(ISNUMBER(SEARCH("*V.ST*",K93)),"SESI VISIT",IF(ISNUMBER(SEARCH("*V.PT*",K93)),"PAKET VISIT","LAINNYA")))))) -> SESI KLINIK | M93: LUNAS | N93: 150000 | O93: 0 | P93: 150000 | Q93: =IF(I93="","",(N93+O93)-P93) -> 0 | R93: TUNAI | S93: - | T93: TRUE
B94: 2199 | C94: NOPI | D94: 46031 | E94: =if(D94="","",text(D94,"YYY")) -> 2026 | F94: =if(D94="","",text(D94,"MM")&" "&text(D94,"MMM")) -> 01 Jan | G94: 11.00 | H94: DESTY | I94: PUTRI ATIKAH | K94: V.ST - SESI VISIT | L94: =IF(ISNUMBER(SEARCH("*K.TA*",K94)),"TA KLINIK",IF(ISNUMBER(SEARCH("*K.PT*",K94)),"PAKET KLINIK",IF(ISNUMBER(SEARCH("*K.ST*",K94)),"SESI KLINIK",IF(ISNUMBER(SEARCH("*V.TA*",K94)),"TA VISIT",IF(ISNUMBER(SEARCH("*V.ST*",K94)),"SESI VISIT",IF(ISNUMBER(SEARCH("*V.PT*",K94)),"PAKET VISIT","LAINNYA")))))) -> SESI VISIT | M94: LUNAS | N94: 200000 | O94: 0 | P94: {=IFNA(XLOOKUP(K94,'⚙️ Pengaturan'!$E$2:$E800,'⚙️ Pengaturan'!$F$2:$F800),"")} -> 200000 | Q94: =IF(I94="","",(N94+O94)-P94) -> 0 | R94: TRANSFER BCA | S94: PUTRI ATIKAH | T94: TRUE
B95: 2200 | C95: LAINNYA | D95: 46031 | E95: =if(D95="","",text(D95,"YYY")) -> 2026 | F95: =if(D95="","",text(D95,"MM")&" "&text(D95,"MMM")) -> 01 Jan | G95: 17.00 | H95: DANI | I95: JUVENTYA | J95: BARU | K95: K.ST - SESI TERAPI | L95: =IF(ISNUMBER(SEARCH("*K.TA*",K95)),"TA KLINIK",IF(ISNUMBER(SEARCH("*K.PT*",K95)),"PAKET KLINIK",IF(ISNUMBER(SEARCH("*K.ST*",K95)),"SESI KLINIK",IF(ISNUMBER(SEARCH("*V.TA*",K95)),"TA VISIT",IF(ISNUMBER(SEARCH("*V.ST*",K95)),"SESI VISIT",IF(ISNUMBER(SEARCH("*V.PT*",K95)),"PAKET VISIT","LAINNYA")))))) -> SESI KLINIK | M95: LUNAS | N95: 150000 | O95: 0 | P95: {=IFNA(XLOOKUP(K95,'⚙️ Pengaturan'!$E$2:$E800,'⚙️ Pengaturan'!$F$2:$F800),"")} -> 150000 | Q95: =IF(I95="","",(N95+O95)-P95) -> 0 | R95: TRANSFER BCA | S95: JUVENTYA | T95: TRUE
B96: 2201 | C96: LAINNYA | D96: 46031 | E96: =if(D96="","",text(D96,"YYY")) -> 2026 | F96: =if(D96="","",text(D96,"MM")&" "&text(D96,"MMM")) -> 01 Jan | G96: 17.00 | H96: HESTI | I96: FEDRICK JONATAN | K96: K.ST - SESI TERAPI | L96: =IF(ISNUMBER(SEARCH("*K.TA*",K96)),"TA KLINIK",IF(ISNUMBER(SEARCH("*K.PT*",K96)),"PAKET KLINIK",IF(ISNUMBER(SEARCH("*K.ST*",K96)),"SESI KLINIK",IF(ISNUMBER(SEARCH("*V.TA*",K96)),"TA VISIT",IF(ISNUMBER(SEARCH("*V.ST*",K96)),"SESI VISIT",IF(ISNUMBER(SEARCH("*V.PT*",K96)),"PAKET VISIT","LAINNYA")))))) -> SESI KLINIK | M96: LUNAS | N96: 150000 | O96: 0 | P96: {=IFNA(XLOOKUP(K96,'⚙️ Pengaturan'!$E$2:$E800,'⚙️ Pengaturan'!$F$2:$F800),"")} -> 150000 | Q96: =IF(I96="","",(N96+O96)-P96) -> 0 | R96: TUNAI | S96: - | T96: TRUE
B97: 2202 | C97: LAINNYA | D97: 46031 | E97: =if(D97="","",text(D97,"YYY")) -> 2026 | F97: =if(D97="","",text(D97,"MM")&" "&text(D97,"MMM")) -> 01 Jan | G97: 18.00 | H97: HESTI | I97: SUWINDA KUSRINI | J97: BARU | K97: K.TA - TERAPI AWAL | L97: =IF(ISNUMBER(SEARCH("*K.TA*",K97)),"TA KLINIK",IF(ISNUMBER(SEARCH("*K.PT*",K97)),"PAKET KLINIK",IF(ISNUMBER(SEARCH("*K.ST*",K97)),"SESI KLINIK",IF(ISNUMBER(SEARCH("*V.TA*",K97)),"TA VISIT",IF(ISNUMBER(SEARCH("*V.ST*",K97)),"SESI VISIT",IF(ISNUMBER(SEARCH("*V.PT*",K97)),"PAKET VISIT","LAINNYA")))))) -> TA KLINIK | M97: LUNAS | N97: 250000 | O97: 0 | P97: {=IFNA(XLOOKUP(K97,'⚙️ Pengaturan'!$E$2:$E800,'⚙️ Pengaturan'!$F$2:$F800),"")} -> 250000 | Q97: =IF(I97="","",(N97+O97)-P97) -> 0 | R97: TUNAI | S97: - | T97: TRUE
B98: 2203 | C98: LAINNYA | D98: 46031 | E98: =if(D98="","",text(D98,"YYY")) -> 2026 | F98: =if(D98="","",text(D98,"MM")&" "&text(D98,"MMM")) -> 01 Jan | G98: 20.00 | H98: HESTI | I98: M FAIZ AL BARA | K98: K.PT - PAKET 1 | L98: =IF(ISNUMBER(SEARCH("*K.TA*",K98)),"TA KLINIK",IF(ISNUMBER(SEARCH("*K.PT*",K98)),"PAKET KLINIK",IF(ISNUMBER(SEARCH("*K.ST*",K98)),"SESI KLINIK",IF(ISNUMBER(SEARCH("*V.TA*",K98)),"TA VISIT",IF(ISNUMBER(SEARCH("*V.ST*",K98)),"SESI VISIT",IF(ISNUMBER(SEARCH("*V.PT*",K98)),"PAKET VISIT","LAINNYA")))))) -> PAKET KLINIK | M98: DP | N98: 200000 | O98: 0 | P98: {=IFNA(XLOOKUP(K98,'⚙️ Pengaturan'!$E$2:$E800,'⚙️ Pengaturan'!$F$2:$F800),"")} -> 650000 | Q98: =IF(I98="","",(N98+O98)-P98) -> -450000 | R98: TUNAI | S98: - | T98: TRUE
B99: 2204 | C99: SUCI | D99: 46032 | E99: =if(D99="","",text(D99,"YYY")) -> 2026 | F99: =if(D99="","",text(D99,"MM")&" "&text(D99,"MMM")) -> 01 Jan | G99: 10.00 | H99: HESTI | I99: WILDAN ANKY PUTRA | J99: BARU | K99: K.TA - TERAPI AWAL | L99: =IF(ISNUMBER(SEARCH("*K.TA*",K99)),"TA KLINIK",IF(ISNUMBER(SEARCH("*K.PT*",K99)),"PAKET KLINIK",IF(ISNUMBER(SEARCH("*K.ST*",K99)),"SESI KLINIK",IF(ISNUMBER(SEARCH("*V.TA*",K99)),"TA VISIT",IF(ISNUMBER(SEARCH("*V.ST*",K99)),"SESI VISIT",IF(ISNUMBER(SEARCH("*V.PT*",K99)),"PAKET VISIT","LAINNYA")))))) -> TA KLINIK | M99: LUNAS | N99: 250000 | O99: 0 | P99: {=IFNA(XLOOKUP(K99,'⚙️ Pengaturan'!$E$2:$E800,'⚙️ Pengaturan'!$F$2:$F800),"")} -> 250000 | Q99: =IF(I99="","",(N99+O99)-P99) -> 0 | R99: TRANSFER BCA | S99: WILDAN ANKY PUTRA | T99: TRUE
B100: 2205 | C100: SUCI | D100: 46032 | E100: =if(D100="","",text(D100,"YYY")) -> 2026 | F100: =if(D100="","",text(D100,"MM")&" "&text(D100,"MMM")) -> 01 Jan | G100: 11.00 | H100: HENA | I100: CHRIS MULIO JOHANES | K100: K.ST - SESI TERAPI | L100: =IF(ISNUMBER(SEARCH("*K.TA*",K100)),"TA KLINIK",IF(ISNUMBER(SEARCH("*K.PT*",K100)),"PAKET KLINIK",IF(ISNUMBER(SEARCH("*K.ST*",K100)),"SESI KLINIK",IF(ISNUMBER(SEARCH("*V.TA*",K100)),"TA VISIT",IF(ISNUMBER(SEARCH("*V.ST*",K100)),"SESI VISIT",IF(ISNUMBER(SEARCH("*V.PT*",K100)),"PAKET VISIT","LAINNYA")))))) -> SESI KLINIK | M100: LUNAS | N100: 150000 | O100: 0 | P100: {=IFNA(XLOOKUP(K100,'⚙️ Pengaturan'!$E$2:$E800,'⚙️ Pengaturan'!$F$2:$F800),"")} -> 150000 | Q100: =IF(I100="","",(N100+O100)-P100) -> 0 | R100: TRANSFER BCA | S100: CHRIS MULIO JOHANES | T100: TRUE
B101: 2206 | C101: SUCI | D101: 46032 | E101: =if(D101="","",text(D101,"YYY")) -> 2026 | F101: =if(D101="","",text(D101,"MM")&" "&text(D101,"MMM")) -> 01 Jan | G101: 10.00 | H101: EDO | I101: DHAIFULLAH IRFAN HAFIZH | K101: K.PT - PAKET 2 | L101: =IF(ISNUMBER(SEARCH("*K.TA*",K101)),"TA KLINIK",IF(ISNUMBER(SEARCH("*K.PT*",K101)),"PAKET KLINIK",IF(ISNUMBER(SEARCH("*K.ST*",K101)),"SESI KLINIK",IF(ISNUMBER(SEARCH("*V.TA*",K101)),"TA VISIT",IF(ISNUMBER(SEARCH("*V.ST*",K101)),"SESI VISIT",IF(ISNUMBER(SEARCH("*V.PT*",K101)),"PAKET VISIT","LAINNYA")))))) -> PAKET KLINIK | M101: PELUNASAN | N101: 600000 | O101: 600000 | P101: {=IFNA(XLOOKUP(K101,'⚙️ Pengaturan'!$E$2:$E800,'⚙️ Pengaturan'!$F$2:$F800),"")} -> 1200000 | Q101: =IF(I101="","",(N101+O101)-P101) -> 0 | R101: TUNAI | S101: - | T101: TRUE
B102: 2207 | C102: SUCI | D102: 46032 | E102: =if(D102="","",text(D102,"YYY")) -> 2026 | F102: =if(D102="","",text(D102,"MM")&" "&text(D102,"MMM")) -> 01 Jan | G102: 12.00 | H102: HESTI | I102: SYARIFAH FADILLAH | J102: BARU | K102: K.TA - TERAPI AWAL | L102: =IF(ISNUMBER(SEARCH("*K.TA*",K102)),"TA KLINIK",IF(ISNUMBER(SEARCH("*K.PT*",K102)),"PAKET KLINIK",IF(ISNUMBER(SEARCH("*K.ST*",K102)),"SESI KLINIK",IF(ISNUMBER(SEARCH("*V.TA*",K102)),"TA VISIT",IF(ISNUMBER(SEARCH("*V.ST*",K102)),"SESI VISIT",IF(ISNUMBER(SEARCH("*V.PT*",K102)),"PAKET VISIT","LAINNYA")))))) -> TA KLINIK | M102: LUNAS | N102: 250000 | O102: 0 | P102: {=IFNA(XLOOKUP(K102,'⚙️ Pengaturan'!$E$2:$E800,'⚙️ Pengaturan'!$F$2:$F800),"")} -> 250000 | Q102: =IF(I102="","",(N102+O102)-P102) -> 0 | R102: TUNAI | S102: - | T102: TRUE
...

Sheet ⬆️ PENGELUARAN
B1: CATATAN PENGELUARAN FISIOTERAPI GANG SEHAT PONTIANAK 2026
B4: Z | C4: ADMIN | D4: TANGGAL | E4: TAHUN | F4: BULAN | G4: NOMINAL | H4: JENIS PENGELUARAN | I4: KETERANGAN | J4: KATEGORI | K4: ✅ | L4: CATATAN | M4: Column 12
B5: 335 | C5: NOPI | D5: 46025 | E5: =if(D5="","",text(D5,"yyyy")) -> 2026 | F5: =if(D5="","",text(D5,"mm")&" "&text(D5,"mmm")) -> 01 Jan | G5: 148000 | H5: TUNAI | I5: BELI MAP | J5: BEBAN PELAYANAN FGS | K5: TRUE
B6: 336 | C6: NOPI | D6: 46026 | E6: =if(D6="","",text(D6,"yyyy")) -> 2026 | F6: =if(D6="","",text(D6,"mm")&" "&text(D6,"mmm")) -> 01 Jan | G6: 400000 | H6: TUNAI | I6: TIA | J6: TUKAR TUNAI | K6: TRUE
B7: 337 | C7: NOPI | D7: 46026 | E7: =if(D7="","",text(D7,"yyyy")) -> 2026 | F7: =if(D7="","",text(D7,"mm")&" "&text(D7,"mmm")) -> 01 Jan | G7: 15000 | H7: TUNAI | I7: BELI ES BATU | J7: BEBAN PELAYANAN FGS | K7: TRUE
B8: 338 | C8: NOPI | D8: 46027 | E8: =if(D8="","",text(D8,"yyyy")) -> 2026 | F8: =if(D8="","",text(D8,"mm")&" "&text(D8,"mmm")) -> 01 Jan | G8: 100000 | H8: TUNAI | I8: SUCI | J8: TUKAR TUNAI | K8: TRUE
B9: 339 | C9: NOPI | D9: 46027 | E9: =if(D9="","",text(D9,"yyyy")) -> 2026 | F9: =if(D9="","",text(D9,"mm")&" "&text(D9,"mmm")) -> 01 Jan | G9: 150000 | H9: TUNAI | I9: NOPI | J9: TUKAR TUNAI | K9: TRUE
B10: 340 | C10: NOPI | D10: 46027 | E10: =if(D10="","",text(D10,"yyyy")) -> 2026 | F10: =if(D10="","",text(D10,"mm")&" "&text(D10,"mmm")) -> 01 Jan | G10: 150000 | H10: TUNAI | I10: BYR SMPAH | J10: BEBAN PELAYANAN FGS | K10: TRUE
B11: 341 | C11: NOPI | D11: 46027 | E11: =if(D11="","",text(D11,"yyyy")) -> 2026 | F11: =if(D11="","",text(D11,"mm")&" "&text(D11,"mmm")) -> 01 Jan | G11: 50000 | H11: TUNAI | I11: HENA | J11: TUKAR TUNAI | K11: TRUE
B12: 342 | C12: NOPI | D12: 46028 | E12: =if(D12="","",text(D12,"yyyy")) -> 2026 | F12: =if(D12="","",text(D12,"mm")&" "&text(D12,"mmm")) -> 01 Jan | G12: 150000 | H12: TUNAI | I12: BELI AIR BLUE, DOUBLE TIP, MAP DAN PENGHARUM AC | J12: BEBAN PELAYANAN FGS | K12: TRUE
B13: 343 | C13: NOPI | D13: 46029 | E13: =if(D13="","",text(D13,"yyyy")) -> 2026 | F13: =if(D13="","",text(D13,"mm")&" "&text(D13,"mmm")) -> 01 Jan | G13: 200000 | H13: TUNAI | I13: NOPI | J13: TUKAR TUNAI | K13: TRUE
B14: 344 | C14: NOPI | D14: 46030 | E14: =if(D14="","",text(D14,"yyyy")) -> 2026 | F14: =if(D14="","",text(D14,"mm")&" "&text(D14,"mmm")) -> 01 Jan | G14: 150000 | H14: TUNAI | I14: EDO | J14: TUKAR TUNAI | K14: TRUE
B15: 345 | C15: NOPI | D15: 46030 | E15: =if(D15="","",text(D15,"yyyy")) -> 2026 | F15: =if(D15="","",text(D15,"mm")&" "&text(D15,"mmm")) -> 01 Jan | G15: 100000 | H15: TUNAI | I15: SUCI | J15: TUKAR TUNAI | K15: TRUE
B16: 346 | C16: NOPI | D16: 46030 | E16: =if(D16="","",text(D16,"yyyy")) -> 2026 | F16: =if(D16="","",text(D16,"mm")&" "&text(D16,"mmm")) -> 01 Jan | G16: 50000 | H16: TUNAI | I16: NOPI | J16: TUKAR TUNAI | K16: TRUE
... B30: 360 | C30: SUCI | D30: 46035 | E30: =if(D30="","",text(D30,"yyyy")) -> 2026 | F30: =if(D30="","",text(D30,"mm")&" "&text(D30,"mmm")) -> 01 Jan | G30: 100000 | H30: TUNAI | I30: HENA TT | J30: TUKAR TUNAI | K30: TRUE
B31: 361 | C31: SUCI | D31: 46035 | E31: 2026 | F31: 01 Jan | G31: 200000 | H31: TUNAI | I31: TIA TT | J31: TUKAR TUNAI | K31: TRUE
B32: 362 | C32: SUCI | D32: 46036 | E32: =if(D32="","",text(D32,"yyyy")) -> 2026 | F32: =if(D32="","",text(D32,"mm")&" "&text(D32,"mmm")) -> 01 Jan | G32: 50000 | H32: TUNAI | I32: KONSUMSI RETURN TO SPORT PIPO | J32: BEBAN PELAYANAN FGS | K32: TRUE
B33: 363 | C33: NOPI | D33: 46036 | E33: =if(D33="","",text(D33,"yyyy")) -> 2026 | F33: =if(D33="","",text(D33,"mm")&" "&text(D33,"mmm")) -> 01 Jan | G33: 50000 | H33: TUNAI | I33: NOPI | J33: TUKAR TUNAI | K33: TRUE
B34: 364 | C34: NOPI | D34: 46036 | E34: =if(D34="","",text(D34,"yyyy")) -> 2026 | F34: =if(D34="","",text(D34,"mm")&" "&text(D34,"mmm")) -> 01 Jan | G34: 200000 | H34: TUNAI | I34: TIA | J34: TUKAR TUNAI | K34: TRUE
B35: 365 | C35: NOPI | D35: 46037 | E35: =if(D35="","",text(D35,"yyyy")) -> 2026 | F35: =if(D35="","",text(D35,"mm")&" "&text(D35,"mmm")) -> 01 Jan | G35: 50000 | H35: TUNAI | I35: HENA AMBIL UANG JARAK TA CE FEBE | J35: JARAK VISIT | K35: TRUE
B36: 366 | C36: NOPI | D36: 46037 | E36: =if(D36="","",text(D36,"yyyy")) -> 2026 | F36: =if(D36="","",text(D36,"mm")&" "&text(D36,"mmm")) -> 01 Jan | G36: 100000 | H36: TUNAI | I36: DESTY AMBIL JARAK KAK NOVI 2X SESI | J36: JARAK VISIT | K36: TRUE
B37: 367 | C37: NOPI | D37: 46037 | E37: =if(D37="","",text(D37,"yyyy")) -> 2026 | F37: =if(D37="","",text(D37,"mm")&" "&text(D37,"mmm")) -> 01 Jan | G37: 100000 | H37: TUNAI | I37: NOPI | J37: TUKAR TUNAI | K37: TRUE
B38: 368 | C38: NOPI | D38: 46039 | E38: =if(D38="","",text(D38,"yyyy")) -> 2026 | F38: =if(D38="","",text(D38,"mm")&" "&text(D38,"mmm")) -> 01 Jan | G38: 15000 | H38: TUNAI | I38: BELI ES BATU | J38: BEBAN PELAYANAN FGS | K38: TRUE
B39: 369 | C39: NOPI | D39: 46039 | E39: =if(D39="","",text(D39,"yyyy")) -> 2026 | F39: =if(D39="","",text(D39,"mm")&" "&text(D39,"mmm")) -> 01 Jan | G39: 100000 | H39: TUNAI | I39: SUCI | J39: TUKAR TUNAI | K39: TRUE
B40: 370 | C40: NOPI | D40: 46039 | E40: =if(D40="","",text(D40,"yyyy")) -> 2026 | F40: =if(D40="","",text(D40,"mm")&" "&text(D40,"mmm")) -> 01 Jan | G40: 300000 | H40: TUNAI | I40: EDO | J40: TUKAR TUNAI | K40: TRUE
B41: 371 | C41: NOPI | D41: 46039 | E41: =if(D41="","",text(D41,"yyyy")) -> 2026 | F41: =if(D41="","",text(D41,"mm")&" "&text(D41,"mmm")) -> 01 Jan | G41: 50000 | H41: TUNAI | I41: JARAK HENA (AN. ASNAH) | J41: BEBAN GAJI | K41: TRUE
B42: 372 | C42: SUCI | D42: 46040 | E42: =if(D42="","",text(D42,"yyyy")) -> 2026 | F42: =if(D42="","",text(D42,"mm")&" "&text(D42,"mmm")) -> 01 Jan | G42: 80000 | H42: TUNAI | I42: BELI LAMPU | J42: BEBAN PELAYANAN FGS | K42: TRUE
B43: 373 | C43: SUCI | D43: 46040 | E43: =if(D43="","",text(D43,"yyyy")) -> 2026 | F43: =if(D43="","",text(D43,"mm")&" "&text(D43,"mmm")) -> 01 Jan | G43: 50000 | H43: TUNAI | I43: KOPI PELANGI DANI | J43: BEBAN PELAYANAN FGS | K43: TRUE
... B51: 381 | C51: SUCI | D51: 46042 | E51: =if(D51="","",text(D51,"yyyy")) -> 2026 | F51: =if(D51="","",text(D51,"mm")&" "&text(D51,"mmm")) -> 01 Jan | G51: 100000 | H51: TUNAI | I51: TT NOPI | J51: TUKAR TUNAI | K51: TRUE
B52: 382 | C52: SUCI | D52: 46042 | E52: 2026 | F52: 01 Jan | G52: 50000 | H52: TUNAI | I52: TT HESTI | J52: TUKAR TUNAI | K52: TRUE
B53: 383 | C53: SUCI | D53: 46042 | E53: 2026 | F53: 01 Jan | G53: 100000 | H53: TUNAI | I53: TT HEN | J53: TUKAR TUNAI | K53: TRUE
B54: 384 | C54: SUCI | D54: 46042 | E54: =if(D54="","",text(D54,"yyyy")) -> 2026 | F54: =if(D54="","",text(D54,"mm")&" "&text(D54,"mmm")) -> 01 Jan | G54: 400000 | H54: TUNAI | I54: DESTY AMBIL JARAK KAK NOVI SISANYA | J54: TUKAR TUNAI | K54: TRUE
B55: 385 | C55: SUCI | D55: 46042 | E55: 2026 | F55: 01 Jan | G55: 86000 | H55: TUNAI | I55: PAKET BASEP | J55: TUKAR TUNAI | K55: TRUE
B56: 386 | C56: NOPI | D56: 46043 | G56: 100000 | H56: TUNAI | I56: HENA | J56: TUKAR TUNAI | K56: TRUE
B57: 387 | C57: NOPI | D57: 46043 | E57: =if(D57="","",text(D57,"yyyy")) -> 2026 | F57: =if(D57="","",text(D57,"mm")&" "&text(D57,"mmm")) -> 01 Jan | G57: 200000 | H57: TUNAI | I57: TIA | J57: TUKAR TUNAI | K57: TRUE
B58: 388 | C58: NOPI | D58: 46043 | E58: =if(D58="","",text(D58,"yyyy")) -> 2026 | F58: =if(D58="","",text(D58,"mm")&" "&text(D58,"mmm")) -> 01 Jan | G58: 400000 | H58: TUNAI | I58: BAYAR SEDOT WC GRIYA ANAK | J58: BEBAN PELAYANAN FGS | K58: TRUE
B59: 389 | C59: NOPI | D59: 46044 | E59: =if(D59="","",text(D59,"yyyy")) -> 2026 | F59: =if(D59="","",text(D59,"mm")&" "&text(D59,"mmm")) -> 01 Jan | G59: 50000 | H59: TUNAI | I59: BETULKAN LAMPU DPN ASESSMENT | J59: BEBAN PELAYANAN FGS | K59: TRUE
B60: 390 | C60: NOPI | D60: 46044 | E60: =if(D60="","",text(D60,"yyyy")) -> 2026 | F60: =if(D60="","",text(D60,"mm")&" "&text(D60,"mmm")) -> 01 Jan | G60: 100000 | H60: TUNAI | I60: NOPI | J60: TUKAR TUNAI | K60: TRUE
B61: 391 | C61: NOPI | D61: 46044 | E61: =if(D61="","",text(D61,"yyyy")) -> 2026 | F61: =if(D61="","",text(D61,"mm")&" "&text(D61,"mmm")) -> 01 Jan | G61: 50000 | H61: TUNAI | I61: HENA | J61: TUKAR TUNAI | K61: TRUE
B62: 392 | C62: NOPI | D62: 46044 | E62: =if(D62="","",text(D62,"yyyy")) -> 2026 | F62: =if(D62="","",text(D62,"mm")&" "&text(D62,"mmm")) -> 01 Jan | G62: 38000 | H62: TUNAI | I62: HENA DAN OKTA | J62: TUKAR TUNAI | K62: TRUE
B63: 393 | C63: NOPI | D63: 46046 | E63: =if(D63="","",text(D63,"yyyy")) -> 2026 | F63: =if(D63="","",text(D63,"mm")&" "&text(D63,"mmm")) -> 01 Jan | G63: 15000 | H63: TUNAI | I63: BELI ES BATU | J63: BEBAN PELAYANAN FGS | K63: TRUE
B64: 394 | C64: NOPI | D64: 46047 | E64: =if(D64="","",text(D64,"yyyy")) -> 2026 | F64: =if(D64="","",text(D64,"mm")&" "&text(D64,"mmm")) -> 01 Jan | G64: 11000 | H64: TUNAI | I64: WAHYU | J64: TUKAR TUNAI | K64: TRUE
B65: 395 | C65: SUCI | D65: 46048 | E65: =if(D65="","",text(D65,"yyyy")) -> 2026 | F65: =if(D65="","",text(D65,"mm")&" "&text(D65,"mmm")) -> 01 Jan | G65: 300000 | H65: TUNAI | I65: REFUND UANG RATNAWITA KELEBIHAN BAYAR | J65: BEBAN PELAYANAN FGS | K65: TRUE
B66: 396 | C66: SUCI | D66: 46048 | E66: =if(D66="","",text(D66,"yyyy")) -> 2026 | F66: =if(D66="","",text(D66,"mm")&" "&text(D66,"mmm")) -> 01 Jan | G66: 50000 | H66: TUNAI | I66: SUCI TT | J66: TUKAR TUNAI | K66: TRUE
B67: 397 | C67: NOPI | D67: 46048 | E67: =if(D67="","",text(D67,"yyyy")) -> 2026 | F67: =if(D67="","",text(D67,"mm")&" "&text(D67,"mmm")) -> 01 Jan | G67: 50000 | H67: TUNAI | I67: HESTI | J67: TUKAR TUNAI | K67: TRUE
B68: 398 | C68: NOPI | D68: 46049 | E68: =if(D68="","",text(D68,"yyyy")) -> 2026 | F68: =if(D68="","",text(D68,"mm")&" "&text(D68,"mmm")) -> 01 Jan | G68: 50000 | H68: TUNAI | I68: TT SUCI | J68: TUKAR TUNAI | K68: TRUE
... B145: 475 | C145: DHEA | D145: 46081 | E145: =if(D145="","",text(D145,"yyyy")) -> 2026 | F145: =if(D145="","",text(D145,"mm")&" "&text(D145,"mmm")) -> 02 Feb | G145: 100000 | H145: TUNAI | I145: KAK SUCI | J145: TUKAR TUNAI | K145: TRUE

Sheet 📝 REKAP HARIAN
B1: Rekap Harian Admin
O2: Cash Hari Ini
N3: =K6-O6 -> 0
B5: Jumlah Kwitansi Pemasukan | F5: Jumlah Layanan Masuk | J5: Jumlah Pemasukan | N5: Jumlah Pengeluaran
K6: {=XLOOKUP("TUNAI",$J$7:$J1006,$K$7:$K1006,"0")} -> 0 | O6: {=XLOOKUP("TUNAI",$N$7:$N1006,$O$7:OK1006,"0")} -> 0

Sheet 📈 ANALISIS BULANAN
B1: VALIDASI JUMLAH TRANSAKSI BULANAN
B2: Dari | C2: 46023
B3: Sampai | C3: 46053
B5: JUMLAH LAYANAN PER TANGGAL | W5: JUMLAH LAYANAN PER FISIO

Sheet 🎯 ANALISIS CLOSING
A2: TANGGAL | B2: Bulan | C2: NAMA PASIEN | D2: USIA | E2: LAYANAN TERAKHIR | F2: STATUS | G2: KATEGORI | H2: TERAPIS | I2: ADMIN | J2: KETERANGAN | M2: TERAPIS | N2: JUMLAH TA | O2: CLOSING PAKET | P2: CLOSING SESI | Q2: TIDAK CLOSING | R2: TOTAL CLOSING | U2: TERAPIS | V2: CLOSING PAKET | W2: CLOSING SESI | X2: TIDAK CLOSING | Y2: TOTAL CLOSING
A3: =IFERROR(__xludf.DUMMYFUNCTION("FILTER('⬇️ PEMASUKAN'!$D$5:$D1181,'⬇️ PEMASUKAN'!$K$5:$K1181=""K.TA - TERAPI AWAL"")"),46025.0) -> 46025 | B3: =if(A3="","", text(A3,"mm")&text(A3,"mmm")) -> 01Jan | C3: =IFERROR(__xludf.DUMMYFUNCTION("FILTER('⬇️ PEMASUKAN'!$I$5:$I1181,'⬇️ PEMASUKAN'!$K$5:$K1181=""K.TA - TERAPI AWAL"")"),"ANDIANA MARJAYANTI") -> ANDIANA MARJAYANTI | D3: {=IFNA(XLOOKUP(C3,'👥 Daftar Nama Pasien'!$B$6:$B1181,'👥 Daftar Nama Pasien'!$D$6:$D1181),"")} -> 29 | E3: {=XLOOKUP(C3,'⬇️ PEMASUKAN'!$I$5:$I1181,'⬇️ PEMASUKAN'!$K$5:$K1181,,0,-1)} -> K.ST - SESI TERAPI | F3: =IF(E3="K.TA - TERAPI AWAL","TIDAK CLOSING",E3) -> K.ST - SESI TERAPI | G3: =IF(C3="","",IF(ISNUMBER(SEARCH("*K.PT*",F3)),"CLOSING PAKET",IF(ISNUMBER(SEARCH("*K.ST*",F3)),"CLOSING SESI","TIDAK CLOSING"))) -> CLOSING SESI | H3: =IFERROR(__xludf.DUMMYFUNCTION("FILTER('⬇️ PEMASUKAN'!$H$5:$H1181,'⬇️ PEMASUKAN'!$K$5:$K1181=""K.TA - TERAPI AWAL"")"),"OKTA") -> OKTA | I3: =IFERROR(__xludf.DUMMYFUNCTION("FILTER('⬇️ PEMASUKAN'!$C$5:$C1181,'⬇️ PEMASUKAN'!$K$5:$K1181=""K.TA - TERAPI AWAL"")"),"SUCI") -> SUCI | M3: HESTI | N3: =COUNTIF($H$2:$H1181,M3) -> 28 | O3: =COUNTIFS($H$2:$H1181,M3,$G$2:$G1181,"*PAKET*") -> 11 | P3: =COUNTIFS($H$2:$H1181,M3,$G$2:$G1181,"*SESI*") -> 9 | Q3: =COUNTIFS($H$2:$H1181,M3,$G$2:$G1181,"*TIDAK*") -> 8 | R3: =SUM(O3:P3) -> 20 | U3: HESTI | V3: =IFERROR(O3/N3,0) -> 0.39285714 | W3: =IFERROR(P3/N3,0) -> 0.32142857 | X3: =IFERROR(Q3/N3,0) -> 0.28571429 | Y3: =IFERROR(R3/N3,0) -> 0.71428571
A4: =IFERROR(__xludf.DUMMYFUNCTION("""COMPUTED_VALUE"""),46025.0) -> 46025 | B4: =if(A4="","", text(A4,"mm")&text(A4,"mmm")) -> 01Jan | C4: =IFERROR(__xludf.DUMMYFUNCTION("""COMPUTED_VALUE"""),"IVONNY") -> IVONNY | D4: {=IFNA(XLOOKUP(C4,'👥 Daftar Nama Pasien'!$B$6:$B1181,'👥 Daftar Nama Pasien'!$D$6:$D1181),"")} -> 37 | E4: {=XLOOKUP(C4,'⬇️ PEMASUKAN'!$I$5:$I1181,'⬇️ PEMASUKAN'!$K$5:$K1181,,0,-1)} -> K.TA - TERAPI AWAL | F4: =IF(E4="K.TA - TERAPI AWAL","TIDAK CLOSING",E4) -> TIDAK CLOSING | G4: =IF(C4="","",IF(ISNUMBER(SEARCH("*K.PT*",F4)),"CLOSING PAKET",IF(ISNUMBER(SEARCH("*K.ST*",F4)),"CLOSING SESI","TIDAK CLOSING"))) -> TIDAK CLOSING | H4: =IFERROR(__xludf.DUMMYFUNCTION("""COMPUTED_VALUE"""),"DANI") -> DANI | I4: =IFERROR(__xludf.DUMMYFUNCTION("""COMPUTED_VALUE"""),"SUCI") -> SUCI | M4: DANRU | N4: =COUNTIF($H$2:$H1182,M4) -> 0 | O4: =COUNTIFS($H$2:$H1182,M4,$G$2:$G1182,"*PAKET*") -> 0 | P4: =COUNTIFS($H$2:$H1182,M4,$G$2:$G1182,"*SESI*") -> 0 | Q4: =COUNTIFS($H$2:$H1182,M4,$G$2:$G1182,"*TIDAK*") -> 0 | R4: =SUM(O4:P4) -> 0 | U4: DANRU | V4: =IFERROR(O4/N4,0) -> 0 | W4: =IFERROR(P4/N4,0) -> 0 | X4: =IFERROR(Q4/N4,0) -> 0 | Y4: =IFERROR(R4/N4,0) -> 0
A5: =IFERROR(__xludf.DUMMYFUNCTION("""COMPUTED_VALUE"""),46025.0) -> 46025 | B5: =if(A5="","", text(A5,"mm")&text(A5,"mmm")) -> 01Jan | C5: =IFERROR(__xludf.DUMMYFUNCTION("""COMPUTED_VALUE"""),"PUTERA ANUGRAH PRATAMA") -> PUTERA ANUGRAH PRATAMA | D5: {=IFNA(XLOOKUP(C5,'👥 Daftar Nama Pasien'!$B$6:$B1181,'👥 Daftar Nama Pasien'!$D$6:$D1181),"")} -> 25 | E5: {=XLOOKUP(C5,'⬇️ PEMASUKAN'!$I$5:$I1181,'⬇️ PEMASUKAN'!$K$5:$K1181,,0,-1)} -> K.TA - TERAPI AWAL | F5: =IF(E5="K.TA - TERAPI AWAL","TIDAK CLOSING",E5) -> TIDAK CLOSING | G5: =IF(C5="","",IF(ISNUMBER(SEARCH("*K.PT*",F5)),"CLOSING PAKET",IF(ISNUMBER(SEARCH("*K.ST*",F5)),"CLOSING SESI","TIDAK CLOSING"))) -> TIDAK CLOSING | H5: =IFERROR(__xludf.DUMMYFUNCTION("""COMPUTED_VALUE"""),"PRITY") -> PRITY | I5: =IFERROR(__xludf.DUMMYFUNCTION("""COMPUTED_VALUE"""),"NOPI") -> NOPI | M5: NADA | N5: =COUNTIF($H$2:$H1183,M5) -> 0 | O5: =COUNTIFS($H$2:$H1183,M5,$G$2:$G1183,"*PAKET*") -> 0 | P5: =COUNTIFS($H$2:$H1183,M5,$G$2:$G1183,"*SESI*") -> 0 | Q5: =COUNTIFS($H$2:$H1183,M5,$G$2:$G1183,"*TIDAK*") -> 0 | R5: =SUM(O5:P5) -> 0 | U5: NADA | V5: =IFERROR(O5/N5,0) -> 0 | W5: =IFERROR(P5/N5,0) -> 0 | X5: =IFERROR(Q5/N5,0) -> 0 | Y5: =IFERROR(R5/N5,0) -> 0
A6: =IFERROR(__xludf.DUMMYFUNCTION("""COMPUTED_VALUE"""),46025.0) -> 46025 | B6: =if(A6="","", text(A6,"mm")&text(A6,"mmm")) -> 01Jan | C6: =IFERROR(__xludf.DUMMYFUNCTION("""COMPUTED_VALUE"""),"SUGIH WIRAMANTRI") -> SUGIH WIRAMANTRI | D6: {=IFNA(XLOOKUP(C6,'👥 Daftar Nama Pasien'!$B$6:$B1181,'👥 Daftar Nama Pasien'!$D$6:$D1181),"")} | E6: {=XLOOKUP(C6,'⬇️ PEMASUKAN'!$I$5:$I1181,'⬇️ PEMASUKAN'!$K$5:$K1181,,0,-1)} -> K.ST - SESI TERAPI | F6: =IF(E6="K.TA - TERAPI AWAL","TIDAK CLOSING",E6) -> K.ST - SESI TERAPI | G6: =IF(C6="","",IF(ISNUMBER(SEARCH("*K.PT*",F6)),"CLOSING PAKET",IF(ISNUMBER(SEARCH("*K.ST*",F6)),"CLOSING SESI","TIDAK CLOSING"))) -> CLOSING SESI | H6: =IFERROR(__xludf.DUMMYFUNCTION("""COMPUTED_VALUE"""),"DESTY") -> DESTY | I6: =IFERROR(__xludf.DUMMYFUNCTION("""COMPUTED_VALUE"""),"NOPI") -> NOPI | M6: DESTY | N6: =COUNTIF($H$2:$H1184,M6) -> 37 | O6: =COUNTIFS($H$2:$H1184,M6,$G$2:$G1184,"*PAKET*") -> 9 | P6: =COUNTIFS($H$2:$H1184,M6,$G$2:$G1184,"*SESI*") -> 11 | Q6: =COUNTIFS($H$2:$H1184,M6,$G$2:$G1184,"*TIDAK*") -> 17 | R6: =SUM(O6:P6) -> 20 | U6: DESTY | V6: =IFERROR(O6/N6,0) -> 0.24324324 | W6: =IFERROR(P6/N6,0) -> 0.2972973 | X6: =IFERROR(Q6/N6,0) -> 0.45945946 | Y6: =IFERROR(R6/N6,0) -> 0.54054054
A7: =IFERROR(__xludf.DUMMYFUNCTION("""COMPUTED_VALUE"""),46025.0) -> 46025 | B7: =if(A7="","", text(A7,"mm")&text(A7,"mmm")) -> 01Jan | C7: =IFERROR(__xludf.DUMMYFUNCTION("""COMPUTED_VALUE"""),"K. E. ANANTA UTAMI") -> K. E. ANANTA UTAMI | D7: {=IFNA(XLOOKUP(C7,'👥 Daftar Nama Pasien'!$B$6:$B1181,'👥 Daftar Nama Pasien'!$D$6:$D1181),"")} -> 56 | E7: {=XLOOKUP(C7,'⬇️ PEMASUKAN'!$I$5:$I1181,'⬇️ PEMASUKAN'!$K$5:$K1181,,0,-1)} -> K.PT - PAKET SILVER | F7: =IF(E7="K.TA - TERAPI AWAL","TIDAK CLOSING",E7) -> K.PT - PAKET SILVER | G7: =IF(C7="","",IF(ISNUMBER(SEARCH("*K.PT*",F7)),"CLOSING PAKET",IF(ISNUMBER(SEARCH("*K.ST*",F7)),"CLOSING SESI","TIDAK CLOSING"))) -> CLOSING PAKET | H7: =IFERROR(__xludf.DUMMYFUNCTION("""COMPUTED_VALUE"""),"DESTY") -> DESTY | I7: =IFERROR(__xludf.DUMMYFUNCTION("""COMPUTED_VALUE"""),"NOPI") -> NOPI | M7: PRITY | N7: =COUNTIF($H$2:$H1185,M7) -> 29 | O7: =COUNTIFS($H$2:$H1185,M7,$G$2:$G1185,"*PAKET*") -> 7 | P7: =COUNTIFS($H$2:$H1185,M7,$G$2:$G1185,"*SESI*") -> 10 | Q7: =COUNTIFS($H$2:$H1185,M7,$G$2:$G1185,"*TIDAK*") -> 12 | R7: =SUM(O7:P7) -> 17 | U7: PRITY | V7: =IFERROR(O7/N7,0) -> 0.24137931 | W7: =IFERROR(P7/N7,0) -> 0.34482759 | X7: =IFERROR(Q7/N7,0) -> 0.4137931 | Y7: =IFERROR(R7/N7,0) -> 0.5862069
A8: =IFERROR(__xludf.DUMMYFUNCTION("""COMPUTED_VALUE"""),46025.0) -> 46025 | B8: =if(A8="","", text(A8,"mm")&text(A8,"mmm")) -> 01Jan | C8: =IFERROR(__xludf.DUMMYFUNCTION("""COMPUTED_VALUE"""),"KOLENIUS KOLAI") -> KOLENIUS KOLAI | D8: {=IFNA(XLOOKUP(C8,'👥 Daftar Nama Pasien'!$B$6:$B1181,'👥 Daftar Nama Pasien'!$D$6:$D1181),"")} -> 64 | E8: {=XLOOKUP(C8,'⬇️ PEMASUKAN'!$I$5:$I1181,'⬇️ PEMASUKAN'!$K$5:$K1181,,0,-1)} -> K.ST - SESI TERAPI | F8: =IF(E8="K.TA - TERAPI AWAL","TIDAK CLOSING",E8) -> K.ST - SESI TERAPI | G8: =IF(C8="","",IF(ISNUMBER(SEARCH("*K.PT*",F8)),"CLOSING PAKET",IF(ISNUMBER(SEARCH("*K.ST*",F8)),"CLOSING SESI","TIDAK CLOSING"))) -> CLOSING SESI | H8: =IFERROR(__xludf.DUMMYFUNCTION("""COMPUTED_VALUE"""),"DESTY") -> DESTY | I8: =IFERROR(__xludf.DUMMYFUNCTION("""COMPUTED_VALUE"""),"NOPI") -> NOPI | M8: WAHYU | N8: =COUNTIF($H$2:$H1186,M8) -> 32 | O8: =COUNTIFS($H$2:$H1186,M8,$G$2:$G1186,"*PAKET*") -> 7 | P8: =COUNTIFS($H$2:$H1186,M8,$G$2:$G1186,"*SESI*") -> 11 | Q8: =COUNTIFS($H$2:$H1186,M8,$G$2:$G1186,"*TIDAK*") -> 14 | R8: =SUM(O8:P8) -> 18 | U8: WAHYU | V8: =IFERROR(O8/N8,0) -> 0.21875 | W8: =IFERROR(P8/N8,0) -> 0.34375 | X8: =IFERROR(Q8/N8,0) -> 0.4375 | Y8: =IFERROR(R8/N8,0) -> 0.5625
A9: =IFERROR(__xludf.DUMMYFUNCTION("""COMPUTED_VALUE"""),46025.0) -> 46025 | B9: =if(A9="","", text(A9,"mm")&text(A9,"mmm")) -> 01Jan | C9: =IFERROR(__xludf.DUMMYFUNCTION("""COMPUTED_VALUE"""),"EMMA") -> EMMA | D9: {=IFNA(XLOOKUP(C9,'👥 Daftar Nama Pasien'!$B$6:$B1181,'👥 Daftar Nama Pasien'!$D$6:$D1181),"")} -> 60 | E9: {=XLOOKUP(C9,'⬇️ PEMASUKAN'!$I$5:$I1181,'⬇️ PEMASUKAN'!$K$5:$K1181,,0,-1)} -> K.ST - SESI TERAPI | F9: =IF(E9="K.TA - TERAPI AWAL","TIDAK CLOSING",E9) -> K.ST - SESI TERAPI | G9: =IF(C9="","",IF(ISNUMBER(SEARCH("*K.PT*",F9)),"CLOSING PAKET",IF(ISNUMBER(SEARCH("*K.ST*",F9)),"CLOSING SESI","TIDAK CLOSING"))) -> CLOSING SESI | H9: =IFERROR(__xludf.DUMMYFUNCTION("""COMPUTED_VALUE"""),"PRITY") -> PRITY | I9: =IFERROR(__xludf.DUMMYFUNCTION("""COMPUTED_VALUE"""),"NOPI") -> NOPI | M9: ORY | N9: =COUNTIF($H$2:$H1187,M9) -> 45 | O9: =COUNTIFS($H$2:$H1187,M9,$G$2:$G1187,"*PAKET*") -> 11 | P9: =COUNTIFS($H$2:$H1187,M9,$G$2:$G1187,"*SESI*") -> 7 | Q9: =COUNTIFS($H$2:$H1187,M9,$G$2:$G1187,"*TIDAK*") -> 27 | R9: =SUM(O9:P9) -> 18 | U9: ORY | V9: =IFERROR(O9/N9,0) -> 0.24444444 | W9: =IFERROR(P9/N9,0) -> 0.15555556 | X9: =IFERROR(Q9/N9,0) -> 0.6 | Y9: =IFERROR(R9/N9,0) -> 0.4
A10: =IFERROR(__xludf.DUMMYFUNCTION("""COMPUTED_VALUE"""),46025.0) -> 46025 | B10: =if(A10="","", text(A10,"mm")&text(A10,"mmm")) -> 01Jan | C10: =IFERROR(__xludf.DUMMYFUNCTION("""COMPUTED_VALUE"""),"YA MUHAMMAD IKHSANDI") -> YA MUHAMMAD IKHSANDI | D10: {=IFNA(XLOOKUP(C10,'👥 Daftar Nama Pasien'!$B$6:$B1181,'👥 Daftar Nama Pasien'!$D$6:$D1181),"")} -> 46 | E10: {=XLOOKUP(C10,'⬇️ PEMASUKAN'!$I$5:$I1181,'⬇️ PEMASUKAN'!$K$5:$K1181,,0,-1)} -> K.TA - TERAPI AWAL | F10: =IF(E10="K.TA - TERAPI AWAL","TIDAK CLOSING",E10) -> TIDAK CLOSING | G10: =IF(C10="","",IF(ISNUMBER(SEARCH("*K.PT*",F10)),"CLOSING PAKET",IF(ISNUMBER(SEARCH("*K.ST*",F10)),"CLOSING SESI","TIDAK CLOSING"))) -> TIDAK CLOSING | H10: =IFERROR(__xludf.DUMMYFUNCTION("""COMPUTED_VALUE"""),"DESTY") -> DESTY | I10: =IFERROR(__xludf.DUMMYFUNCTION("""COMPUTED_VALUE"""),"NOPI") -> NOPI | M10: HENA | N10: =COUNTIF($H$2:$H1188,M10) -> 27 | O10: =COUNTIFS($H$2:$H1188,M10,$G$2:$G1188,"*PAKET*") -> 6 | P10: =COUNTIFS($H$2:$H1188,M10,$G$2:$G1188,"*SESI*") -> 11 | Q10: =COUNTIFS($H$2:$H1188,M10,$G$2:$G1188,"*TIDAK*") -> 10 | R10: =SUM(O10:P10) -> 17 | U10: HENA | V10: =IFERROR(O10/N10,0) -> 0.22222222 | W10: =IFERROR(P10/N10,0) -> 0.40740741 | X10: =IFERROR(Q10/N10,0) -> 0.37037037 | Y10: =IFERROR(R10/N10,0) -> 0.62962963
A11: =IFERROR(__xludf.DUMMYFUNCTION("""COMPUTED_VALUE"""),46025.0) -> 46025 | B11: =if(A11="","", text(A11,"mm")&text(A11,"mmm")) -> 01Jan | C11: =IFERROR(__xludf.DUMMYFUNCTION("""COMPUTED_VALUE"""),"TAUFIK") -> TAUFIK | D11: {=IFNA(XLOOKUP(C11,'👥 Daftar Nama Pasien'!$B$6:$B1181,'👥 Daftar Nama Pasien'!$D$6:$D1181),"")} -> 30 | E11: {=XLOOKUP(C11,'⬇️ PEMASUKAN'!$I$5:$I1181,'⬇️ PEMASUKAN'!$K$5:$K1181,,0,-1)} -> K.ST - SESI TERAPI NEW | F11: =IF(E11="K.TA - TERAPI AWAL","TIDAK CLOSING",E11) -> K.ST - SESI TERAPI NEW | G11: =IF(C11="","",IF(ISNUMBER(SEARCH("*K.PT*",F11)),"CLOSING PAKET",IF(ISNUMBER(SEARCH("*K.ST*",F11)),"CLOSING SESI","TIDAK CLOSING"))) -> CLOSING SESI | H11: =IFERROR(__xludf.DUMMYFUNCTION("""COMPUTED_VALUE"""),"AUL") -> AUL | I11: =IFERROR(__xludf.DUMMYFUNCTION("""COMPUTED_VALUE"""),"NOPI") -> NOPI | M11: OKTA | N11: =COUNTIF($H$2:$H1189,M11) -> 42 | O11: =COUNTIFS($H$2:$H1189,M11,$G$2:$G1189,"*PAKET*") -> 12 | P11: =COUNTIFS($H$2:$H1189,M11,$G$2:$G1189,"*SESI*") -> 9 | Q11: =COUNTIFS($H$2:$H1189,M11,$G$2:$G1189,"*TIDAK*") -> 21 | R11: =SUM(O11:P11) -> 21 | U11: OKTA | V11: =IFERROR(O11/N11,0) -> 0.28571429 | W11: =IFERROR(P11/N11,0) -> 0.21428571 | X11: =IFERROR(Q11/N11,0) -> 0.5 | Y11: =IFERROR(R11/N11,0) -> 0.5
A12: =IFERROR(__xludf.DUMMYFUNCTION("""COMPUTED_VALUE"""),46025.0) -> 46025 | B12: =if(A12="","", text(A12,"mm")&text(A12,"mmm")) -> 01Jan | C12: =IFERROR(__xludf.DUMMYFUNCTION("""COMPUTED_VALUE"""),"SHELSY MELANY") -> SHELSY MELANY | D12: {=IFNA(XLOOKUP(C12,'👥 Daftar Nama Pasien'!$B$6:$B1181,'👥 Daftar Nama Pasien'!$D$6:$D1181),"")} -> 18 | E12: {=XLOOKUP(C12,'⬇️ PEMASUKAN'!$I$5:$I1181,'⬇️ PEMASUKAN'!$K$5:$K1181,,0,-1)} -> K.PT - PAKET 2 | F12: =IF(E12="K.TA - TERAPI AWAL","TIDAK CLOSING",E12) -> K.PT - PAKET 2 | G12: =IF(C12="","",IF(ISNUMBER(SEARCH("*K.PT*",F12)),"CLOSING PAKET",IF(ISNUMBER(SEARCH("*K.ST*",F12)),"CLOSING SESI","TIDAK CLOSING"))) -> CLOSING PAKET | H12: =IFERROR(__xludf.DUMMYFUNCTION("""COMPUTED_VALUE"""),"PRITY") -> PRITY | I12: =IFERROR(__xludf.DUMMYFUNCTION("""COMPUTED_VALUE"""),"NOPI") -> NOPI | M12: AUL | N12: =COUNTIF($H$2:$H1190,M12) -> 30 | O12: =COUNTIFS($H$2:$H1190,M12,$G$2:$G1190,"*PAKET*") -> 9 | P12: =COUNTIFS($H$2:$H1190,M12,$G$2:$G1190,"*SESI*") -> 8 | Q12: =COUNTIFS($H$2:$H1190,M12,$G$2:$G1190,"*TIDAK*") -> 13 | R12: =SUM(O12:P12) -> 17 | U12: AUL | V12: =IFERROR(O12/N12,0) -> 0.3 | W12: =IFERROR(P12/N12,0) -> 0.26666667 | X12: =IFERROR(Q12/N12,0) -> 0.43333333 | Y12: =IFERROR(R12/N12,0) -> 0.56666667
A13: =IFERROR(__xludf.DUMMYFUNCTION("""COMPUTED_VALUE"""),46025.0) -> 46025 | B13: =if(A13="","", text(A13,"mm")&text(A13,"mmm")) -> 01Jan | C13: =IFERROR(__xludf.DUMMYFUNCTION("""COMPUTED_VALUE"""),"PUTRI ATIKAH") -> PUTRI ATIKAH | D13: {=IFNA(XLOOKUP(C13,'👥 Daftar Nama Pasien'!$B$6:$B1181,'👥 Daftar Nama Pasien'!$D$6:$D1181),"")} | E13: {=XLOOKUP(C13,'⬇️ PEMASUKAN'!$I$5:$I1181,'⬇️ PEMASUKAN'!$K$5:$K1181,,0,-1)} -> V.ST - SESI VISIT | F13: =IF(E13="K.TA - TERAPI AWAL","TIDAK CLOSING",E13) -> V.ST - SESI VISIT | G13: =IF(C13="","",IF(ISNUMBER(SEARCH("*K.PT*",F13)),"CLOSING PAKET",IF(ISNUMBER(SEARCH("*K.ST*",F13)),"CLOSING SESI","TIDAK CLOSING"))) -> TIDAK CLOSING | H13: =IFERROR(__xludf.DUMMYFUNCTION("""COMPUTED_VALUE"""),"PRITY") -> PRITY | I13: =IFERROR(__xludf.DUMMYFUNCTION("""COMPUTED_VALUE"""),"NOPI") -> NOPI | M13: PUTRI | N13: =COUNTIF($H$2:$H1191,M13) -> 29 | O13: =COUNTIFS($H$2:$H1191,M13,$G$2:$G1191,"*PAKET*") -> 7 | P13: =COUNTIFS($H$2:$H1191,M13,$G$2:$G1191,"*SESI*") -> 8 | Q13: =COUNTIFS($H$2:$H1191,M13,$G$2:$G1191,"*TIDAK*") -> 14 | R13: =SUM(O13:P13) -> 15 | U13: PUTRI | V13: =IFERROR(O13/N13,0) -> 0.24137931 | W13: =IFERROR(P13/N13,0) -> 0.27586207 | X13: =IFERROR(Q13/N13,0) -> 0.48275862 | Y13: =IFERROR(R13/N13,0) -> 0.51724138
A14: =IFERROR(__xludf.DUMMYFUNCTION("""COMPUTED_VALUE"""),46025.0) -> 46025 | B14: =if(A14="","", text(A14,"mm")&text(A14,"mmm")) -> 01Jan | C14: =IFERROR(__xludf.DUMMYFUNCTION("""COMPUTED_VALUE"""),"ATHA HANIF PRADIPTA") -> ATHA HANIF PRADIPTA | D14: {=IFNA(XLOOKUP(C14,'👥 Daftar Nama Pasien'!$B$6:$B1181,'👥 Daftar Nama Pasien'!$D$6:$D1181),"")} -> 6 | E14: {=XLOOKUP(C14,'⬇️ PEMASUKAN'!$I$5:$I1181,'⬇️ PEMASUKAN'!$K$5:$K1181,,0,-1)} -> K.PT - PAKET 1 | F14: =IF(E14="K.TA - TERAPI AWAL","TIDAK CLOSING",E14) -> K.PT - PAKET 1 | G14: =IF(C14="","",IF(ISNUMBER(SEARCH("*K.PT*",F14)),"CLOSING PAKET",IF(ISNUMBER(SEARCH("*K.ST*",F14)),"CLOSING SESI","TIDAK CLOSING"))) -> CLOSING PAKET | H14: =IFERROR(__xludf.DUMMYFUNCTION("""COMPUTED_VALUE"""),"HENA") -> HENA | I14: =IFERROR(__xludf.DUMMYFUNCTION("""COMPUTED_VALUE"""),"NOPI") -> NOPI
A15: =IFERROR(__xludf.DUMMYFUNCTION("""COMPUTED_VALUE"""),46026.0) -> 46026 | B15: =if(A15="","", text(A15,"mm")&text(A15,"mmm")) -> 01Jan | C15: =IFERROR(__xludf.DUMMYFUNCTION("""COMPUTED_VALUE"""),"WIWIK HARTATI") -> WIWIK HARTATI | D15: {=IFNA(XLOOKUP(C15,'👥 Daftar Nama Pasien'!$B$6:$B1181,'👥 Daftar Nama Pasien'!$D$6:$D1181),"")} -> 61 | E15: {=XLOOKUP(C15,'⬇️ PEMASUKAN'!$I$5:$I1181,'⬇️ PEMASUKAN'!$K$5:$K1181,,0,-1)} -> K.TA - TERAPI AWAL | F15: =IF(E15="K.TA - TERAPI AWAL","TIDAK CLOSING",E15) -> TIDAK CLOSING | G15: =IF(C15="","",IF(ISNUMBER(SEARCH("*K.PT*",F15)),"CLOSING PAKET",IF(ISNUMBER(SEARCH("*K.ST*",F15)),"CLOSING SESI","TIDAK CLOSING"))) -> TIDAK CLOSING | H15: =IFERROR(__xludf.DUMMYFUNCTION("""COMPUTED_VALUE"""),"HESTI") -> HESTI | I15: =IFERROR(__xludf.DUMMYFUNCTION("""COMPUTED_VALUE"""),"SUCI") -> SUCI
A16: =IFERROR(__xludf.DUMMYFUNCTION("""COMPUTED_VALUE"""),46026.0) -> 46026 | B16: =if(A16="","", text(A16,"mm")&text(A16,"mmm")) -> 01Jan | C16: =IFERROR(__xludf.DUMMYFUNCTION("""COMPUTED_VALUE"""),"CHOTIBUL UMAMI") -> CHOTIBUL UMAMI | D16: {=IFNA(XLOOKUP(C16,'👥 Daftar Nama Pasien'!$B$6:$B1181,'👥 Daftar Nama Pasien'!$D$6:$D1181),"")} -> 64 | E16: {=XLOOKUP(C16,'⬇️ PEMASUKAN'!$I$5:$I1181,'⬇️ PEMASUKAN'!$K$5:$K1181,,0,-1)} -> K.TA - TERAPI AWAL | F16: =IF(E16="K.TA - TERAPI AWAL","TIDAK CLOSING",E16) -> TIDAK CLOSING | G16: =IF(C16="","",IF(ISNUMBER(SEARCH("*K.PT*",F16)),"CLOSING PAKET",IF(ISNUMBER(SEARCH("*K.ST*",F16)),"CLOSING SESI","TIDAK CLOSING"))) -> TIDAK CLOSING | H16: =IFERROR(__xludf.DUMMYFUNCTION("""COMPUTED_VALUE"""),"AUL") -> AUL | I16: =IFERROR(__xludf.DUMMYFUNCTION("""COMPUTED_VALUE"""),"NOPI") -> NOPI
A17: =IFERROR(__xludf.DUMMYFUNCTION("""COMPUTED_VALUE"""),46026.0) -> 46026 | B17: =if(A17="","", text(A17,"mm")&text(A17,"mmm")) -> 01Jan | C17: =IFERROR(__xludf.DUMMYFUNCTION("""COMPUTED_VALUE"""),"MUHAMMAD FADHIL RAMADHANI") -> MUHAMMAD FADHIL RAMADHANI | D17: {=IFNA(XLOOKUP(C17,'👥 Daftar Nama Pasien'!$B$6:$B1181,'👥 Daftar Nama Pasien'!$D$6:$D1181),"")} -> 25 | E17: {=XLOOKUP(C17,'⬇️ PEMASUKAN'!$I$5:$I1181,'⬇️ PEMASUKAN'!$K$5:$K1181,,0,-1)} -> K.TA - TERAPI AWAL | F17: =IF(E17="K.TA - TERAPI AWAL","TIDAK CLOSING",E17) -> TIDAK CLOSING | G17: =IF(C17="","",IF(ISNUMBER(SEARCH("*K.PT*",F17)),"CLOSING PAKET",IF(ISNUMBER(SEARCH("*K.ST*",F17)),"CLOSING SESI","TIDAK CLOSING"))) -> TIDAK CLOSING | H17: =IFERROR(__xludf.DUMMYFUNCTION("""COMPUTED_VALUE"""),"ORY") -> ORY | I17: =IFERROR(__xludf.DUMMYFUNCTION("""COMPUTED_VALUE"""),"NOPI") -> NOPI
A18: =IFERROR(__xludf.DUMMYFUNCTION("""COMPUTED_VALUE"""),46026.0) -> 46026 | B18: =if(A18="","", text(A18,"mm")&text(A18,"mmm")) -> 01Jan | C18: =IFERROR(__xludf.DUMMYFUNCTION("""COMPUTED_VALUE"""),"ELISABETH SUTINI") -> ELISABETH SUTINI | D18: {=IFNA(XLOOKUP(C18,'👥 Daftar Nama Pasien'!$B$6:$B1181,'👥 Daftar Nama Pasien'!$D$6:$D1181),"")} -> 51 | E18: {=XLOOKUP(C18,'⬇️ PEMASUKAN'!$I$5:$I1181,'⬇️ PEMASUKAN'!$K$5:$K1181,,0,-1)} -> K.PT - PAKET 1 | F18: =IF(E18="K.TA - TERAPI AWAL","TIDAK CLOSING",E18) -> K.PT - PAKET 1 | G18: =IF(C18="","",IF(ISNUMBER(SEARCH("*K.PT*",F18)),"CLOSING PAKET",IF(ISNUMBER(SEARCH("*K.ST*",F18)),"CLOSING SESI","TIDAK CLOSING"))) -> CLOSING PAKET | H18: =IFERROR(__xludf.DUMMYFUNCTION("""COMPUTED_VALUE"""),"HENA") -> HENA | I18: =IFERROR(__xludf.DUMMYFUNCTION("""COMPUTED_VALUE"""),"SUCI") -> SUCI
A19: =IFERROR(__xludf.DUMMYFUNCTION("""COMPUTED_VALUE"""),46027.0) -> 46027 | B19: =if(A19="","", text(A19,"mm")&text(A19,"mmm")) -> 01Jan | C19: =IFERROR(__xludf.DUMMYFUNCTION("""COMPUTED_VALUE"""),"DARMANSYAH") -> DARMANSYAH | D19: {=IFNA(XLOOKUP(C19,'👥 Daftar Nama Pasien'!$B$6:$B1181,'👥 Daftar Nama Pasien'!$D$6:$D1181),"")} -> 70 | E19: {=XLOOKUP(C19,'⬇️ PEMASUKAN'!$I$5:$I1181,'⬇️ PEMASUKAN'!$K$5:$K1181,,0,-1)} -> K.TA - TERAPI AWAL | F19: =IF(E19="K.TA - TERAPI AWAL","TIDAK CLOSING",E19) -> TIDAK CLOSING | G19: =IF(C19="","",IF(ISNUMBER(SEARCH("*K.PT*",F19)),"CLOSING PAKET",IF(ISNUMBER(SEARCH("*K.ST*",F19)),"CLOSING SESI","TIDAK CLOSING"))) -> TIDAK CLOSING | H19: =IFERROR(__xludf.DUMMYFUNCTION("""COMPUTED_VALUE"""),"ORY") -> ORY | I19: =IFERROR(__xludf.DUMMYFUNCTION("""COMPUTED_VALUE"""),"SUCI") -> SUCI
A20: =IFERROR(__xludf.DUMMYFUNCTION("""COMPUTED_VALUE"""),46027.0) -> 46027 | B20: =if(A20="","", text(A20,"mm")&text(A20,"mmm")) -> 01Jan | C20: =IFERROR(__xludf.DUMMYFUNCTION("""COMPUTED_VALUE"""),"JUVENTYA") -> JUVENTYA | D20: {=IFNA(XLOOKUP(C20,'👥 Daftar Nama Pasien'!$B$6:$B1181,'👥 Daftar Nama Pasien'!$D$6:$D1181),"")} -> 31 | E20: {=XLOOKUP(C20,'⬇️ PEMASUKAN'!$I$5:$I1181,'⬇️ PEMASUKAN'!$K$5:$K1181,,0,-1)} -> K.ST - SESI TERAPI | F20: =IF(E20="K.TA - TERAPI AWAL","TIDAK CLOSING",E20) -> K.ST - SESI TERAPI | G20: =IF(C20="","",IF(ISNUMBER(SEARCH("*K.PT*",F20)),"CLOSING PAKET",IF(ISNUMBER(SEARCH("*K.ST*",F20)),"CLOSING SESI","TIDAK CLOSING"))) -> CLOSING SESI | H20: =IFERROR(__xludf.DUMMYFUNCTION("""COMPUTED_VALUE"""),"DANI") -> DANI | I20: =IFERROR(__xludf.DUMMYFUNCTION("""COMPUTED_VALUE"""),"SUCI") -> SUCI
A21: =IFERROR(__xludf.DUMMYFUNCTION("""COMPUTED_VALUE"""),46027.0) -> 46027 | B21: =if(A21="","", text(A21,"mm")&text(A21,"mmm")) -> 01Jan | C21: =IFERROR(__xludf.DUMMYFUNCTION("""COMPUTED_VALUE"""),"FEDRICK JONATAN") -> FEDRICK JONATAN | D21: {=IFNA(XLOOKUP(C21,'👥 Daftar Nama Pasien'!$B$6:$B1181,'👥 Daftar Nama Pasien'!$D$6:$D1181),"")} | E21: {=XLOOKUP(C21,'⬇️ PEMASUKAN'!$I$5:$I1181,'⬇️ PEMASUKAN'!$K$5:$K1181,,0,-1)} -> K.TA - TERAPI AWAL | F21: =IF(E21="K.TA - TERAPI AWAL","TIDAK CLOSING",E21) -> TIDAK CLOSING | G21: =IF(C21="","",IF(ISNUMBER(SEARCH("*K.PT*",F21)),"CLOSING PAKET",IF(ISNUMBER(SEARCH("*K.ST*",F21)),"CLOSING SESI","TIDAK CLOSING"))) -> TIDAK CLOSING | H21: =IFERROR(__xludf.DUMMYFUNCTION("""COMPUTED_VALUE"""),"HESTI") -> HESTI | I21: =IFERROR(__xludf.DUMMYFUNCTION("""COMPUTED_VALUE"""),"NOPI") -> NOPI
A22: =IFERROR(__xludf.DUMMYFUNCTION("""COMPUTED_VALUE"""),46027.0) -> 46027 | B22: =if(A22="","", text(A22,"mm")&text(A22,"mmm")) -> 01Jan | C22: =IFERROR(__xludf.DUMMYFUNCTION("""COMPUTED_VALUE"""),"LIM OI KHIUN ALS RIANA") -> LIM OI KHIUN ALS RIANA | D22: {=IFNA(XLOOKUP(C22,'👥 Daftar Nama Pasien'!$B$6:$B1181,'👥 Daftar Nama Pasien'!$D$6:$D1181),"")} -> 67 | E22: {=XLOOKUP(C22,'⬇️ PEMASUKAN'!$I$5:$I1181,'⬇️ PEMASUKAN'!$K$5:$K1181,,0,-1)} -> K.PT - PAKET 1 | F22: =IF(E22="K.TA - TERAPI AWAL","TIDAK CLOSING",E22) -> K.PT - PAKET 1 | G22: =IF(C22="","",IF(ISNUMBER(SEARCH("*K.PT*",F22)),"CLOSING PAKET",IF(ISNUMBER(SEARCH("*K.ST*",F22)),"CLOSING SESI","TIDAK CLOSING"))) -> CLOSING PAKET | H22: =IFERROR(__xludf.DUMMYFUNCTION("""COMPUTED_VALUE"""),"HENA") -> HENA | I22: =IFERROR(__xludf.DUMMYFUNCTION("""COMPUTED_VALUE"""),"NOPI") -> NOPI
A23: =IFERROR(__xludf.DUMMYFUNCTION("""COMPUTED_VALUE"""),46028.0) -> 46028 | B23: =if(A23="","", text(A23,"mm")&text(A23,"mmm")) -> 01Jan | C23: =IFERROR(__xludf.DUMMYFUNCTION("""COMPUTED_VALUE"""),"BENI SETIYANTO") -> BENI SETIYANTO | D23: {=IFNA(XLOOKUP(C23,'👥 Daftar Nama Pasien'!$B$6:$B1181,'👥 Daftar Nama Pasien'!$D$6:$D1181),"")} -> 34 | E23: {=XLOOKUP(C23,'⬇️ PEMASUKAN'!$I$5:$I1181,'⬇️ PEMASUKAN'!$K$5:$K1181,,0,-1)} -> K.PT - PAKET 2 | F23: =IF(E23="K.TA - TERAPI AWAL","TIDAK CLOSING",E23) -> K.PT - PAKET 2 | G23: =IF(C23="","",IF(ISNUMBER(SEARCH("*K.PT*",F23)),"CLOSING PAKET",IF(ISNUMBER(SEARCH("*K.ST*",F23)),"CLOSING SESI","TIDAK CLOSING"))) -> CLOSING PAKET | H23: =IFERROR(__xludf.DUMMYFUNCTION("""COMPUTED_VALUE"""),"WAHYU") -> WAHYU | I23: =IFERROR(__xludf.DUMMYFUNCTION("""COMPUTED_VALUE"""),"NOPI") -> NOPI
A24: =IFERROR(__xludf.DUMMYFUNCTION("""COMPUTED_VALUE"""),46028.0) -> 46028 | B24: =if(A24="","", text(A24,"mm")&text(A24,"mmm")) -> 01Jan | C24: =IFERROR(__xludf.DUMMYFUNCTION("""COMPUTED_VALUE"""),"EDI LAZUARDI") -> EDI LAZUARDI | D24: {=IFNA(XLOOKUP(C24,'👥 Daftar Nama Pasien'!$B$6:$B1181,'👥 Daftar Nama Pasien'!$D$6:$D1181),"")} -> 65 | E24: {=XLOOKUP(C24,'⬇️ PEMASUKAN'!$I$5:$I1181,'⬇️ PEMASUKAN'!$K$5:$K1181,,0,-1)} -> K.TA - TERAPI AWAL | F24: =IF(E24="K.TA - TERAPI AWAL","TIDAK CLOSING",E24) -> TIDAK CLOSING | G24: =IF(C24="","",IF(ISNUMBER(SEARCH("*K.PT*",F24)),"CLOSING PAKET",IF(ISNUMBER(SEARCH("*K.ST*",F24)),"CLOSING SESI","TIDAK CLOSING"))) -> TIDAK CLOSING | H24: =IFERROR(__xludf.DUMMYFUNCTION("""COMPUTED_VALUE"""),"WAHYU") -> WAHYU | I24: =IFERROR(__xludf.DUMMYFUNCTION("""COMPUTED_VALUE"""),"NOPI") -> NOPI
A25: =IFERROR(__xludf.DUMMYFUNCTION("""COMPUTED_VALUE"""),46028.0) -> 46028 | B25: =if(A25="","", text(A25,"mm")&text(A25,"mmm")) -> 01Jan | C25: =IFERROR(__xludf.DUMMYFUNCTION("""COMPUTED_VALUE"""),"MUSNAINI") -> MUSNAINI | D25: {=IFNA(XLOOKUP(C25,'👥 Daftar Nama Pasien'!$B$6:$B1181,'👥 Daftar Nama Pasien'!$D$6:$D1181),"")} -> 60 | E25: {=XLOOKUP(C25,'⬇️ PEMASUKAN'!$I$5:$I1181,'⬇️ PEMASUKAN'!$K$5:$K1181,,0,-1)} -> K.PT - PAKET 1 | F25: =IF(E25="K.TA - TERAPI AWAL","TIDAK CLOSING",E25) -> K.PT - PAKET 1 | G25: =IF(C25="","",IF(ISNUMBER(SEARCH("*K.PT*",F25)),"CLOSING PAKET",IF(ISNUMBER(SEARCH("*K.ST*",F25)),"CLOSING SESI","TIDAK CLOSING"))) -> CLOSING PAKET | H25: =IFERROR(__xludf.DUMMYFUNCTION("""COMPUTED_VALUE"""),"HESTI") -> HESTI | I25: =IFERROR(__xludf.DUMMYFUNCTION("""COMPUTED_VALUE"""),"NOPI") -> NOPI
A26: =IFERROR(__xludf.DUMMYFUNCTION("""COMPUTED_VALUE"""),46028.0) -> 46028 | B26: =if(A26="","", text(A26,"mm")&text(A26,"mmm")) -> 01Jan | C26: =IFERROR(__xludf.DUMMYFUNCTION("""COMPUTED_VALUE"""),"TRIATIE CHALIDYAH") -> TRIATIE CHALIDYAH | D26: {=IFNA(XLOOKUP(C26,'👥 Daftar Nama Pasien'!$B$6:$B1181,'👥 Daftar Nama Pasien'!$D$6:$D1181),"")} -> 26 | E26: {=XLOOKUP(C26,'⬇️ PEMASUKAN'!$I$5:$I1181,'⬇️ PEMASUKAN'!$K$5:$K1181,,0,-1)} -> K.TA - TERAPI AWAL | F26: =IF(E26="K.TA - TERAPI AWAL","TIDAK CLOSING",E26) -> TIDAK CLOSING | G26: =IF(C26="","",IF(ISNUMBER(SEARCH("*K.PT*",F26)),"CLOSING PAKET",IF(ISNUMBER(SEARCH("*K.ST*",F26)),"CLOSING SESI","TIDAK CLOSING"))) -> TIDAK CLOSING | H26: =IFERROR(__xludf.DUMMYFUNCTION("""COMPUTED_VALUE"""),"OKTA") -> OKTA | I26: =IFERROR(__xludf.DUMMYFUNCTION("""COMPUTED_VALUE"""),"NOPI") -> NOPI
A27: =IFERROR(__xludf.DUMMYFUNCTION("""COMPUTED_VALUE"""),46028.0) -> 46028 | B27: =if(A27="","", text(A27,"mm")&text(A27,"mmm")) -> 01Jan | C27: =IFERROR(__xludf.DUMMYFUNCTION("""COMPUTED_VALUE"""),"HJ. RUGAYAH") -> HJ. RUGAYAH | D27: {=IFNA(XLOOKUP(C27,'👥 Daftar Nama Pasien'!$B$6:$B1181,'👥 Daftar Nama Pasien'!$D$6:$D1181),"")} -> 73 | E27: {=XLOOKUP(C27,'⬇️ PEMASUKAN'!$I$5:$I1181,'⬇️ PEMASUKAN'!$K$5:$K1181,,0,-1)} -> K.ST - SESI TERAPI | F27: =IF(E27="K.TA - TERAPI AWAL","TIDAK CLOSING",E27) -> K.ST - SESI TERAPI | G27: =IF(C27="","",IF(ISNUMBER(SEARCH("*K.PT*",F27)),"CLOSING PAKET",IF(ISNUMBER(SEARCH("*K.ST*",F27)),"CLOSING SESI","TIDAK CLOSING"))) -> CLOSING SESI | H27: =IFERROR(__xludf.DUMMYFUNCTION("""COMPUTED_VALUE"""),"DESTY") -> DESTY | I27: =IFERROR(__xludf.DUMMYFUNCTION("""COMPUTED_VALUE"""),"SUCI") -> SUCI
A28: =IFERROR(__xludf.DUMMYFUNCTION("""COMPUTED_VALUE"""),46028.0) -> 46028 | B28: =if(A28="","", text(A28,"mm")&text(A28,"mmm")) -> 01Jan | C28: =IFERROR(__xludf.DUMMYFUNCTION("""COMPUTED_VALUE"""),"MARTHIN SHARON NAPITUPULU") -> MARTHIN SHARON NAPITUPULU | D28: {=IFNA(XLOOKUP(C28,'👥 Daftar Nama Pasien'!$B$6:$B1181,'👥 Daftar Nama Pasien'!$D$6:$D1181),"")} | E28: {=XLOOKUP(C28,'⬇️ PEMASUKAN'!$I$5:$I1181,'⬇️ PEMASUKAN'!$K$5:$K1181,,0,-1)} -> K.TA - TERAPI AWAL | F28: =IF(E28="K.TA - TERAPI AWAL","TIDAK CLOSING",E28) -> TIDAK CLOSING | G28: =IF(C28="","",IF(ISNUMBER(SEARCH("*K.PT*",F28)),"CLOSING PAKET",IF(ISNUMBER(SEARCH("*K.ST*",F28)),"CLOSING SESI","TIDAK CLOSING"))) -> TIDAK CLOSING | H28: =IFERROR(__xludf.DUMMYFUNCTION("""COMPUTED_VALUE"""),"ORY") -> ORY | I28: =IFERROR(__xludf.DUMMYFUNCTION("""COMPUTED_VALUE"""),"SUCI") -> SUCI
A29: =IFERROR(__xludf.DUMMYFUNCTION("""COMPUTED_VALUE"""),46028.0) -> 46028 | B29: =if(A29="","", text(A29,"mm")&text(A29,"mmm")) -> 01Jan | C29: =IFERROR(__xludf.DUMMYFUNCTION("""COMPUTED_VALUE"""),"NOPEARIANI, AMD.KEB") -> NOPEARIANI, AMD.KEB | D29: {=IFNA(XLOOKUP(C29,'👥 Daftar Nama Pasien'!$B$6:$B1181,'👥 Daftar Nama Pasien'!$D$6:$D1181),"")} -> 39 | E29: {=XLOOKUP(C29,'⬇️ PEMASUKAN'!$I$5:$I1181,'⬇️ PEMASUKAN'!$K$5:$K1181,,0,-1)} -> K.ST - SESI TERAPI | F29: =IF(E29="K.TA - TERAPI AWAL","TIDAK CLOSING",E29) -> K.ST - SESI TERAPI | G29: =IF(C29="","",IF(ISNUMBER(SEARCH("*K.PT*",F29)),"CLOSING PAKET",IF(ISNUMBER(SEARCH("*K.ST*",F29)),"CLOSING SESI","TIDAK CLOSING"))) -> CLOSING SESI | H29: =IFERROR(__xludf.DUMMYFUNCTION("""COMPUTED_VALUE"""),"AUL") -> AUL | I29: =IFERROR(__xludf.DUMMYFUNCTION("""COMPUTED_VALUE"""),"SUCI") -> SUCI
A30: =IFERROR(__xludf.DUMMYFUNCTION("""COMPUTED_VALUE"""),46028.0) -> 46028 | B30: =if(A30="","", text(A30,"mm")&text(A30,"mmm")) -> 01Jan | C30: =IFERROR(__xludf.DUMMYFUNCTION("""COMPUTED_VALUE"""),"SUSANTI") -> SUSANTI | D30: {=IFNA(XLOOKUP(C30,'👥 Daftar Nama Pasien'!$B$6:$B1181,'👥 Daftar Nama Pasien'!$D$6:$D1181),"")} | E30: {=XLOOKUP(C30,'⬇️ PEMASUKAN'!$I$5:$I1181,'⬇️ PEMASUKAN'!$K$5:$K1181,,0,-1)} -> K.TA - TERAPI AWAL | F30: =IF(E30="K.TA - TERAPI AWAL","TIDAK CLOSING",E30) -> TIDAK CLOSING | G30: =IF(C30="","",IF(ISNUMBER(SEARCH("*K.PT*",F30)),"CLOSING PAKET",IF(ISNUMBER(SEARCH("*K.ST*",F30)),"CLOSING SESI","TIDAK CLOSING"))) -> TIDAK CLOSING | H30: =IFERROR(__xludf.DUMMYFUNCTION("""COMPUTED_VALUE"""),"DESTY") -> DESTY | I30: =IFERROR(__xludf.DUMMYFUNCTION("""COMPUTED_VALUE"""),"SUCI") -> SUCI
A31: =IFERROR(__xludf.DUMMYFUNCTION("""COMPUTED_VALUE"""),46029.0) -> 46029 | B31: =if(A31="","", text(A31,"mm")&text(A31,"mmm")) -> 01Jan | C31: =IFERROR(__xludf.DUMMYFUNCTION("""COMPUTED_VALUE"""),"CHRIS MULIO JOHANES") -> CHRIS MULIO JOHANES | D31: {=IFNA(XLOOKUP(C31,'👥 Daftar Nama Pasien'!$B$6:$B1181,'👥 Daftar Nama Pasien'!$D$6:$D1181),"")} -> 39 | E31: {=XLOOKUP(C31,'⬇️ PEMASUKAN'!$I$5:$I1181,'⬇️ PEMASUKAN'!$K$5:$K1181,,0,-1)} -> K.ST - SESI TERAPI | F31: =IF(E31="K.TA - TERAPI AWAL","TIDAK CLOSING",E31) -> K.ST - SESI TERAPI | G31: =IF(C31="","",IF(ISNUMBER(SEARCH("*K.PT*",F31)),"CLOSING PAKET",IF(ISNUMBER(SEARCH("*K.ST*",F31)),"CLOSING SESI","TIDAK CLOSING"))) -> CLOSING SESI | H31: =IFERROR(__xludf.DUMMYFUNCTION("""COMPUTED_VALUE"""),"HENA") -> HENA | I31: =IFERROR(__xludf.DUMMYFUNCTION("""COMPUTED_VALUE"""),"SUCI") -> SUCI
A32: =IFERROR(__xludf.DUMMYFUNCTION("""COMPUTED_VALUE"""),46029.0) -> 46029 | B32: =if(A32="","", text(A32,"mm")&text(A32,"mmm")) -> 01Jan | C32: =IFERROR(__xludf.DUMMYFUNCTION("""COMPUTED_VALUE"""),"CINDY MONALISA ANDDIE") -> CINDY MONALISA ANDDIE | D32: {=IFNA(XLOOKUP(C32,'👥 Daftar Nama Pasien'!$B$6:$B1181,'👥 Daftar Nama Pasien'!$D$6:$D1181),"")} -> 39 | E32: {=XLOOKUP(C32,'⬇️ PEMASUKAN'!$I$5:$I1181,'⬇️ PEMASUKAN'!$K$5:$K1181,,0,-1)} -> K.ST - SESI TERAPI NEW | F32: =IF(E32="K.TA - TERAPI AWAL","TIDAK CLOSING",E32) -> K.ST - SESI TERAPI NEW | G32: =IF(C32="","",IF(ISNUMBER(SEARCH("*K.PT*",F32)),"CLOSING PAKET",IF(ISNUMBER(SEARCH("*K.ST*",F32)),"CLOSING SESI","TIDAK CLOSING"))) -> CLOSING SESI | H32: =IFERROR(__xludf.DUMMYFUNCTION("""COMPUTED_VALUE"""),"HESTI") -> HESTI | I32: =IFERROR(__xludf.DUMMYFUNCTION("""COMPUTED_VALUE"""),"NOPI") -> NOPI
A33: =IFERROR(__xludf.DUMMYFUNCTION("""COMPUTED_VALUE"""),46029.0) -> 46029 | B33: =if(A33="","", text(A33,"mm")&text(A33,"mmm")) -> 01Jan | C33: =IFERROR(__xludf.DUMMYFUNCTION("""COMPUTED_VALUE"""),"TJHOA KHA TJE") -> TJHOA KHA TJE | D33: {=IFNA(XLOOKUP(C33,'👥 Daftar Nama Pasien'!$B$6:$B1181,'👥 Daftar Nama Pasien'!$D$6:$D1181),"")} -> 62 | E33: {=XLOOKUP(C33,'⬇️ PEMASUKAN'!$I$5:$I1181,'⬇️ PEMASUKAN'!$K$5:$K1181,,0,-1)} -> K.TA - TERAPI AWAL | F33: =IF(E33="K.TA - TERAPI AWAL","TIDAK CLOSING",E33) -> TIDAK CLOSING | G33: =IF(C33="","",IF(ISNUMBER(SEARCH("*K.PT*",F33)),"CLOSING PAKET",IF(ISNUMBER(SEARCH("*K.ST*",F33)),"CLOSING SESI","TIDAK CLOSING"))) -> TIDAK CLOSING | H33: =IFERROR(__xludf.DUMMYFUNCTION("""COMPUTED_VALUE"""),"OKTA") -> OKTA | I33: =IFERROR(__xludf.DUMMYFUNCTION("""COMPUTED_VALUE"""),"NOPI") -> NOPI
A34: =IFERROR(__xludf.DUMMYFUNCTION("""COMPUTED_VALUE"""),46029.0) -> 46029 | B34: =if(A34="","", text(A34,"mm")&text(A34,"mmm")) -> 01Jan | C34: =IFERROR(__xludf.DUMMYFUNCTION("""COMPUTED_VALUE"""),"DAMHUDI") -> DAMHUDI | D34: {=IFNA(XLOOKUP(C34,'👥 Daftar Nama Pasien'!$B$6:$B1181,'👥 Daftar Nama Pasien'!$D$6:$D1181),"")} -> 50 | E34: {=XLOOKUP(C34,'⬇️ PEMASUKAN'!$I$5:$I1181,'⬇️ PEMASUKAN'!$K$5:$K1181,,0,-1)} -> K.ST - SESI TERAPI | F34: =IF(E34="K.TA - TERAPI AWAL","TIDAK CLOSING",E34) -> K.ST - SESI TERAPI | G34: =IF(C34="","",IF(ISNUMBER(SEARCH("*K.PT*",F34)),"CLOSING PAKET",IF(ISNUMBER(SEARCH("*K.ST*",F34)),"CLOSING SESI","TIDAK CLOSING"))) -> CLOSING SESI | H34: =IFERROR(__xludf.DUMMYFUNCTION("""COMPUTED_VALUE"""),"DANI") -> DANI | I34: =IFERROR(__xludf.DUMMYFUNCTION("""COMPUTED_VALUE"""),"NOPI") -> NOPI
A35: =IFERROR(__xludf.DUMMYFUNCTION("""COMPUTED_VALUE"""),46029.0) -> 46029 | B35: =if(A35="","", text(A35,"mm")&text(A35,"mmm")) -> 01Jan | C35: =IFERROR(__xludf.DUMMYFUNCTION("""COMPUTED_VALUE"""),"ICHSAN KAMIL") -> ICHSAN KAMIL | D35: {=IFNA(XLOOKUP(C35,'👥 Daftar Nama Pasien'!$B$6:$B1181,'👥 Daftar Nama Pasien'!$D$6:$D1181),"")} -> 54 | E35: {=XLOOKUP(C35,'⬇️ PEMASUKAN'!$I$5:$I1181,'⬇️ PEMASUKAN'!$K$5:$K1181,,0,-1)} -> K.PT - PAKET 1 | F35: =IF(E35="K.TA - TERAPI AWAL","TIDAK CLOSING",E35) -> K.PT - PAKET 1 | G35: =IF(C35="","",IF(ISNUMBER(SEARCH("*K.PT*",F35)),"CLOSING PAKET",IF(ISNUMBER(SEARCH("*K.ST*",F35)),"CLOSING SESI","TIDAK CLOSING"))) -> CLOSING PAKET | H35: =IFERROR(__xludf.DUMMYFUNCTION("""COMPUTED_VALUE"""),"DESTY") -> DESTY | I35: =IFERROR(__xludf.DUMMYFUNCTION("""COMPUTED_VALUE"""),"NOPI") -> NOPI
A36: =IFERROR(__xludf.DUMMYFUNCTION("""COMPUTED_VALUE"""),46029.0) -> 46029 | B36: =if(A36="","", text(A36,"mm")&text(A36,"mmm")) -> 01Jan | C36: =IFERROR(__xludf.DUMMYFUNCTION("""COMPUTED_VALUE"""),"MARTIN") -> MARTIN | D36: {=IFNA(XLOOKUP(C36,'👥 Daftar Nama Pasien'!$B$6:$B1181,'👥 Daftar Nama Pasien'!$D$6:$D1181),"")} -> 24 | E36: {=XLOOKUP(C36,'⬇️ PEMASUKAN'!$I$5:$I1181,'⬇️ PEMASUKAN'!$K$5:$K1181,,0,-1)} -> K.TA - TERAPI AWAL | F36: =IF(E36="K.TA - TERAPI AWAL","TIDAK CLOSING",E36) -> TIDAK CLOSING | G36: =IF(C36="","",IF(ISNUMBER(SEARCH("*K.PT*",F36)),"CLOSING PAKET",IF(ISNUMBER(SEARCH("*K.ST*",F36)),"CLOSING SESI","TIDAK CLOSING"))) -> TIDAK CLOSING | H36: =IFERROR(__xludf.DUMMYFUNCTION("""COMPUTED_VALUE"""),"AUL") -> AUL | I36: =IFERROR(__xludf.DUMMYFUNCTION("""COMPUTED_VALUE"""),"NOPI") -> NOPI
A37: =IFERROR(__xludf.DUMMYFUNCTION("""COMPUTED_VALUE"""),46029.0) -> 46029 | B37: =if(A37="","", text(A37,"mm")&text(A37,"mmm")) -> 01Jan | C37: =IFERROR(__xludf.DUMMYFUNCTION("""COMPUTED_VALUE"""),"SAMIJO") -> SAMIJO | D37: {=IFNA(XLOOKUP(C37,'👥 Daftar Nama Pasien'!$B$6:$B1181,'👥 Daftar Nama Pasien'!$D$6:$D1181),"")} -> 56 | E37: {=XLOOKUP(C37,'⬇️ PEMASUKAN'!$I$5:$I1181,'⬇️ PEMASUKAN'!$K$5:$K1181,,0,-1)} -> K.PT - PAKET 1 | F37: =IF(E37="K.TA - TERAPI AWAL","TIDAK CLOSING",E37) -> K.PT - PAKET 1 | G37: =IF(C37="","",IF(ISNUMBER(SEARCH("*K.PT*",F37)),"CLOSING PAKET",IF(ISNUMBER(SEARCH("*K.ST*",F37)),"CLOSING SESI","TIDAK CLOSING"))) -> CLOSING PAKET | H37: =IFERROR(__xludf.DUMMYFUNCTION("""COMPUTED_VALUE"""),"DANI") -> DANI | I37: =IFERROR(__xludf.DUMMYFUNCTION("""COMPUTED_VALUE"""),"NOPI") -> NOPI
A38: =IFERROR(__xludf.DUMMYFUNCTION("""COMPUTED_VALUE"""),46029.0) -> 46029 | B38: =if(A38="","", text(A38,"mm")&text(A38,"mmm")) -> 01Jan | C38: =IFERROR(__xludf.DUMMYFUNCTION("""COMPUTED_VALUE"""),"M FAIZ AL BARA") -> M FAIZ AL BARA | D38: {=IFNA(XLOOKUP(C38,'👥 Daftar Nama Pasien'!$B$6:$B1181,'👥 Daftar Nama Pasien'!$D$6:$D1181),"")} -> 16 | E38: {=XLOOKUP(C38,'⬇️ PEMASUKAN'!$I$5:$I1181,'⬇️ PEMASUKAN'!$K$5:$K1181,,0,-1)} -> K.PT - PAKET 1 | F38: =IF(E38="K.TA - TERAPI AWAL","TIDAK CLOSING",E38) -> K.PT - PAKET 1 | G38: =IF(C38="","",IF(ISNUMBER(SEARCH("*K.PT*",F38)),"CLOSING PAKET",IF(ISNUMBER(SEARCH("*K.ST*",F38)),"CLOSING SESI","TIDAK CLOSING"))) -> CLOSING PAKET | H38: =IFERROR(__xludf.DUMMYFUNCTION("""COMPUTED_VALUE"""),"PRITY") -> PRITY | I38: =IFERROR(__xludf.DUMMYFUNCTION("""COMPUTED_VALUE"""),"NOPI") -> NOPI
A39: =IFERROR(__xludf.DUMMYFUNCTION("""COMPUTED_VALUE"""),46030.0) -> 46030 | B39: =if(A39="","", text(A39,"mm")&text(A39,"mmm")) -> 01Jan | C39: =IFERROR(__xludf.DUMMYFUNCTION("""COMPUTED_VALUE"""),"DRS JAROT SUTRISNO M.SI") -> DRS JAROT SUTRISNO M.SI | D39: {=IFNA(XLOOKUP(C39,'👥 Daftar Nama Pasien'!$B$6:$B1181,'👥 Daftar Nama Pasien'!$D$6:$D1181),"")} -> 58 | E39: {=XLOOKUP(C39,'⬇️ PEMASUKAN'!$I$5:$I1181,'⬇️ PEMASUKAN'!$K$5:$K1181,,0,-1)} -> K.TA - TERAPI AWAL | F39: =IF(E39="K.TA - TERAPI AWAL","TIDAK CLOSING",E39) -> TIDAK CLOSING | G39: =IF(C39="","",IF(ISNUMBER(SEARCH("*K.PT*",F39)),"CLOSING PAKET",IF(ISNUMBER(SEARCH("*K.ST*",F39)),"CLOSING SESI","TIDAK CLOSING"))) -> TIDAK CLOSING | H39: =IFERROR(__xludf.DUMMYFUNCTION("""COMPUTED_VALUE"""),"ORY") -> ORY | I39: =IFERROR(__xludf.DUMMYFUNCTION("""COMPUTED_VALUE"""),"SUCI") -> SUCI
A40: =IFERROR(__xludf.DUMMYFUNCTION("""COMPUTED_VALUE"""),46030.0) -> 46030 | B40: =if(A40="","", text(A40,"mm")&text(A40,"mmm")) -> 01Jan | C40: =IFERROR(__xludf.DUMMYFUNCTION("""COMPUTED_VALUE"""),"AULIA SUCI NURFADILA") -> AULIA SUCI NURFADILA | D40: {=IFNA(XLOOKUP(C40,'👥 Daftar Nama Pasien'!$B$6:$B1181,'👥 Daftar Nama Pasien'!$D$6:$D1181),"")} -> 22 | E40: {=XLOOKUP(C40,'⬇️ PEMASUKAN'!$I$5:$I1181,'⬇️ PEMASUKAN'!$K$5:$K1181,,0,-1)} -> K.PT - PAKET 1 | F40: =IF(E40="K.TA - TERAPI AWAL","TIDAK CLOSING",E40) -> K.PT - PAKET 1 | G40: =IF(C40="","",IF(ISNUMBER(SEARCH("*K.PT*",F40)),"CLOSING PAKET",IF(ISNUMBER(SEARCH("*K.ST*",F40)),"CLOSING SESI","TIDAK CLOSING"))) -> CLOSING PAKET | H40: =IFERROR(__xludf.DUMMYFUNCTION("""COMPUTED_VALUE"""),"DESTY") -> DESTY | I40: =IFERROR(__xludf.DUMMYFUNCTION("""COMPUTED_VALUE"""),"SUCI") -> SUCI
A41: =IFERROR(__xludf.DUMMYFUNCTION("""COMPUTED_VALUE"""),46030.0) -> 46030 | B41: =if(A41="","", text(A41,"mm")&text(A41,"mmm")) -> 01Jan | C41: =IFERROR(__xludf.DUMMYFUNCTION("""COMPUTED_VALUE"""),"NG TJOEI FONG ALS SILVIA") -> NG TJOEI FONG ALS SILVIA | D41: {=IFNA(XLOOKUP(C41,'👥 Daftar Nama Pasien'!$B$6:$B1181,'👥 Daftar Nama Pasien'!$D$6:$D1181),"")} -> 71 | E41: {=XLOOKUP(C41,'⬇️ PEMASUKAN'!$I$5:$I1181,'⬇️ PEMASUKAN'!$K$5:$K1181,,0,-1)} -> K.PT - PAKET 1 | F41: =IF(E41="K.TA - TERAPI AWAL","TIDAK CLOSING",E41) -> K.PT - PAKET 1 | G41: =IF(C41="","",IF(ISNUMBER(SEARCH("*K.PT*",F41)),"CLOSING PAKET",IF(ISNUMBER(SEARCH("*K.ST*",F41)),"CLOSING SESI","TIDAK CLOSING"))) -> CLOSING PAKET | H41: =IFERROR(__xludf.DUMMYFUNCTION("""COMPUTED_VALUE"""),"HENA") -> HENA | I41: =IFERROR(__xludf.DUMMYFUNCTION("""COMPUTED_VALUE"""),"NOPI") -> NOPI
A42: =IFERROR(__xludf.DUMMYFUNCTION("""COMPUTED_VALUE"""),46031.0) -> 46031 | B42: =if(A42="","", text(A42,"mm")&text(A42,"mmm")) -> 01Jan | C42: =IFERROR(__xludf.DUMMYFUNCTION("""COMPUTED_VALUE"""),"SUWINDA KUSRINI") -> SUWINDA KUSRINI | D42: {=IFNA(XLOOKUP(C42,'👥 Daftar Nama Pasien'!$B$6:$B1181,'👥 Daftar Nama Pasien'!$D$6:$D1181),"")} -> 44 | E42: {=XLOOKUP(C42,'⬇️ PEMASUKAN'!$I$5:$I1181,'⬇️ PEMASUKAN'!$K$5:$K1181,,0,-1)} -> K.PT - PAKET 1 | F42: =IF(E42="K.TA - TERAPI AWAL","TIDAK CLOSING",E42) -> K.PT - PAKET 1 | G42: =IF(C42="","",IF(ISNUMBER(SEARCH("*K.PT*",F42)),"CLOSING PAKET",IF(ISNUMBER(SEARCH("*K.ST*",F42)),"CLOSING SESI","TIDAK CLOSING"))) -> CLOSING PAKET | H42: =IFERROR(__xludf.DUMMYFUNCTION("""COMPUTED_VALUE"""),"HESTI") -> HESTI | I42: =IFERROR(__xludf.DUMMYFUNCTION("""COMPUTED_VALUE"""),"LAINNYA") -> LAINNYA
A43: =IFERROR(__xludf.DUMMYFUNCTION("""COMPUTED_VALUE"""),46032.0) -> 46032 | B43: =if(A43="","", text(A43,"mm")&text(A43,"mmm")) -> 01Jan | C43: =IFERROR(__xludf.DUMMYFUNCTION("""COMPUTED_VALUE"""),"WILDAN ANKY PUTRA") -> WILDAN ANKY PUTRA | D43: {=IFNA(XLOOKUP(C43,'👥 Daftar Nama Pasien'!$B$6:$B1181,'👥 Daftar Nama Pasien'!$D$6:$D1181),"")} -> 33 | E43: {=XLOOKUP(C43,'⬇️ PEMASUKAN'!$I$5:$I1181,'⬇️ PEMASUKAN'!$K$5:$K1181,,0,-1)} -> K.TA - TERAPI AWAL | F43: =IF(E43="K.TA - TERAPI AWAL","TIDAK CLOSING",E43) -> TIDAK CLOSING | G43: =IF(C43="","",IF(ISNUMBER(SEARCH("*K.PT*",F43)),"CLOSING PAKET",IF(ISNUMBER(SEARCH("*K.ST*",F43)),"CLOSING SESI","TIDAK CLOSING"))) -> TIDAK CLOSING | H43: =IFERROR(__xludf.DUMMYFUNCTION("""COMPUTED_VALUE"""),"HESTI") -> HESTI | I43: =IFERROR(__xludf.DUMMYFUNCTION("""COMPUTED_VALUE"""),"SUCI") -> SUCI
A44: =IFERROR(__xludf.DUMMYFUNCTION("""COMPUTED_VALUE"""),46032.0) -> 46032 | B44: =if(A44="","", text(A44,"mm")&text(A44,"mmm")) -> 01Jan | C44: =IFERROR(__xludf.DUMMYFUNCTION("""COMPUTED_VALUE"""),"SYARIFAH FADILLAH") -> SYARIFAH FADILLAH | D44: {=IFNA(XLOOKUP(C44,'👥 Daftar Nama Pasien'!$B$6:$B1181,'👥 Daftar Nama Pasien'!$D$6:$D1181),"")} -> 52 | E44: {=XLOOKUP(C44,'⬇️ PEMASUKAN'!$I$5:$I1181,'⬇️ PEMASUKAN'!$K$5:$K1181,,0,-1)} -> K.PT - PAKET 1 | F44: =IF(E44="K.TA - TERAPI AWAL","TIDAK CLOSING",E44) -> K.PT - PAKET 1 | G44: =IF(C44="","",IF(ISNUMBER(SEARCH("*K.PT*",F44)),"CLOSING PAKET",IF(ISNUMBER(SEARCH("*K.ST*",F44)),"CLOSING SESI","TIDAK CLOSING"))) -> CLOSING PAKET | H44: =IFERROR(__xludf.DUMMYFUNCTION("""COMPUTED_VALUE"""),"HESTI") -> HESTI | I44: =IFERROR(__xludf.DUMMYFUNCTION("""COMPUTED_VALUE"""),"SUCI") -> SUCI
A45: =IFERROR(__xludf.DUMMYFUNCTION("""COMPUTED_VALUE"""),46032.0) -> 46032 | B45: =if(A45="","", text(A45,"mm")&text(A45,"mmm")) -> 01Jan | C45: =IFERROR(__xludf.DUMMYFUNCTION("""COMPUTED_VALUE"""),"KHANZA PUTRI HUMAIRAH") -> KHANZA PUTRI HUMAIRAH | D45: {=IFNA(XLOOKUP(C45,'👥 Daftar Nama Pasien'!$B$6:$B1181,'👥 Daftar Nama Pasien'!$D$6:$D1181),"")} -> 11 | E45: {=XLOOKUP(C45,'⬇️ PEMASUKAN'!$I$5:$I1181,'⬇️ PEMASUKAN'!$K$5:$K1181,,0,-1)} -> K.PT - PAKET 2 | F45: =IF(E45="K.TA - TERAPI AWAL","TIDAK CLOSING",E45) -> K.PT - PAKET 2 | G45: =IF(C45="","",IF(ISNUMBER(SEARCH("*K.PT*",F45)),"CLOSING PAKET",IF(ISNUMBER(SEARCH("*K.ST*",F45)),"CLOSING SESI","TIDAK CLOSING"))) -> CLOSING PAKET | H45: =IFERROR(__xludf.DUMMYFUNCTION("""COMPUTED_VALUE"""),"OKTA") -> OKTA | I45: =IFERROR(__xludf.DUMMYFUNCTION("""COMPUTED_VALUE"""),"SUCI") -> SUCI
A46: =IFERROR(__xludf.DUMMYFUNCTION("""COMPUTED_VALUE"""),46032.0) -> 46032 | B46: =if(A46="","", text(A46,"mm")&text(A46,"mmm")) -> 01Jan | C46: =IFERROR(__xludf.DUMMYFUNCTION("""COMPUTED_VALUE"""),"FITA") -> FITA | D46: {=IFNA(XLOOKUP(C46,'👥 Daftar Nama Pasien'!$B$6:$B1181,'👥 Daftar Nama Pasien'!$D$6:$D1181),"")} -> 49 | E46: {=XLOOKUP(C46,'⬇️ PEMASUKAN'!$I$5:$I1181,'⬇️ PEMASUKAN'!$K$5:$K1181,,0,-1)} -> K.TA - TERAPI AWAL | F46: =IF(E46="K.TA - TERAPI AWAL","TIDAK CLOSING",E46) -> TIDAK CLOSING | G46: =IF(C46="","",IF(ISNUMBER(SEARCH("*K.PT*",F46)),"CLOSING PAKET",IF(ISNUMBER(SEARCH("*K.ST*",F46)),"CLOSING SESI","TIDAK CLOSING"))) -> TIDAK CLOSING | H46: =IFERROR(__xludf.DUMMYFUNCTION("""COMPUTED_VALUE"""),"HENA") -> HENA | I46: =IFERROR(__xludf.DUMMYFUNCTION("""COMPUTED_VALUE"""),"SUCI") -> SUCI
A47: =IFERROR(__xludf.DUMMYFUNCTION("""COMPUTED_VALUE"""),46032.0) -> 46032 | B47: =if(A47="","", text(A47,"mm")&text(A47,"mmm")) -> 01Jan | C47: =IFERROR(__xludf.DUMMYFUNCTION("""COMPUTED_VALUE"""),"FAHRIZAL RAMADHAN") -> FAHRIZAL RAMADHAN | D47: {=IFNA(XLOOKUP(C47,'👥 Daftar Nama Pasien'!$B$6:$B1181,'👥 Daftar Nama Pasien'!$D$6:$D1181),"")} -> 34 | E47: {=XLOOKUP(C47,'⬇️ PEMASUKAN'!$I$5:$I1181,'⬇️ PEMASUKAN'!$K$5:$K1181,,0,-1)} -> K.PT - PAKET 2 | F47: =IF(E47="K.TA - TERAPI AWAL","TIDAK CLOSING",E47) -> K.PT - PAKET 2 | G47: =IF(C47="","",IF(ISNUMBER(SEARCH("*K.PT*",F47)),"CLOSING PAKET",IF(ISNUMBER(SEARCH("*K.ST*",F47)),"CLOSING SESI","TIDAK CLOSING"))) -> CLOSING PAKET | H47: =IFERROR(__xludf.DUMMYFUNCTION("""COMPUTED_VALUE"""),"WAHYU") -> WAHYU | I47: =IFERROR(__xludf.DUMMYFUNCTION("""COMPUTED_VALUE"""),"NOPI") -> NOPI
A48: =IFERROR(__xludf.DUMMYFUNCTION("""COMPUTED_VALUE"""),46032.0) -> 46032 | B48: =if(A48="","", text(A48,"mm")&text(A48,"mmm")) -> 01Jan | C48: =IFERROR(__xludf.DUMMYFUNCTION("""COMPUTED_VALUE"""),"WIDODO 7512") -> WIDODO 7512 | D48: {=IFNA(XLOOKUP(C48,'👥 Daftar Nama Pasien'!$B$6:$B1181,'👥 Daftar Nama Pasien'!$D$6:$D1181),"")} -> 50 | E48: {=XLOOKUP(C48,'⬇️ PEMASUKAN'!$I$5:$I1181,'⬇️ PEMASUKAN'!$K$5:$K1181,,0,-1)} -> K.ST - SESI TERAPI | F48: =IF(E48="K.TA - TERAPI AWAL","TIDAK CLOSING",E48) -> K.ST - SESI TERAPI | G48: =IF(C48="","",IF(ISNUMBER(SEARCH("*K.PT*",F48)),"CLOSING PAKET",IF(ISNUMBER(SEARCH("*K.ST*",F48)),"CLOSING SESI","TIDAK CLOSING"))) -> CLOSING SESI | H48: =IFERROR(__xludf.DUMMYFUNCTION("""COMPUTED_VALUE"""),"WAHYU") -> WAHYU | I48: =IFERROR(__xludf.DUMMYFUNCTION("""COMPUTED_VALUE"""),"NOPI") -> NOPI
A49: =IFERROR(__xludf.DUMMYFUNCTION("""COMPUTED_VALUE"""),46032.0) -> 46032 | B49: =if(A49="","", text(A49,"mm")&text(A49,"mmm")) -> 01Jan | C49: =IFERROR(__xludf.DUMMYFUNCTION("""COMPUTED_VALUE"""),"SARWINTO") -> SARWINTO | D49: {=IFNA(XLOOKUP(C49,'👥 Daftar Nama Pasien'!$B$6:$B1181,'👥 Daftar Nama Pasien'!$D$6:$D1181),"")} -> 33 | E49: {=XLOOKUP(C49,'⬇️ PEMASUKAN'!$I$5:$I1181,'⬇️ PEMASUKAN'!$K$5:$K1181,,0,-1)} -> K.ST - SESI TERAPI | F49: =IF(E49="K.TA - TERAPI AWAL","TIDAK CLOSING",E49) -> K.ST - SESI TERAPI | G49: =IF(C49="","",IF(ISNUMBER(SEARCH("*K.PT*",F49)),"CLOSING PAKET",IF(ISNUMBER(SEARCH("*K.ST*",F49)),"CLOSING SESI","TIDAK CLOSING"))) -> CLOSING SESI | H49: =IFERROR(__xludf.DUMMYFUNCTION("""COMPUTED_VALUE"""),"PRITY") -> PRITY | I49: =IFERROR(__xludf.DUMMYFUNCTION("""COMPUTED_VALUE"""),"NOPI") -> NOPI
A50: =IFERROR(__xludf.DUMMYFUNCTION("""COMPUTED_VALUE"""),46033.0) -> 46033 | B50: =if(A50="","", text(A50,"mm")&text(A50,"mmm")) -> 01Jan | C50: =IFERROR(__xludf.DUMMYFUNCTION("""COMPUTED_VALUE"""),"JEMMY") -> JEMMY | D50: {=IFNA(XLOOKUP(C50,'👥 Daftar Nama Pasien'!$B$6:$B1181,'👥 Daftar Nama Pasien'!$D$6:$D1181),"")} -> 49 | E50: {=XLOOKUP(C50,'⬇️ PEMASUKAN'!$I$5:$I1181,'⬇️ PEMASUKAN'!$K$5:$K1181,,0,-1)} -> K.TA - TERAPI AWAL | F50: =IF(E50="K.TA - TERAPI AWAL","TIDAK CLOSING",E50) -> TIDAK CLOSING | G50: =IF(C50="","",IF(ISNUMBER(SEARCH("*K.PT*",F50)),"CLOSING PAKET",IF(ISNUMBER(SEARCH("*K.ST*",F50)),"CLOSING SESI","TIDAK CLOSING"))) -> TIDAK CLOSING | H50: =IFERROR(__xludf.DUMMYFUNCTION("""COMPUTED_VALUE"""),"EDO") -> EDO | I50: =IFERROR(__xludf.DUMMYFUNCTION("""COMPUTED_VALUE"""),"SUCI") -> SUCI
A51: =IFERROR(__xludf.DUMMYFUNCTION("""COMPUTED_VALUE"""),46033.0) -> 46033 | B51: =if(A51="","", text(A51,"mm")&text(A51,"mmm")) -> 01Jan | C51: =IFERROR(__xludf.DUMMYFUNCTION("""COMPUTED_VALUE"""),"NIKEN ATIKA PUSPA NINGRUM") -> NIKEN ATIKA PUSPA NINGRUM | D51: {=IFNA(XLOOKUP(C51,'👥 Daftar Nama Pasien'!$B$6:$B1181,'👥 Daftar Nama Pasien'!$D$6:$D1181),"")} -> 32 | E51: {=XLOOKUP(C51,'⬇️ PEMASUKAN'!$I$5:$I1181,'⬇️ PEMASUKAN'!$K$5:$K1181,,0,-1)} -> K.TA - TERAPI AWAL | F51: =IF(E51="K.TA - TERAPI AWAL","TIDAK CLOSING",E51) -> TIDAK CLOSING | G51: =IF(C51="","",IF(ISNUMBER(SEARCH("*K.PT*",F51)),"CLOSING PAKET",IF(ISNUMBER(SEARCH("*K.ST*",F51)),"CLOSING SESI","TIDAK CLOSING"))) -> TIDAK CLOSING | H51: =IFERROR(__xludf.DUMMYFUNCTION("""COMPUTED_VALUE"""),"OKTA") -> OKTA | I51: =IFERROR(__xludf.DUMMYFUNCTION("""COMPUTED_VALUE"""),"SUCI") -> SUCI
A52: =IFERROR(__xludf.DUMMYFUNCTION("""COMPUTED_VALUE"""),46033.0) -> 46033 | B52: =if(A52="","", text(A52,"mm")&text(A52,"mmm")) -> 01Jan | C52: =IFERROR(__xludf.DUMMYFUNCTION("""COMPUTED_VALUE"""),"M FAHRIZA RAHMAN") -> M FAHRIZA RAHMAN | D52: {=IFNA(XLOOKUP(C52,'👥 Daftar Nama Pasien'!$B$6:$B1181,'👥 Daftar Nama Pasien'!$D$6:$D1181),"")} -> 20 | E52: {=XLOOKUP(C52,'⬇️ PEMASUKAN'!$I$5:$I1181,'⬇️ PEMASUKAN'!$K$5:$K1181,,0,-1)} -> K.ST - SESI TERAPI | F52: =IF(E52="K.TA - TERAPI AWAL","TIDAK CLOSING",E52) -> K.ST - SESI TERAPI | G52: =IF(C52="","",IF(ISNUMBER(SEARCH("*K.PT*",F52)),"CLOSING PAKET",IF(ISNUMBER(SEARCH("*K.ST*",F52)),"CLOSING SESI","TIDAK CLOSING"))) -> CLOSING SESI | H52: =IFERROR(__xludf.DUMMYFUNCTION("""COMPUTED_VALUE"""),"HENA") -> HENA | I52: =IFERROR(__xludf.DUMMYFUNCTION("""COMPUTED_VALUE"""),"SUCI") -> SUCI
A53: =IFERROR(__xludf.DUMMYFUNCTION("""COMPUTED_VALUE"""),46033.0) -> 46033 | B53: =if(A53="","", text(A53,"mm")&text(A53,"mmm")) -> 01Jan | C53: =IFERROR(__xludf.DUMMYFUNCTION("""COMPUTED_VALUE"""),"M FAHRIZA RAHMAN") -> M FAHRIZA RAHMAN | D53: {=IFNA(XLOOKUP(C53,'👥 Daftar Nama Pasien'!$B$6:$B1181,'👥 Daftar Nama Pasien'!$D$6:$D1181),"")} -> 20 | E53: {=XLOOKUP(C53,'⬇️ PEMASUKAN'!$I$5:$I1181,'⬇️ PEMASUKAN'!$K$5:$K1181,,0,-1)} -> K.ST - SESI TERAPI | F53: =IF(E53="K.TA - TERAPI AWAL","TIDAK CLOSING",E53) -> K.ST - SESI TERAPI | G53: =IF(C53="","",IF(ISNUMBER(SEARCH("*K.PT*",F53)),"CLOSING PAKET",IF(ISNUMBER(SEARCH("*K.ST*",F53)),"CLOSING SESI","TIDAK CLOSING"))) -> CLOSING SESI | H53: =IFERROR(__xludf.DUMMYFUNCTION("""COMPUTED_VALUE"""),"HENA") -> HENA | I53: =IFERROR(__xludf.DUMMYFUNCTION("""COMPUTED_VALUE"""),"SUCI") -> SUCI
A54: =IFERROR(__xludf.DUMMYFUNCTION("""COMPUTED_VALUE"""),46033.0) -> 46033 | B54: =if(A54="","", text(A54,"mm")&text(A54,"mmm")) -> 01Jan | C54: =IFERROR(__xludf.DUMMYFUNCTION("""COMPUTED_VALUE"""),"NADYA SAFIRA") -> NADYA SAFIRA | D54: {=IFNA(XLOOKUP(C54,'👥 Daftar Nama Pasien'!$B$6:$B1181,'👥 Daftar Nama Pasien'!$D$6:$D1181),"")} -> 19 | E54: {=XLOOKUP(C54,'⬇️ PEMASUKAN'!$I$5:$I1181,'⬇️ PEMASUKAN'!$K$5:$K1181,,0,-1)} -> K.ST - SESI TERAPI | F54: =IF(E54="K.TA - TERAPI AWAL","TIDAK CLOSING",E54) -> K.ST - SESI TERAPI | G54: =IF(C54="","",IF(ISNUMBER(SEARCH("*K.PT*",F54)),"CLOSING PAKET",IF(ISNUMBER(SEARCH("*K.ST*",F54)),"CLOSING SESI","TIDAK CLOSING"))) -> CLOSING SESI | H54: =IFERROR(__xludf.DUMMYFUNCTION("""COMPUTED_VALUE"""),"PRITY") -> PRITY | I54: =IFERROR(__xludf.DUMMYFUNCTION("""COMPUTED_VALUE"""),"NOPI") -> NOPI
A55: =IFERROR(__xludf.DUMMYFUNCTION("""COMPUTED_VALUE"""),46033.0) -> 46033 | B55: =if(A55="","", text(A55,"mm")&text(A55,"mmm")) -> 01Jan | C55: =IFERROR(__xludf.DUMMYFUNCTION("""COMPUTED_VALUE"""),"CHALID OBED") -> CHALID OBED | D55: {=IFNA(XLOOKUP(C55,'👥 Daftar Nama Pasien'!$B$6:$B1181,'👥 Daftar Nama Pasien'!$D$6:$D1181),"")} -> 75 | E55: {=XLOOKUP(C55,'⬇️ PEMASUKAN'!$I$5:$I1181,'⬇️ PEMASUKAN'!$K$5:$K1181,,0,-1)} -> K.ST - SESI TERAPI | F55: =IF(E55="K.TA - TERAPI AWAL","TIDAK CLOSING",E55) -> K.ST - SESI TERAPI | G55: =IF(C55="","",IF(ISNUMBER(SEARCH("*K.PT*",F55)),"CLOSING PAKET",IF(ISNUMBER(SEARCH("*K.ST*",F55)),"CLOSING SESI","TIDAK CLOSING"))) -> CLOSING SESI | H55: =IFERROR(__xludf.DUMMYFUNCTION("""COMPUTED_VALUE"""),"ORY") -> ORY | I55: =IFERROR(__xludf.DUMMYFUNCTION("""COMPUTED_VALUE"""),"NOPI") -> NOPI
A56: =IFERROR(__xludf.DUMMYFUNCTION("""COMPUTED_VALUE"""),46034.0) -> 46034 | B56: =if(A56="","", text(A56,"mm")&text(A56,"mmm")) -> 01Jan | C56: =IFERROR(__xludf.DUMMYFUNCTION("""COMPUTED_VALUE"""),"MIRNA APRIANTY") -> MIRNA APRIANTY | D56: {=IFNA(XLOOKUP(C56,'👥 Daftar Nama Pasien'!$B$6:$B1181,'👥 Daftar Nama Pasien'!$D$6:$D1181),"")} -> 61 | E56: {=XLOOKUP(C56,'⬇️ PEMASUKAN'!$I$5:$I1181,'⬇️ PEMASUKAN'!$K$5:$K1181,,0,-1)} -> K.ST - SESI TERAPI | F56: =IF(E56="K.TA - TERAPI AWAL","TIDAK CLOSING",E56) -> K.ST - SESI TERAPI | G56: =IF(C56="","",IF(ISNUMBER(SEARCH("*K.PT*",F56)),"CLOSING PAKET",IF(ISNUMBER(SEARCH("*K.ST*",F56)),"CLOSING SESI","TIDAK CLOSING"))) -> CLOSING SESI | H56: =IFERROR(__xludf.DUMMYFUNCTION("""COMPUTED_VALUE"""),"AUL") -> AUL | I56: =IFERROR(__xludf.DUMMYFUNCTION("""COMPUTED_VALUE"""),"SUCI") -> SUCI
A57: =IFERROR(__xludf.DUMMYFUNCTION("""COMPUTED_VALUE"""),46034.0) -> 46034 | B57: =if(A57="","", text(A57,"mm")&text(A57,"mmm")) -> 01Jan | C57: =IFERROR(__xludf.DUMMYFUNCTION("""COMPUTED_VALUE"""),"JONG SULI") -> JONG SULI | D57: {=IFNA(XLOOKUP(C57,'👥 Daftar Nama Pasien'!$B$6:$B1181,'👥 Daftar Nama Pasien'!$D$6:$D1181),"")} -> 22 | E57: {=XLOOKUP(C57,'⬇️ PEMASUKAN'!$I$5:$I1181,'⬇️ PEMASUKAN'!$K$5:$K1181,,0,-1)} -> K.PT - PAKET 2 | F57: =IF(E57="K.TA - TERAPI AWAL","TIDAK CLOSING",E57) -> K.PT - PAKET 2 | G57: =IF(C57="","",IF(ISNUMBER(SEARCH("*K.PT*",F57)),"CLOSING PAKET",IF(ISNUMBER(SEARCH("*K.ST*",F57)),"CLOSING SESI","TIDAK CLOSING"))) -> CLOSING PAKET | H57: =IFERROR(__xludf.DUMMYFUNCTION("""COMPUTED_VALUE"""),"DESTY") -> DESTY | I57: =IFERROR(__xludf.DUMMYFUNCTION("""COMPUTED_VALUE"""),"SUCI") -> SUCI
A58: =IFERROR(__xludf.DUMMYFUNCTION("""COMPUTED_VALUE"""),46034.0) -> 46034 | B58: =if(A58="","", text(A58,"mm")&text(A58,"mmm")) -> 01Jan | C58: =IFERROR(__xludf.DUMMYFUNCTION("""COMPUTED_VALUE"""),"WARSINO") -> WARSINO | D58: {=IFNA(XLOOKUP(C58,'👥 Daftar Nama Pasien'!$B$6:$B1181,'👥 Daftar Nama Pasien'!$D$6:$D1181),"")} -> 53 | E58: {=XLOOKUP(C58,'⬇️ PEMASUKAN'!$I$5:$I1181,'⬇️ PEMASUKAN'!$K$5:$K1181,,0,-1)} -> K.PT - PAKET 1 | F58: =IF(E58="K.TA - TERAPI AWAL","TIDAK CLOSING",E58) -> K.PT - PAKET 1 | G58: =IF(C58="","",IF(ISNUMBER(SEARCH("*K.PT*",F58)),"CLOSING PAKET",IF(ISNUMBER(SEARCH("*K.ST*",F58)),"CLOSING SESI","TIDAK CLOSING"))) -> CLOSING PAKET | H58: =IFERROR(__xludf.DUMMYFUNCTION("""COMPUTED_VALUE"""),"ORY") -> ORY | I58: =IFERROR(__xludf.DUMMYFUNCTION("""COMPUTED_VALUE"""),"SUCI") -> SUCI
A59: =IFERROR(__xludf.DUMMYFUNCTION("""COMPUTED_VALUE"""),46034.0) -> 46034 | B59: =if(A59="","", text(A59,"mm")&text(A59,"mmm")) -> 01Jan | C59: =IFERROR(__xludf.DUMMYFUNCTION("""COMPUTED_VALUE"""),"ANUSAPATI") -> ANUSAPATI | D59: {=IFNA(XLOOKUP(C59,'👥 Daftar Nama Pasien'!$B$6:$B1181,'👥 Daftar Nama Pasien'!$D$6:$D1181),"")} -> 60 | E59: {=XLOOKUP(C59,'⬇️ PEMASUKAN'!$I$5:$I1181,'⬇️ PEMASUKAN'!$K$5:$K1181,,0,-1)} -> K.TA - TERAPI AWAL | F59: =IF(E59="K.TA - TERAPI AWAL","TIDAK CLOSING",E59) -> TIDAK CLOSING | G59: =IF(C59="","",IF(ISNUMBER(SEARCH("*K.PT*",F59)),"CLOSING PAKET",IF(ISNUMBER(SEARCH("*K.ST*",F59)),"CLOSING SESI","TIDAK CLOSING"))) -> TIDAK CLOSING | H59: =IFERROR(__xludf.DUMMYFUNCTION("""COMPUTED_VALUE"""),"ORY") -> ORY | I59: =IFERROR(__xludf.DUMMYFUNCTION("""COMPUTED_VALUE"""),"SUCI") -> SUCI
A60: =IFERROR(__xludf.DUMMYFUNCTION("""COMPUTED_VALUE"""),46034.0) -> 46034 | B60: =if(A60="","", text(A60,"mm")&text(A60,"mmm")) -> 01Jan | C60: =IFERROR(__xludf.DUMMYFUNCTION("""COMPUTED_VALUE"""),"MUCHLIS") -> MUCHLIS | D60: {=IFNA(XLOOKUP(C60,'👥 Daftar Nama Pasien'!$B$6:$B1181,'👥 Daftar Nama Pasien'!$D$6:$D1181),"")} -> 59 | E60: {=XLOOKUP(C60,'⬇️ PEMASUKAN'!$I$5:$I1181,'⬇️ PEMASUKAN'!$K$5:$K1181,,0,-1)} -> K.ST - SESI TERAPI | F60: =IF(E60="K.TA - TERAPI AWAL","TIDAK CLOSING",E60) -> K.ST - SESI TERAPI | G60: =IF(C60="","",IF(ISNUMBER(SEARCH("*K.PT*",F60)),"CLOSING PAKET",IF(ISNUMBER(SEARCH("*K.ST*",F60)),"CLOSING SESI","TIDAK CLOSING"))) -> CLOSING SESI | H60: =IFERROR(__xludf.DUMMYFUNCTION("""COMPUTED_VALUE"""),"DESTY") -> DESTY | I60: =IFERROR(__xludf.DUMMYFUNCTION("""COMPUTED_VALUE"""),"SUCI") -> SUCI
A61: =IFERROR(__xludf.DUMMYFUNCTION("""COMPUTED_VALUE"""),46034.0) -> 46034 | B61: =if(A61="","", text(A61,"mm")&text(A61,"mmm")) -> 01Jan | C61: =IFERROR(__xludf.DUMMYFUNCTION("""COMPUTED_VALUE"""),"SUDIYANTI HO") -> SUDIYANTI HO | D61: {=IFNA(XLOOKUP(C61,'👥 Daftar Nama Pasien'!$B$6:$B1181,'👥 Daftar Nama Pasien'!$D$6:$D1181),"")} -> 72 | E61: {=XLOOKUP(C61,'⬇️ PEMASUKAN'!$I$5:$I1181,'⬇️ PEMASUKAN'!$K$5:$K1181,,0,-1)} -> K.PT - PAKET 2 | F61: =IF(E61="K.TA - TERAPI AWAL","TIDAK CLOSING",E61) -> K.PT - PAKET 2 | G61: =IF(C61="","",IF(ISNUMBER(SEARCH("*K.PT*",F61)),"CLOSING PAKET",IF(ISNUMBER(SEARCH("*K.ST*",F61)),"CLOSING SESI","TIDAK CLOSING"))) -> CLOSING PAKET | H61: =IFERROR(__xludf.DUMMYFUNCTION("""COMPUTED_VALUE"""),"ORY") -> ORY | I61: =IFERROR(__xludf.DUMMYFUNCTION("""COMPUTED_VALUE"""),"SUCI") -> SUCI
A62: =IFERROR(__xludf.DUMMYFUNCTION("""COMPUTED_VALUE"""),46034.0) -> 46034 | B62: =if(A62="","", text(A62,"mm")&text(A62,"mmm")) -> 01Jan | C62: =IFERROR(__xludf.DUMMYFUNCTION("""COMPUTED_VALUE"""),"RIDHO YUDI PRABAWA") -> RIDHO YUDI PRABAWA | D62: {=IFNA(XLOOKUP(C62,'👥 Daftar Nama Pasien'!$B$6:$B1181,'👥 Daftar Nama Pasien'!$D$6:$D1181),"")} -> 44 | E62: {=XLOOKUP(C62,'⬇️ PEMASUKAN'!$I$5:$I1181,'⬇️ PEMASUKAN'!$K$5:$K1181,,0,-1)} -> K.TA - TERAPI AWAL | F62: =IF(E62="K.TA - TERAPI AWAL","TIDAK CLOSING",E62) -> TIDAK CLOSING | G62: =IF(C62="","",IF(ISNUMBER(SEARCH("*K.PT*",F62)),"CLOSING PAKET",IF(ISNUMBER(SEARCH("*K.ST*",F62)),"CLOSING SESI","TIDAK CLOSING"))) -> TIDAK CLOSING | H62: =IFERROR(__xludf.DUMMYFUNCTION("""COMPUTED_VALUE"""),"AUL") -> AUL | I62: =IFERROR(__xludf.DUMMYFUNCTION("""COMPUTED_VALUE"""),"SUCI") -> SUCI
A63: =IFERROR(__xludf.DUMMYFUNCTION("""COMPUTED_VALUE"""),46034.0) -> 46034 | B63: =if(A63="","", text(A63,"mm")&text(A63,"mmm")) -> 01Jan | C63: =IFERROR(__xludf.DUMMYFUNCTION("""COMPUTED_VALUE"""),"HENDRAWATI SAM") -> HENDRAWATI SAM | D63: {=IFNA(XLOOKUP(C63,'👥 Daftar Nama Pasien'!$B$6:$B1181,'👥 Daftar Nama Pasien'!$D$6:$D1181),"")} -> 54 | E63: {=XLOOKUP(C63,'⬇️ PEMASUKAN'!$I$5:$I1181,'⬇️ PEMASUKAN'!$K$5:$K1181,,0,-1)} -> K.TA - TERAPI AWAL | F63: =IF(E63="K.TA - TERAPI AWAL","TIDAK CLOSING",E63) -> TIDAK CLOSING | G63: =IF(C63="","",IF(ISNUMBER(SEARCH("*K.PT*",F63)),"CLOSING PAKET",IF(ISNUMBER(SEARCH("*K.ST*",F63)),"CLOSING SESI","TIDAK CLOSING"))) -> TIDAK CLOSING | H63: =IFERROR(__xludf.DUMMYFUNCTION("""COMPUTED_VALUE"""),"OKTA") -> OKTA | I63: =IFERROR(__xludf.DUMMYFUNCTION("""COMPUTED_VALUE"""),"NOPI") -> NOPI
A64: =IFERROR(__xludf.DUMMYFUNCTION("""COMPUTED_VALUE"""),46034.0) -> 46034 | B64: =if(A64="","", text(A64,"mm")&text(A64,"mmm")) -> 01Jan | C64: =IFERROR(__xludf.DUMMYFUNCTION("""COMPUTED_VALUE"""),"DESI MARGASIA") -> DESI MARGASIA | D64: {=IFNA(XLOOKUP(C64,'👥 Daftar Nama Pasien'!$B$6:$B1181,'👥 Daftar Nama Pasien'!$D$6:$D1181),"")} -> 33 | E64: {=XLOOKUP(C64,'⬇️ PEMASUKAN'!$I$5:$I1181,'⬇️ PEMASUKAN'!$K$5:$K1181,,0,-1)} -> K.TA - TERAPI AWAL | F64: =IF(E64="K.TA - TERAPI AWAL","TIDAK CLOSING",E64) -> TIDAK CLOSING | G64: =IF(C64="","",IF(ISNUMBER(SEARCH("*K.PT*",F64)),"CLOSING PAKET",IF(ISNUMBER(SEARCH("*K.ST*",F64)),"CLOSING SESI","TIDAK CLOSING"))) -> TIDAK CLOSING | H64: =IFERROR(__xludf.DUMMYFUNCTION("""COMPUTED_VALUE"""),"OKTA") -> OKTA | I64: =IFERROR(__xludf.DUMMYFUNCTION("""COMPUTED_VALUE"""),"NOPI") -> NOPI
A65: =IFERROR(__xludf.DUMMYFUNCTION("""COMPUTED_VALUE"""),46035.0) -> 46035 | B65: =if(A65="","", text(A65,"mm")&text(A65,"mmm")) -> 01Jan | C65: =IFERROR(__xludf.DUMMYFUNCTION("""COMPUTED_VALUE"""),"HENDI") -> HENDI | D65: {=IFNA(XLOOKUP(C65,'👥 Daftar Nama Pasien'!$B$6:$B1181,'👥 Daftar Nama Pasien'!$D$6:$D1181),"")} -> 32 | E65: {=XLOOKUP(C65,'⬇️ PEMASUKAN'!$I$5:$I1181,'⬇️ PEMASUKAN'!$K$5:$K1181,,0,-1)} -> K.ST - SESI TERAPI | F65: =IF(E65="K.TA - TERAPI AWAL","TIDAK CLOSING",E65) -> K.ST - SESI TERAPI | G65: =IF(C65="","",IF(ISNUMBER(SEARCH("*K.PT*",F65)),"CLOSING PAKET",IF(ISNUMBER(SEARCH("*K.ST*",F65)),"CLOSING SESI","TIDAK CLOSING"))) -> CLOSING SESI | H65: =IFERROR(__xludf.DUMMYFUNCTION("""COMPUTED_VALUE"""),"WAHYU") -> WAHYU | I65: =IFERROR(__xludf.DUMMYFUNCTION("""COMPUTED_VALUE"""),"NOPI") -> NOPI
A66: =IFERROR(__xludf.DUMMYFUNCTION("""COMPUTED_VALUE"""),46035.0) -> 46035 | B66: =if(A66="","", text(A66,"mm")&text(A66,"mmm")) -> 01Jan | C66: =IFERROR(__xludf.DUMMYFUNCTION("""COMPUTED_VALUE"""),"MAULIZA DESIANA") -> MAULIZA DESIANA | D66: {=IFNA(XLOOKUP(C66,'👥 Daftar Nama Pasien'!$B$6:$B1181,'👥 Daftar Nama Pasien'!$D$6:$D1181),"")} -> 38 | E66: {=XLOOKUP(C66,'⬇️ PEMASUKAN'!$I$5:$I1181,'⬇️ PEMASUKAN'!$K$5:$K1181,,0,-1)} -> K.ST - SESI TERAPI | F66: =IF(E66="K.TA - TERAPI AWAL","TIDAK CLOSING",E66) -> K.ST - SESI TERAPI | G66: =IF(C66="","",IF(ISNUMBER(SEARCH("*K.PT*",F66)),"CLOSING PAKET",IF(ISNUMBER(SEARCH("*K.ST*",F66)),"CLOSING SESI","TIDAK CLOSING"))) -> CLOSING SESI | H66: =IFERROR(__xludf.DUMMYFUNCTION("""COMPUTED_VALUE"""),"DESTY") -> DESTY | I66: =IFERROR(__xludf.DUMMYFUNCTION("""COMPUTED_VALUE"""),"SUCI") -> SUCI
A67: =IFERROR(__xludf.DUMMYFUNCTION("""COMPUTED_VALUE"""),46035.0) -> 46035 | B67: =if(A67="","", text(A67,"mm")&text(A67,"mmm")) -> 01Jan | C67: =IFERROR(__xludf.DUMMYFUNCTION("""COMPUTED_VALUE"""),"YAZID MISHBAH KHOIRI ") -> YAZID MISHBAH KHOIRI | D67: {=IFNA(XLOOKUP(C67,'👥 Daftar Nama Pasien'!$B$6:$B1181,'👥 Daftar Nama Pasien'!$D$6:$D1181),"")} -> 20 | E67: {=XLOOKUP(C67,'⬇️ PEMASUKAN'!$I$5:$I1181,'⬇️ PEMASUKAN'!$K$5:$K1181,,0,-1)} -> K.PT - PAKET 1 | F67: =IF(E67="K.TA - TERAPI AWAL","TIDAK CLOSING",E67) -> K.PT - PAKET 1 | G67: =IF(C67="","",IF(ISNUMBER(SEARCH("*K.PT*",F67)),"CLOSING PAKET",IF(ISNUMBER(SEARCH("*K.ST*",F67)),"CLOSING SESI","TIDAK CLOSING"))) -> CLOSING PAKET | H67: =IFERROR(__xludf.DUMMYFUNCTION("""COMPUTED_VALUE"""),"ORY") -> ORY | I67: =IFERROR(__xludf.DUMMYFUNCTION("""COMPUTED_VALUE"""),"SUCI") -> SUCI
A68: =IFERROR(__xludf.DUMMYFUNCTION("""COMPUTED_VALUE"""),46035.0) -> 46035 | B68: =if(A68="","", text(A68,"mm")&text(A68,"mmm")) -> 01Jan | C68: =IFERROR(__xludf.DUMMYFUNCTION("""COMPUTED_VALUE"""),"MUHAMMAD VIKI SYURIANSAH") -> MUHAMMAD VIKI SYURIANSAH | D68: {=IFNA(XLOOKUP(C68,'👥 Daftar Nama Pasien'!$B$6:$B1181,'👥 Daftar Nama Pasien'!$D$6:$D1181),"")} -> 39 | E68: {=XLOOKUP(C68,'⬇️ PEMASUKAN'!$I$5:$I1181,'⬇️ PEMASUKAN'!$K$5:$K1181,,0,-1)} -> K.PT - PAKET 1 | F68: =IF(E68="K.TA - TERAPI AWAL","TIDAK CLOSING",E68) -> K.PT - PAKET 1 | G68: =IF(C68="","",IF(ISNUMBER(SEARCH("*K.PT*",F68)),"CLOSING PAKET",IF(ISNUMBER(SEARCH("*K.ST*",F68)),"CLOSING SESI","TIDAK CLOSING"))) -> CLOSING PAKET | H68: =IFERROR(__xludf.DUMMYFUNCTION("""COMPUTED_VALUE"""),"PRITY") -> PRITY | I68: =IFERROR(__xludf.DUMMYFUNCTION("""COMPUTED_VALUE"""),"SUCI") -> SUCI
A69: =IFERROR(__xludf.DUMMYFUNCTION("""COMPUTED_VALUE"""),46035.0) -> 46035 | B69: =if(A69="","", text(A69,"mm")&text(A69,"mmm")) -> 01Jan | C69: =IFERROR(__xludf.DUMMYFUNCTION("""COMPUTED_VALUE"""),"HENDRA GUNAWAN 8801") -> HENDRA GUNAWAN 8801 | D69: {=IFNA(XLOOKUP(C69,'👥 Daftar Nama Pasien'!$B$6:$B1181,'👥 Daftar Nama Pasien'!$D$6:$D1181),"")} -> 38 | E69: {=XLOOKUP(C69,'⬇️ PEMASUKAN'!$I$5:$I1181,'⬇️ PEMASUKAN'!$K$5:$K1181,,0,-1)} -> K.ST - SESI TERAPI | F69: =IF(E69="K.TA - TERAPI AWAL","TIDAK CLOSING",E69) -> K.ST - SESI TERAPI | G69: =IF(C69="","",IF(ISNUMBER(SEARCH("*K.PT*",F69)),"CLOSING PAKET",IF(ISNUMBER(SEARCH("*K.ST*",F69)),"CLOSING SESI","TIDAK CLOSING"))) -> CLOSING SESI | H69: =IFERROR(__xludf.DUMMYFUNCTION("""COMPUTED_VALUE"""),"ORY") -> ORY | I69: =IFERROR(__xludf.DUMMYFUNCTION("""COMPUTED_VALUE"""),"SUCI") -> SUCI
A70: =IFERROR(__xludf.DUMMYFUNCTION("""COMPUTED_VALUE"""),46035.0) -> 46035 | B70: =if(A70="","", text(A70,"mm")&text(A70,"mmm")) -> 01Jan | C70: =IFERROR(__xludf.DUMMYFUNCTION("""COMPUTED_VALUE"""),"YANTO") -> YANTO | D70: {=IFNA(XLOOKUP(C70,'👥 Daftar Nama Pasien'!$B$6:$B1181,'👥 Daftar Nama Pasien'!$D$6:$D1181),"")} -> 55 | E70: {=XLOOKUP(C70,'⬇️ PEMASUKAN'!$I$5:$I1181,'⬇️ PEMASUKAN'!$K$5:$K1181,,0,-1)} -> K.TA - TERAPI AWAL | F70: =IF(E70="K.TA - TERAPI AWAL","TIDAK CLOSING",E70) -> TIDAK CLOSING | G70: =IF(C70="","",IF(ISNUMBER(SEARCH("*K.PT*",F70)),"CLOSING PAKET",IF(ISNUMBER(SEARCH("*K.ST*",F70)),"CLOSING SESI","TIDAK CLOSING"))) -> TIDAK CLOSING | H70: =IFERROR(__xludf.DUMMYFUNCTION("""COMPUTED_VALUE"""),"AUL") -> AUL | I70: =IFERROR(__xludf.DUMMYFUNCTION("""COMPUTED_VALUE"""),"SUCI") -> SUCI
A71: =IFERROR(__xludf.DUMMYFUNCTION("""COMPUTED_VALUE"""),46036.0) -> 46036 | B71: =if(A71="","", text(A71,"mm")&text(A71,"mmm")) -> 01Jan | C71: =IFERROR(__xludf.DUMMYFUNCTION("""COMPUTED_VALUE"""),"ALVIN DIYANDRA") -> ALVIN DIYANDRA | D71: {=IFNA(XLOOKUP(C71,'👥 Daftar Nama Pasien'!$B$6:$B1181,'👥 Daftar Nama Pasien'!$D$6:$D1181),"")} -> 29 | E71: {=XLOOKUP(C71,'⬇️ PEMASUKAN'!$I$5:$I1181,'⬇️ PEMASUKAN'!$K$5:$K1181,,0,-1)} -> K.ST - SESI TERAPI | F71: =IF(E71="K.TA - TERAPI AWAL","TIDAK CLOSING",E71) -> K.ST - SESI TERAPI | G71: =IF(C71="","",IF(ISNUMBER(SEARCH("*K.PT*",F71)),"CLOSING PAKET",IF(ISNUMBER(SEARCH("*K.ST*",F71)),"CLOSING SESI","TIDAK CLOSING"))) -> CLOSING SESI | H71: =IFERROR(__xludf.DUMMYFUNCTION("""COMPUTED_VALUE"""),"WAHYU") -> WAHYU | I71: =IFERROR(__xludf.DUMMYFUNCTION("""COMPUTED_VALUE"""),"SUCI") -> SUCI
A72: =IFERROR(__xludf.DUMMYFUNCTION("""COMPUTED_VALUE"""),46036.0) -> 46036 | B72: =if(A72="","", text(A72,"mm")&text(A72,"mmm")) -> 01Jan | C72: =IFERROR(__xludf.DUMMYFUNCTION("""COMPUTED_VALUE"""),"EVI ") -> EVI | D72: {=IFNA(XLOOKUP(C72,'👥 Daftar Nama Pasien'!$B$6:$B1181,'👥 Daftar Nama Pasien'!$D$6:$D1181),"")} -> 40 | E72: {=XLOOKUP(C72,'⬇️ PEMASUKAN'!$I$5:$I1181,'⬇️ PEMASUKAN'!$K$5:$K1181,,0,-1)} -> K.TA - TERAPI AWAL | F72: =IF(E72="K.TA - TERAPI AWAL","TIDAK CLOSING",E72) -> TIDAK CLOSING | G72: =IF(C72="","",IF(ISNUMBER(SEARCH("*K.PT*",F72)),"CLOSING PAKET",IF(ISNUMBER(SEARCH("*K.ST*",F72)),"CLOSING SESI","TIDAK CLOSING"))) -> TIDAK CLOSING | H72: =IFERROR(__xludf.DUMMYFUNCTION("""COMPUTED_VALUE"""),"OKTA") -> OKTA | I72: =IFERROR(__xludf.DUMMYFUNCTION("""COMPUTED_VALUE"""),"SUCI") -> SUCI
A73: =IFERROR(__xludf.DUMMYFUNCTION("""COMPUTED_VALUE"""),46036.0) -> 46036 | B73: =if(A73="","", text(A73,"mm")&text(A73,"mmm")) -> 01Jan | C73: =IFERROR(__xludf.DUMMYFUNCTION("""COMPUTED_VALUE"""),"ACHMAD RADAMA RINARDI") -> ACHMAD RADAMA RINARDI | D73: {=IFNA(XLOOKUP(C73,'👥 Daftar Nama Pasien'!$B$6:$B1181,'👥 Daftar Nama Pasien'!$D$6:$D1181),"")} -> 33 | E73: {=XLOOKUP(C73,'⬇️ PEMASUKAN'!$I$5:$I1181,'⬇️ PEMASUKAN'!$K$5:$K1181,,0,-1)} -> K.ST - SESI TERAPI | F73: =IF(E73="K.TA - TERAPI AWAL","TIDAK CLOSING",E73) -> K.ST - SESI TERAPI | G73: =IF(C73="","",IF(ISNUMBER(SEARCH("*K.PT*",F73)),"CLOSING PAKET",IF(ISNUMBER(SEARCH("*K.ST*",F73)),"CLOSING SESI","TIDAK CLOSING"))) -> CLOSING SESI | H73: =IFERROR(__xludf.DUMMYFUNCTION("""COMPUTED_VALUE"""),"WAHYU") -> WAHYU | I73: =IFERROR(__xludf.DUMMYFUNCTION("""COMPUTED_VALUE"""),"SUCI") -> SUCI
A74: =IFERROR(__xludf.DUMMYFUNCTION("""COMPUTED_VALUE"""),46036.0) -> 46036 | B74: =if(A74="","", text(A74,"mm")&text(A74,"mmm")) -> 01Jan | C74: =IFERROR(__xludf.DUMMYFUNCTION("""COMPUTED_VALUE"""),"VIONA PRICILA") -> VIONA PRICILA | D74: {=IFNA(XLOOKUP(C74,'👥 Daftar Nama Pasien'!$B$6:$B1181,'👥 Daftar Nama Pasien'!$D$6:$D1181),"")} -> 31 | E74: {=XLOOKUP(C74,'⬇️ PEMASUKAN'!$I$5:$I1181,'⬇️ PEMASUKAN'!$K$5:$K1181,,0,-1)} -> K.TA - TERAPI AWAL | F74: =IF(E74="K.TA - TERAPI AWAL","TIDAK CLOSING",E74) -> TIDAK CLOSING | G74: =IF(C74="","",IF(ISNUMBER(SEARCH("*K.PT*",F74)),"CLOSING PAKET",IF(ISNUMBER(SEARCH("*K.ST*",F74)),"CLOSING SESI","TIDAK CLOSING"))) -> TIDAK CLOSING | H74: =IFERROR(__xludf.DUMMYFUNCTION("""COMPUTED_VALUE"""),"DESTY") -> DESTY | I74: =IFERROR(__xludf.DUMMYFUNCTION("""COMPUTED_VALUE"""),"NOPI") -> NOPI
A75: =IFERROR(__xludf.DUMMYFUNCTION("""COMPUTED_VALUE"""),46036.0) -> 46036 | B75: =if(A75="","", text(A75,"mm")&text(A75,"mmm")) -> 01Jan | C75: =IFERROR(__xludf.DUMMYFUNCTION("""COMPUTED_VALUE"""),"ALIF BAINAL KHAFI") -> ALIF BAINAL KHAFI | D75: {=IFNA(XLOOKUP(C75,'👥 Daftar Nama Pasien'!$B$6:$B1181,'👥 Daftar Nama Pasien'!$D$6:$D1181),"")} -> 21 | E75: {=XLOOKUP(C75,'⬇️ PEMASUKAN'!$I$5:$I1181,'⬇️ PEMASUKAN'!$K$5:$K1181,,0,-1)} -> K.PT - PAKET 1 | F75: =IF(E75="K.TA - TERAPI AWAL","TIDAK CLOSING",E75) -> K.PT - PAKET 1 | G75: =IF(C75="","",IF(ISNUMBER(SEARCH("*K.PT*",F75)),"CLOSING PAKET",IF(ISNUMBER(SEARCH("*K.ST*",F75)),"CLOSING SESI","TIDAK CLOSING"))) -> CLOSING PAKET | H75: =IFERROR(__xludf.DUMMYFUNCTION("""COMPUTED_VALUE"""),"AUL") -> AUL | I75: =IFERROR(__xludf.DUMMYFUNCTION("""COMPUTED_VALUE"""),"NOPI") -> NOPI
A76: =IFERROR(__xludf.DUMMYFUNCTION("""COMPUTED_VALUE"""),46037.0) -> 46037 | B76: =if(A76="","", text(A76,"mm")&text(A76,"mmm")) -> 01Jan | C76: =IFERROR(__xludf.DUMMYFUNCTION("""COMPUTED_VALUE"""),"ASNIWATI") -> ASNIWATI | D76: {=IFNA(XLOOKUP(C76,'👥 Daftar Nama Pasien'!$B$6:$B1181,'👥 Daftar Nama Pasien'!$D$6:$D1181),"")} -> 67 | E76: {=XLOOKUP(C76,'⬇️ PEMASUKAN'!$I$5:$I1181,'⬇️ PEMASUKAN'!$K$5:$K1181,,0,-1)} -> V.ST - SESI VISIT | F76: =IF(E76="K.TA - TERAPI AWAL","TIDAK CLOSING",E76) -> V.ST - SESI VISIT | G76: =IF(C76="","",IF(ISNUMBER(SEARCH("*K.PT*",F76)),"CLOSING PAKET",IF(ISNUMBER(SEARCH("*K.ST*",F76)),"CLOSING SESI","TIDAK CLOSING"))) -> TIDAK CLOSING | H76: =IFERROR(__xludf.DUMMYFUNCTION("""COMPUTED_VALUE"""),"DESTY") -> DESTY | I76: =IFERROR(__xludf.DUMMYFUNCTION("""COMPUTED_VALUE"""),"SUCI") -> SUCI
A77: =IFERROR(__xludf.DUMMYFUNCTION("""COMPUTED_VALUE"""),46037.0) -> 46037 | B77: =if(A77="","", text(A77,"mm")&text(A77,"mmm")) -> 01Jan | C77: =IFERROR(__xludf.DUMMYFUNCTION("""COMPUTED_VALUE"""),"FATHUR RAHMAN") -> FATHUR RAHMAN | D77: {=IFNA(XLOOKUP(C77,'👥 Daftar Nama Pasien'!$B$6:$B1181,'👥 Daftar Nama Pasien'!$D$6:$D1181),"")} -> 21 | E77: {=XLOOKUP(C77,'⬇️ PEMASUKAN'!$I$5:$I1181,'⬇️ PEMASUKAN'!$K$5:$K1181,,0,-1)} -> K.ST - SESI TERAPI | F77: =IF(E77="K.TA - TERAPI AWAL","TIDAK CLOSING",E77) -> K.ST - SESI TERAPI | G77: =IF(C77="","",IF(ISNUMBER(SEARCH("*K.PT*",F77)),"CLOSING PAKET",IF(ISNUMBER(SEARCH("*K.ST*",F77)),"CLOSING SESI","TIDAK CLOSING"))) -> CLOSING SESI | H77: =IFERROR(__xludf.DUMMYFUNCTION("""COMPUTED_VALUE"""),"ORY") -> ORY | I77: =IFERROR(__xludf.DUMMYFUNCTION("""COMPUTED_VALUE"""),"SUCI") -> SUCI
A78: =IFERROR(__xludf.DUMMYFUNCTION("""COMPUTED_VALUE"""),46037.0) -> 46037 | B78: =if(A78="","", text(A78,"mm")&text(A78,"mmm")) -> 01Jan | C78: =IFERROR(__xludf.DUMMYFUNCTION("""COMPUTED_VALUE"""),"DELLY MARINA") -> DELLY MARINA | D78: {=IFNA(XLOOKUP(C78,'👥 Daftar Nama Pasien'!$B$6:$B1181,'👥 Daftar Nama Pasien'!$D$6:$D1181),"")} -> 43 | E78: {=XLOOKUP(C78,'⬇️ PEMASUKAN'!$I$5:$I1181,'⬇️ PEMASUKAN'!$K$5:$K1181,,0,-1)} -> K.PT - PAKET 1 | F78: =IF(E78="K.TA - TERAPI AWAL","TIDAK CLOSING",E78) -> K.PT - PAKET 1 | G78: =IF(C78="","",IF(ISNUMBER(SEARCH("*K.PT*",F78)),"CLOSING PAKET",IF(ISNUMBER(SEARCH("*K.ST*",F78)),"CLOSING SESI","TIDAK CLOSING"))) -> CLOSING PAKET | H78: =IFERROR(__xludf.DUMMYFUNCTION("""COMPUTED_VALUE"""),"DESTY") -> DESTY | I78: =IFERROR(__xludf.DUMMYFUNCTION("""COMPUTED_VALUE"""),"SUCI") -> SUCI
A79: =IFERROR(__xludf.DUMMYFUNCTION("""COMPUTED_VALUE"""),46037.0) -> 46037 | B79: =if(A79="","", text(A79,"mm")&text(A79,"mmm")) -> 01Jan | C79: =IFERROR(__xludf.DUMMYFUNCTION("""COMPUTED_VALUE"""),"YAYUK") -> YAYUK | D79: {=IFNA(XLOOKUP(C79,'👥 Daftar Nama Pasien'!$B$6:$B1181,'👥 Daftar Nama Pasien'!$D$6:$D1181),"")} | E79: {=XLOOKUP(C79,'⬇️ PEMASUKAN'!$I$5:$I1181,'⬇️ PEMASUKAN'!$K$5:$K1181,,0,-1)} -> K.TA - TERAPI AWAL | F79: =IF(E79="K.TA - TERAPI AWAL","TIDAK CLOSING",E79) -> TIDAK CLOSING | G79: =IF(C79="","",IF(ISNUMBER(SEARCH("*K.PT*",F79)),"CLOSING PAKET",IF(ISNUMBER(SEARCH("*K.ST*",F79)),"CLOSING SESI","TIDAK CLOSING"))) -> TIDAK CLOSING | H79: =IFERROR(__xludf.DUMMYFUNCTION("""COMPUTED_VALUE"""),"DESTY") -> DESTY | I79: =IFERROR(__xludf.DUMMYFUNCTION("""COMPUTED_VALUE"""),"SUCI") -> SUCI
A80: =IFERROR(__xludf.DUMMYFUNCTION("""COMPUTED_VALUE"""),46037.0) -> 46037 | B80: =if(A80="","", text(A80,"mm")&text(A80,"mmm")) -> 01Jan | C80: =IFERROR(__xludf.DUMMYFUNCTION("""COMPUTED_VALUE"""),"FITRA ALHANI") -> FITRA ALHANI | D80: {=IFNA(XLOOKUP(C80,'👥 Daftar Nama Pasien'!$B$6:$B1181,'👥 Daftar Nama Pasien'!$D$6:$D1181),"")} -> 38 | E80: {=XLOOKUP(C80,'⬇️ PEMASUKAN'!$I$5:$I1181,'⬇️ PEMASUKAN'!$K$5:$K1181,,0,-1)} -> K.TA - TERAPI AWAL | F80: =IF(E80="K.TA - TERAPI AWAL","TIDAK CLOSING",E80) -> TIDAK CLOSING | G80: =IF(C80="","",IF(ISNUMBER(SEARCH("*K.PT*",F80)),"CLOSING PAKET",IF(ISNUMBER(SEARCH("*K.ST*",F80)),"CLOSING SESI","TIDAK CLOSING"))) -> TIDAK CLOSING | H80: =IFERROR(__xludf.DUMMYFUNCTION("""COMPUTED_VALUE"""),"AUL") -> AUL | I80: =IFERROR(__xludf.DUMMYFUNCTION("""COMPUTED_VALUE"""),"SUCI") -> SUCI
A81: =IFERROR(__xludf.DUMMYFUNCTION("""COMPUTED_VALUE"""),46037.0) -> 46037 | B81: =if(A81="","", text(A81,"mm")&text(A81,"mmm")) -> 01Jan | C81: =IFERROR(__xludf.DUMMYFUNCTION("""COMPUTED_VALUE"""),"NAJLA NURHALIZA") -> NAJLA NURHALIZA | D81: {=IFNA(XLOOKUP(C81,'👥 Daftar Nama Pasien'!$B$6:$B1181,'👥 Daftar Nama Pasien'!$D$6:$D1181),"")} -> 22 | E81: {=XLOOKUP(C81,'⬇️ PEMASUKAN'!$I$5:$I1181,'⬇️ PEMASUKAN'!$K$5:$K1181,,0,-1)} -> K.TA - TERAPI AWAL | F81: =IF(E81="K.TA - TERAPI AWAL","TIDAK CLOSING",E81) -> TIDAK CLOSING | G81: =IF(C81="","",IF(ISNUMBER(SEARCH("*K.PT*",F81)),"CLOSING PAKET",IF(ISNUMBER(SEARCH("*K.ST*",F81)),"CLOSING SESI","TIDAK CLOSING"))) -> TIDAK CLOSING | H81: =IFERROR(__xludf.DUMMYFUNCTION("""COMPUTED_VALUE"""),"OKTA") -> OKTA | I81: =IFERROR(__xludf.DUMMYFUNCTION("""COMPUTED_VALUE"""),"NOPI") -> NOPI
A82: =IFERROR(__xludf.DUMMYFUNCTION("""COMPUTED_VALUE"""),46037.0) -> 46037 | B82: =if(A82="","", text(A82,"mm")&text(A82,"mmm")) -> 01Jan | C82: =IFERROR(__xludf.DUMMYFUNCTION("""COMPUTED_VALUE"""),"FELIKS ARMANTO") -> FELIKS ARMANTO | D82: {=IFNA(XLOOKUP(C82,'👥 Daftar Nama Pasien'!$B$6:$B1181,'👥 Daftar Nama Pasien'!$D$6:$D1181),"")} -> 27 | E82: {=XLOOKUP(C82,'⬇️ PEMASUKAN'!$I$5:$I1181,'⬇️ PEMASUKAN'!$K$5:$K1181,,0,-1)} -> K.ST - SESI TERAPI | F82: =IF(E82="K.TA - TERAPI AWAL","TIDAK CLOSING",E82) -> K.ST - SESI TERAPI | G82: =IF(C82="","",IF(ISNUMBER(SEARCH("*K.PT*",F82)),"CLOSING PAKET",IF(ISNUMBER(SEARCH("*K.ST*",F82)),"CLOSING SESI","TIDAK CLOSING"))) -> CLOSING SESI | H82: =IFERROR(__xludf.DUMMYFUNCTION("""COMPUTED_VALUE"""),"HESTI") -> HESTI | I82: =IFERROR(__xludf.DUMMYFUNCTION("""COMPUTED_VALUE"""),"NOPI") -> NOPI
A83: =IFERROR(__xludf.DUMMYFUNCTION("""COMPUTED_VALUE"""),46037.0) -> 46037 | B83: =if(A83="","", text(A83,"mm")&text(A83,"mmm")) -> 01Jan | C83: =IFERROR(__xludf.DUMMYFUNCTION("""COMPUTED_VALUE"""),"ZULIANA") -> ZULIANA | D83: {=IFNA(XLOOKUP(C83,'👥 Daftar Nama Pasien'!$B$6:$B1181,'👥 Daftar Nama Pasien'!$D$6:$D1181),"")} -> 42 | E83: {=XLOOKUP(C83,'⬇️ PEMASUKAN'!$I$5:$I1181,'⬇️ PEMASUKAN'!$K$5:$K1181,,0,-1)} -> K.TA - TERAPI AWAL | F83: =IF(E83="K.TA - TERAPI AWAL","TIDAK CLOSING",E83) -> TIDAK CLOSING | G83: =IF(C83="","",IF(ISNUMBER(SEARCH("*K.PT*",F83)),"CLOSING PAKET",IF(ISNUMBER(SEARCH("*K.ST*",F83)),"CLOSING SESI","TIDAK CLOSING"))) -> TIDAK CLOSING | H83: =IFERROR(__xludf.DUMMYFUNCTION("""COMPUTED_VALUE"""),"OKTA") -> OKTA | I83: =IFERROR(__xludf.DUMMYFUNCTION("""COMPUTED_VALUE"""),"NOPI") -> NOPI
A84: =IFERROR(__xludf.DUMMYFUNCTION("""COMPUTED_VALUE"""),46037.0) -> 46037 | B84: =if(A84="","", text(A84,"mm")&text(A84,"mmm")) -> 01Jan | C84: =IFERROR(__xludf.DUMMYFUNCTION("""COMPUTED_VALUE"""),"DRS. H. SARDI. S") -> DRS. H. SARDI. S | D84: {=IFNA(XLOOKUP(C84,'👥 Daftar Nama Pasien'!$B$6:$B1181,'👥 Daftar Nama Pasien'!$D$6:$D1181),"")} -> 72 | E84: {=XLOOKUP(C84,'⬇️ PEMASUKAN'!$I$5:$I1181,'⬇️ PEMASUKAN'!$K$5:$K1181,,0,-1)} -> K.TA - TERAPI AWAL | F84: =IF(E84="K.TA - TERAPI AWAL","TIDAK CLOSING",E84) -> TIDAK CLOSING | G84: =IF(C84="","",IF(ISNUMBER(SEARCH("*K.PT*",F84)),"CLOSING PAKET",IF(ISNUMBER(SEARCH("*K.ST*",F84)),"CLOSING SESI","TIDAK CLOSING"))) -> TIDAK CLOSING | H84: =IFERROR(__xludf.DUMMYFUNCTION("""COMPUTED_VALUE"""),"PRITY") -> PRITY | I84: =IFERROR(__xludf.DUMMYFUNCTION("""COMPUTED_VALUE"""),"NOPI") -> NOPI
A85: =IFERROR(__xludf.DUMMYFUNCTION("""COMPUTED_VALUE"""),46039.0) -> 46039 | B85: =if(A85="","", text(A85,"mm")&text(A85,"mmm")) -> 01Jan | C85: =IFERROR(__xludf.DUMMYFUNCTION("""COMPUTED_VALUE"""),"SUWARNI") -> SUWARNI | D85: {=IFNA(XLOOKUP(C85,'👥 Daftar Nama Pasien'!$B$6:$B1181,'👥 Daftar Nama Pasien'!$D$6:$D1181),"")} -> 64 | E85: {=XLOOKUP(C85,'⬇️ PEMASUKAN'!$I$5:$I1181,'⬇️ PEMASUKAN'!$K$5:$K1181,,0,-1)} -> K.ST - SESI TERAPI | F85: =IF(E85="K.TA - TERAPI AWAL","TIDAK CLOSING",E85) -> K.ST - SESI TERAPI | G85: =IF(C85="","",IF(ISNUMBER(SEARCH("*K.PT*",F85)),"CLOSING PAKET",IF(ISNUMBER(SEARCH("*K.ST*",F85)),"CLOSING SESI","TIDAK CLOSING"))) -> CLOSING SESI | H85: =IFERROR(__xludf.DUMMYFUNCTION("""COMPUTED_VALUE"""),"HESTI") -> HESTI | I85: =IFERROR(__xludf.DUMMYFUNCTION("""COMPUTED_VALUE"""),"SUCI") -> SUCI
A86: =IFERROR(__xludf.DUMMYFUNCTION("""COMPUTED_VALUE"""),46039.0) -> 46039 | B86: =if(A86="","", text(A86,"mm")&text(A86,"mmm")) -> 01Jan | C86: =IFERROR(__xludf.DUMMYFUNCTION("""COMPUTED_VALUE"""),"SHAFA NUR INTAN FAJRIAH") -> SHAFA NUR INTAN FAJRIAH | D86: {=IFNA(XLOOKUP(C86,'👥 Daftar Nama Pasien'!$B$6:$B1181,'👥 Daftar Nama Pasien'!$D$6:$D1181),"")} -> 21 | E86: {=XLOOKUP(C86,'⬇️ PEMASUKAN'!$I$5:$I1181,'⬇️ PEMASUKAN'!$K$5:$K1181,,0,-1)} -> K.TA - TERAPI AWAL | F86: =IF(E86="K.TA - TERAPI AWAL","TIDAK CLOSING",E86) -> TIDAK CLOSING | G86: =IF(C86="","",IF(ISNUMBER(SEARCH("*K.PT*",F86)),"CLOSING PAKET",IF(ISNUMBER(SEARCH("*K.ST*",F86)),"CLOSING SESI","TIDAK CLOSING"))) -> TIDAK CLOSING | H86: =IFERROR(__xludf.DUMMYFUNCTION("""COMPUTED_VALUE"""),"HESTI") -> HESTI | I86: =IFERROR(__xludf.DUMMYFUNCTION("""COMPUTED_VALUE"""),"SUCI") -> SUCI
A87: =IFERROR(__xludf.DUMMYFUNCTION("""COMPUTED_VALUE"""),46039.0) -> 46039 | B87: =if(A87="","", text(A87,"mm")&text(A87,"mmm")) -> 01Jan | C87: =IFERROR(__xludf.DUMMYFUNCTION("""COMPUTED_VALUE"""),"PERMATA DEWI ANDINI") -> PERMATA DEWI ANDINI | D87: {=IFNA(XLOOKUP(C87,'👥 Daftar Nama Pasien'!$B$6:$B1181,'👥 Daftar Nama Pasien'!$D$6:$D1181),"")} -> 24 | E87: {=XLOOKUP(C87,'⬇️ PEMASUKAN'!$I$5:$I1181,'⬇️ PEMASUKAN'!$K$5:$K1181,,0,-1)} -> K.PT - PAKET 1 | F87: =IF(E87="K.TA - TERAPI AWAL","TIDAK CLOSING",E87) -> K.PT - PAKET 1 | G87: =IF(C87="","",IF(ISNUMBER(SEARCH("*K.PT*",F87)),"CLOSING PAKET",IF(ISNUMBER(SEARCH("*K.ST*",F87)),"CLOSING SESI","TIDAK CLOSING"))) -> CLOSING PAKET | H87: =IFERROR(__xludf.DUMMYFUNCTION("""COMPUTED_VALUE"""),"PRITY") -> PRITY | I87: =IFERROR(__xludf.DUMMYFUNCTION("""COMPUTED_VALUE"""),"SUCI") -> SUCI
A88: =IFERROR(__xludf.DUMMYFUNCTION("""COMPUTED_VALUE"""),46039.0) -> 46039 | B88: =if(A88="","", text(A88,"mm")&text(A88,"mmm")) -> 01Jan | C88: =IFERROR(__xludf.DUMMYFUNCTION("""COMPUTED_VALUE"""),"MUHAMMAD REZKY NUGRAHA") -> MUHAMMAD REZKY NUGRAHA | D88: {=IFNA(XLOOKUP(C88,'👥 Daftar Nama Pasien'!$B$6:$B1181,'👥 Daftar Nama Pasien'!$D$6:$D1181),"")} -> 28 | E88: {=XLOOKUP(C88,'⬇️ PEMASUKAN'!$I$5:$I1181,'⬇️ PEMASUKAN'!$K$5:$K1181,,0,-1)} -> K.ST - SESI TERAPI | F88: =IF(E88="K.TA - TERAPI AWAL","TIDAK CLOSING",E88) -> K.ST - SESI TERAPI | G88: =IF(C88="","",IF(ISNUMBER(SEARCH("*K.PT*",F88)),"CLOSING PAKET",IF(ISNUMBER(SEARCH("*K.ST*",F88)),"CLOSING SESI","TIDAK CLOSING"))) -> CLOSING SESI | H88: =IFERROR(__xludf.DUMMYFUNCTION("""COMPUTED_VALUE"""),"DANI") -> DANI | I88: =IFERROR(__xludf.DUMMYFUNCTION("""COMPUTED_VALUE"""),"SUCI") -> SUCI
A89: =IFERROR(__xludf.DUMMYFUNCTION("""COMPUTED_VALUE"""),46039.0) -> 46039 | B89: =if(A89="","", text(A89,"mm")&text(A89,"mmm")) -> 01Jan | C89: =IFERROR(__xludf.DUMMYFUNCTION("""COMPUTED_VALUE"""),"MAWAR AURELYSCA IRAWAN") -> MAWAR AURELYSCA IRAWAN | D89: {=IFNA(XLOOKUP(C89,'👥 Daftar Nama Pasien'!$B$6:$B1181,'👥 Daftar Nama Pasien'!$D$6:$D1181),"")} -> 15 | E89: {=XLOOKUP(C89,'⬇️ PEMASUKAN'!$I$5:$I1181,'⬇️ PEMASUKAN'!$K$5:$K1181,,0,-1)} -> K.TA - TERAPI AWAL | F89: =IF(E89="K.TA - TERAPI AWAL","TIDAK CLOSING",E89) -> TIDAK CLOSING | G89: =IF(C89="","",IF(ISNUMBER(SEARCH("*K.PT*",F89)),"CLOSING PAKET",IF(ISNUMBER(SEARCH("*K.ST*",F89)),"CLOSING SESI","TIDAK CLOSING"))) -> TIDAK CLOSING | H89: =IFERROR(__xludf.DUMMYFUNCTION("""COMPUTED_VALUE"""),"HENA") -> HENA | I89: =IFERROR(__xludf.DUMMYFUNCTION("""COMPUTED_VALUE"""),"SUCI") -> SUCI
A90: =IFERROR(__xludf.DUMMYFUNCTION("""COMPUTED_VALUE"""),46039.0) -> 46039 | B90: =if(A90="","", text(A90,"mm")&text(A90,"mmm")) -> 01Jan | C90: =IFERROR(__xludf.DUMMYFUNCTION("""COMPUTED_VALUE"""),"ANDIKA PRATAMA PUTRA") -> ANDIKA PRATAMA PUTRA | D90: {=IFNA(XLOOKUP(C90,'👥 Daftar Nama Pasien'!$B$6:$B1181,'👥 Daftar Nama Pasien'!$D$6:$D1181),"")} -> 30 | E90: {=XLOOKUP(C90,'⬇️ PEMASUKAN'!$I$5:$I1181,'⬇️ PEMASUKAN'!$K$5:$K1181,,0,-1)} -> K.PT - PAKET 2 | F90: =IF(E90="K.TA - TERAPI AWAL","TIDAK CLOSING",E90) -> K.PT - PAKET 2 | G90: =IF(C90="","",IF(ISNUMBER(SEARCH("*K.PT*",F90)),"CLOSING PAKET",IF(ISNUMBER(SEARCH("*K.ST*",F90)),"CLOSING SESI","TIDAK CLOSING"))) -> CLOSING PAKET | H90: =IFERROR(__xludf.DUMMYFUNCTION("""COMPUTED_VALUE"""),"AUL") -> AUL | I90: =IFERROR(__xludf.DUMMYFUNCTION("""COMPUTED_VALUE"""),"NOPI") -> NOPI
A91: =IFERROR(__xludf.DUMMYFUNCTION("""COMPUTED_VALUE"""),46039.0) -> 46039 | B91: =if(A91="","", text(A91,"mm")&text(A91,"mmm")) -> 01Jan | C91: =IFERROR(__xludf.DUMMYFUNCTION("""COMPUTED_VALUE"""),"HAMBALI") -> HAMBALI | D91: {=IFNA(XLOOKUP(C91,'👥 Daftar Nama Pasien'!$B$6:$B1181,'👥 Daftar Nama Pasien'!$D$6:$D1181),"")} -> 25 | E91: {=XLOOKUP(C91,'⬇️ PEMASUKAN'!$I$5:$I1181,'⬇️ PEMASUKAN'!$K$5:$K1181,,0,-1)} -> K.ST - SESI TERAPI | F91: =IF(E91="K.TA - TERAPI AWAL","TIDAK CLOSING",E91) -> K.ST - SESI TERAPI | G91: =IF(C91="","",IF(ISNUMBER(SEARCH("*K.PT*",F91)),"CLOSING PAKET",IF(ISNUMBER(SEARCH("*K.ST*",F91)),"CLOSING SESI","TIDAK CLOSING"))) -> CLOSING SESI | H91: =IFERROR(__xludf.DUMMYFUNCTION("""COMPUTED_VALUE"""),"OKTA") -> OKTA | I91: =IFERROR(__xludf.DUMMYFUNCTION("""COMPUTED_VALUE"""),"NOPI") -> NOPI
A92: =IFERROR(__xludf.DUMMYFUNCTION("""COMPUTED_VALUE"""),46039.0) -> 46039 | B92: =if(A92="","", text(A92,"mm")&text(A92,"mmm")) -> 01Jan | C92: =IFERROR(__xludf.DUMMYFUNCTION("""COMPUTED_VALUE"""),"ARIF KURNIAWAN") -> ARIF KURNIAWAN | D92: {=IFNA(XLOOKUP(C92,'👥 Daftar Nama Pasien'!$B$6:$B1181,'👥 Daftar Nama Pasien'!$D$6:$D1181),"")} -> 52 | E92: {=XLOOKUP(C92,'⬇️ PEMASUKAN'!$I$5:$I1181,'⬇️ PEMASUKAN'!$K$5:$K1181,,0,-1)} -> K.TA - TERAPI AWAL | F92: =IF(E92="K.TA - TERAPI AWAL","TIDAK CLOSING",E92) -> TIDAK CLOSING | G92: =IF(C92="","",IF(ISNUMBER(SEARCH("*K.PT*",F92)),"CLOSING PAKET",IF(ISNUMBER(SEARCH("*K.ST*",F92)),"CLOSING SESI","TIDAK CLOSING"))) -> TIDAK CLOSING | H92: =IFERROR(__xludf.DUMMYFUNCTION("""COMPUTED_VALUE"""),"OKTA") -> OKTA | I92: =IFERROR(__xludf.DUMMYFUNCTION("""COMPUTED_VALUE"""),"NOPI") -> NOPI
A93: =IFERROR(__xludf.DUMMYFUNCTION("""COMPUTED_VALUE"""),46039.0) -> 46039 | B93: =if(A93="","", text(A93,"mm")&text(A93,"mmm")) -> 01Jan | C93: =IFERROR(__xludf.DUMMYFUNCTION("""COMPUTED_VALUE"""),"HENNY") -> HENNY | D93: {=IFNA(XLOOKUP(C93,'👥 Daftar Nama Pasien'!$B$6:$B1181,'👥 Daftar Nama Pasien'!$D$6:$D1181),"")} -> 68 | E93: {=XLOOKUP(C93,'⬇️ PEMASUKAN'!$I$5:$I1181,'⬇️ PEMASUKAN'!$K$5:$K1181,,0,-1)} -> K.ST - SESI TERAPI | F93: =IF(E93="K.TA - TERAPI AWAL","TIDAK CLOSING",E93) -> K.ST - SESI TERAPI | G93: =IF(C93="","",IF(ISNUMBER(SEARCH("*K.PT*",F93)),"CLOSING PAKET",IF(ISNUMBER(SEARCH("*K.ST*",F93)),"CLOSING SESI","TIDAK CLOSING"))) -> CLOSING SESI | H93: =IFERROR(__xludf.DUMMYFUNCTION("""COMPUTED_VALUE"""),"DESTY") -> DESTY | I93: =IFERROR(__xludf.DUMMYFUNCTION("""COMPUTED_VALUE"""),"NOPI") -> NOPI
A94: =IFERROR(__xludf.DUMMYFUNCTION("""COMPUTED_VALUE"""),46040.0) -> 46040 | B94: =if(A94="","", text(A94,"mm")&text(A94,"mmm")) -> 01Jan | C94: =IFERROR(__xludf.DUMMYFUNCTION("""COMPUTED_VALUE"""),"RIZQY FACHRIA") -> RIZQY FACHRIA | D94: {=IFNA(XLOOKUP(C94,'👥 Daftar Nama Pasien'!$B$6:$B1181,'👥 Daftar Nama Pasien'!$D$6:$D1181),"")} -> 30 | E94: {=XLOOKUP(C94,'⬇️ PEMASUKAN'!$I$5:$I1181,'⬇️ PEMASUKAN'!$K$5:$K1181,,0,-1)} -> K.PT - PAKET 1 | F94: =IF(E94="K.TA - TERAPI AWAL","TIDAK CLOSING",E94) -> K.PT - PAKET 1 | G94: =IF(C94="","",IF(ISNUMBER(SEARCH("*K.PT*",F94)),"CLOSING PAKET",IF(ISNUMBER(SEARCH("*K.ST*",F94)),"CLOSING SESI","TIDAK CLOSING"))) -> CLOSING PAKET | H94: =IFERROR(__xludf.DUMMYFUNCTION("""COMPUTED_VALUE"""),"OKTA") -> OKTA | I94: =IFERROR(__xludf.DUMMYFUNCTION("""COMPUTED_VALUE"""),"SUCI") -> SUCI
A95: =IFERROR(__xludf.DUMMYFUNCTION("""COMPUTED_VALUE"""),46040.0) -> 46040 | B95: =if(A95="","", text(A95,"mm")&text(A95,"mmm")) -> 01Jan | C95: =IFERROR(__xludf.DUMMYFUNCTION("""COMPUTED_VALUE"""),"MUHAMMAD AFZANI NUR ") -> MUHAMMAD AFZANI NUR | D95: {=IFNA(XLOOKUP(C95,'👥 Daftar Nama Pasien'!$B$6:$B1181,'👥 Daftar Nama Pasien'!$D$6:$D1181),"")} -> 19 | E95: {=XLOOKUP(C95,'⬇️ PEMASUKAN'!$I$5:$I1181,'⬇️ PEMASUKAN'!$K$5:$K1181,,0,-1)} -> K.ST - SESI TERAPI | F95: =IF(E95="K.TA - TERAPI AWAL","TIDAK CLOSING",E95) -> K.ST - SESI TERAPI | G95: =IF(C95="","",IF(ISNUMBER(SEARCH("*K.PT*",F95)),"CLOSING PAKET",IF(ISNUMBER(SEARCH("*K.ST*",F95)),"CLOSING SESI","TIDAK CLOSING"))) -> CLOSING SESI | H95: =IFERROR(__xludf.DUMMYFUNCTION("""COMPUTED_VALUE"""),"WAHYU") -> WAHYU | I95: =IFERROR(__xludf.DUMMYFUNCTION("""COMPUTED_VALUE"""),"SUCI") -> SUCI
A96: =IFERROR(__xludf.DUMMYFUNCTION("""COMPUTED_VALUE"""),46040.0) -> 46040 | B96: =if(A96="","", text(A96,"mm")&text(A96,"mmm")) -> 01Jan | C96: =IFERROR(__xludf.DUMMYFUNCTION("""COMPUTED_VALUE"""),"WIONA SILASHINTA WAHYUDI") -> WIONA SILASHINTA WAHYUDI | D96: {=IFNA(XLOOKUP(C96,'👥 Daftar Nama Pasien'!$B$6:$B1181,'👥 Daftar Nama Pasien'!$D$6:$D1181),"")} -> 15 | E96: {=XLOOKUP(C96,'⬇️ PEMASUKAN'!$I$5:$I1181,'⬇️ PEMASUKAN'!$K$5:$K1181,,0,-1)} -> K.PT - PAKET 1 | F96: =IF(E96="K.TA - TERAPI AWAL","TIDAK CLOSING",E96) -> K.PT - PAKET 1 | G96: =IF(C96="","",IF(ISNUMBER(SEARCH("*K.PT*",F96)),"CLOSING PAKET",IF(ISNUMBER(SEARCH("*K.ST*",F96)),"CLOSING SESI","TIDAK CLOSING"))) -> CLOSING PAKET | H96: =IFERROR(__xludf.DUMMYFUNCTION("""COMPUTED_VALUE"""),"HESTI") -> HESTI | I96: =IFERROR(__xludf.DUMMYFUNCTION("""COMPUTED_VALUE"""),"SUCI") -> SUCI
A97: =IFERROR(__xludf.DUMMYFUNCTION("""COMPUTED_VALUE"""),46040.0) -> 46040 | B97: =if(A97="","", text(A97,"mm")&text(A97,"mmm")) -> 01Jan | C97: =IFERROR(__xludf.DUMMYFUNCTION("""COMPUTED_VALUE"""),"GUSTI AZLAN KHALID AYYUBI") -> GUSTI AZLAN KHALID AYYUBI | D97: {=IFNA(XLOOKUP(C97,'👥 Daftar Nama Pasien'!$B$6:$B1181,'👥 Daftar Nama Pasien'!$D$6:$D1181),"")} -> 11 | E97: {=XLOOKUP(C97,'⬇️ PEMASUKAN'!$I$5:$I1181,'⬇️ PEMASUKAN'!$K$5:$K1181,,0,-1)} -> K.ST - SESI TERAPI | F97: =IF(E97="K.TA - TERAPI AWAL","TIDAK CLOSING",E97) -> K.ST - SESI TERAPI | G97: =IF(C97="","",IF(ISNUMBER(SEARCH("*K.PT*",F97)),"CLOSING PAKET",IF(ISNUMBER(SEARCH("*K.ST*",F97)),"CLOSING SESI","TIDAK CLOSING"))) -> CLOSING SESI | H97: =IFERROR(__xludf.DUMMYFUNCTION("""COMPUTED_VALUE"""),"WAHYU") -> WAHYU | I97: =IFERROR(__xludf.DUMMYFUNCTION("""COMPUTED_VALUE"""),"SUCI") -> SUCI
A98: =IFERROR(__xludf.DUMMYFUNCTION("""COMPUTED_VALUE"""),46040.0) -> 46040 | B98: =if(A98="","", text(A98,"mm")&text(A98,"mmm")) -> 01Jan | C98: =IFERROR(__xludf.DUMMYFUNCTION("""COMPUTED_VALUE"""),"FRENKY FERIYANTO") -> FRENKY FERIYANTO | D98: {=IFNA(XLOOKUP(C98,'👥 Daftar Nama Pasien'!$B$6:$B1181,'👥 Daftar Nama Pasien'!$D$6:$D1181),"")} -> 33 | E98: {=XLOOKUP(C98,'⬇️ PEMASUKAN'!$I$5:$I1181,'⬇️ PEMASUKAN'!$K$5:$K1181,,0,-1)} -> K.TA - TERAPI AWAL | F98: =IF(E98="K.TA - TERAPI AWAL","TIDAK CLOSING",E98) -> TIDAK CLOSING | G98: =IF(C98="","",IF(ISNUMBER(SEARCH("*K.PT*",F98)),"CLOSING PAKET",IF(ISNUMBER(SEARCH("*K.ST*",F98)),"CLOSING SESI","TIDAK CLOSING"))) -> TIDAK CLOSING | H98: =IFERROR(__xludf.DUMMYFUNCTION("""COMPUTED_VALUE"""),"PRITY") -> PRITY | I98: =IFERROR(__xludf.DUMMYFUNCTION("""COMPUTED_VALUE"""),"NOPI") -> NOPI
A99: =IFERROR(__xludf.DUMMYFUNCTION("""COMPUTED_VALUE"""),46040.0) -> 46040 | B99: =if(A99="","", text(A99,"mm")&text(A99,"mmm")) -> 01Jan | C99: =IFERROR(__xludf.DUMMYFUNCTION("""COMPUTED_VALUE"""),"ANGELIA IVANA") -> ANGELIA IVANA | D99: {=IFNA(XLOOKUP(C99,'👥 Daftar Nama Pasien'!$B$6:$B1181,'👥 Daftar Nama Pasien'!$D$6:$D1181),"")} -> 25 | E99: {=XLOOKUP(C99,'⬇️ PEMASUKAN'!$I$5:$I1181,'⬇️ PEMASUKAN'!$K$5:$K1181,,0,-1)} -> K.TA - TERAPI AWAL | F99: =IF(E99="K.TA - TERAPI AWAL","TIDAK CLOSING",E99) -> TIDAK CLOSING | G99: =IF(C99="","",IF(ISNUMBER(SEARCH("*K.PT*",F99)),"CLOSING PAKET",IF(ISNUMBER(SEARCH("*K.ST*",F99)),"CLOSING SESI","TIDAK CLOSING"))) -> TIDAK CLOSING | H99: =IFERROR(__xludf.DUMMYFUNCTION("""COMPUTED_VALUE"""),"DESTY") -> DESTY | I99: =IFERROR(__xludf.DUMMYFUNCTION("""COMPUTED_VALUE"""),"NOPI") -> NOPI
A100: =IFERROR(__xludf.DUMMYFUNCTION("""COMPUTED_VALUE"""),46040.0) -> 46040 | B100: =if(A100="","", text(A100,"mm")&text(A100,"mmm")) -> 01Jan | C100: =IFERROR(__xludf.DUMMYFUNCTION("""COMPUTED_VALUE"""),"SUCI TRIHANTINI") -> SUCI TRIHANTINI | D100: {=IFNA(XLOOKUP(C100,'👥 Daftar Nama Pasien'!$B$6:$B1181,'👥 Daftar Nama Pasien'!$D$6:$D1181),"")} -> 41 | E100: {=XLOOKUP(C100,'⬇️ PEMASUKAN'!$I$5:$I1181,'⬇️ PEMASUKAN'!$K$5:$K1181,,0,-1)} -> K.PT - PAKET 1 | F100: =IF(E100="K.TA - TERAPI AWAL","TIDAK CLOSING",E100) -> K.PT - PAKET 1 | G100: =IF(C100="","",IF(ISNUMBER(SEARCH("*K.PT*",F100)),"CLOSING PAKET",IF(ISNUMBER(SEARCH("*K.ST*",F100)),"CLOSING SESI","TIDAK CLOSING"))) -> CLOSING PAKET | H100: =IFERROR(__xludf.DUMMYFUNCTION("""COMPUTED_VALUE"""),"AUL") -> AUL | I100: =IFERROR(__xludf.DUMMYFUNCTION("""COMPUTED_VALUE"""),"NOPI") -> NOPI
A101: =IFERROR(__xludf.DUMMYFUNCTION("""COMPUTED_VALUE"""),46040.0) -> 46040 | B101: =if(A101="","", text(A101,"mm")&text(A101,"mmm")) -> 01Jan | C101: =IFERROR(__xludf.DUMMYFUNCTION("""COMPUTED_VALUE"""),"AZKA RAFIF ARYA") -> AZKA RAFIF ARYA | D101: {=IFNA(XLOOKUP(C101,'👥 Daftar Nama Pasien'!$B$6:$B1181,'👥 Daftar Nama Pasien'!$D$6:$D1181),"")} -> 13 | E101: {=XLOOKUP(C101,'⬇️ PEMASUKAN'!$I$5:$I1181,'⬇️ PEMASUKAN'!$K$5:$K1181,,0,-1)} -> K.TA - TERAPI AWAL | F101: =IF(E101="K.TA - TERAPI AWAL","TIDAK CLOSING",E101) -> TIDAK CLOSING | G101: =IF(C101="","",IF(ISNUMBER(SEARCH("*K.PT*",F101)),"CLOSING PAKET",IF(ISNUMBER(SEARCH("*K.ST*",F101)),"CLOSING SESI","TIDAK CLOSING"))) -> TIDAK CLOSING | H101: =IFERROR(__xludf.DUMMYFUNCTION("""COMPUTED_VALUE"""),"DESTY") -> DESTY | I101: =IFERROR(__xludf.DUMMYFUNCTION("""COMPUTED_VALUE"""),"NOPI") -> NOPI
...

Sheet 📈 Analisis Tahunan
B1: LAPORAN TRANSAKSI KEUANGAN FGS PONTIANAK 2026
B4: JUMLAH LAYANAN

Sheet PFOTM
A1: Nama Fisio | B1: Paket 1 | C1: Paket 2 | D1: Paket 3 | E1: TA/Sesi Visit | F1: Paket Visit
