Workbook

Sheet READ ME
B2: Pencatatan Keuangan Klinik Kesehatan
B3: 45056
B6: >> Akses file preview ini hanya comment only. Pastikan untuk membuat duplikasi file terlebih dahulu dengan cara klik menu File > Make a copy. Abaikan pesan ini jika saat klik link dari KaryaKarsa pertama kali kamu sudah membuat duplikasi file.
B8: Tentang:
B9: Template Google sheet pencatatan keuangan untuk klinik kesehatan ini dapat membantu kamu mengelola keuangan usahamu menjadi lebih tertata. Template pengelola keuangan ini terdiri 7 sheet yang dapat digunakan langsung. Dirancang sesederhana mungkin agar dapat digunakan semua kalangan, dan juga sudah dilengkapi kolom untuk masing-masing bulan agar dapat digunakan sepanjang tahun.
B13: Panduan:
B14: 1. Saat pertama kali menggunakan template ini, pastikan kamu menyesuaikan beberapa pengaturan umum pada sheet ⚙️Pengaturan. Atur Nama Usaha, Jenis Pemeriksaan, Harga Paket, Jenis Pengeluaran, dan Nama Dokter.
B15: 2. Setiap kali terjadi transaksi pendapatan/pemasukan, silahkan catat trasaksinya pada sheet Pendapatan. Pilih tanggal terjadinya transaksi dengan cara klik 2x pada kolom D, sesuaikan nama produk, lalu nominal transaksi akan otomatis terisi.
B16: 3. Lakukan hal yg sama seperti panduan nomor 2 untuk setiap transaksi pengeluaran pada sheet Pengeluaran.
B17: 3. Jika data yg kamu masukan sudah sesuai, silahkan cek pada sheet Arus Kas untuk akumulasi transaksi yg sudah dicatat. Lihat pada bagian atas untuk kolom sesuai bulan berjalan.
B18: 4. Untuk rekap transaksi, silahkan cek pada sheet Laporan. Pada sheet ini kamu dapat melihat ringkasan transaksi secara bulanan maupun dalam periode waktu tertentu dengan mengganti tanggal mulai dan selesai laporan. [NEW!]
B20: Catatan:
B21: ⚡Fitur ceklis yang tersedia tidak memengaruhi formula maupun sheet lainnya. Ceklis ini hanya mempermudah untuk sortir transaksi.
B22: ⚡ Beberapa fitur pada spreadsheet ini kemungkinan belum support jika digunakan lewat aplikasi Excel. Untuk penggunaan maksimal, pastikan hanya melakukan editing lewat Google sheet.
... B29: Terima kasih karena sudah mendukung Template Google sheet ini lewat KaryaKarsa! :)
G31: by: @andreqve

Sheet Pemasukan
B2: Pencatatan Kunjungan Pasien
B4: Tanggal: | D4: =TODAY() -> 46314 | J4: ='⚙️Pengaturan'!B3 -> Fisioterapi Gang Sehat Singkawang
B6: ✓ | C6: No. | D6: Tanggal | E6: Nama Pasien | F6: Jenis Pemeriksaan | G6: Harga Paket | H6: Pembayaran | I6: Biaya Lainnya | J6: Total Biaya
B8: FALSE | C8: {=SEQUENCE(1000,"1")} -> 1 | D8: 45293 | E8: Ny. Wahdah Siti Aisyah | F8: Terapi Awal | G8: =SUMPRODUCT(('⚙️Pengaturan'!$C$3:$C$100=$F8)*('⚙️Pengaturan'!$D$3:$D$100)) -> 250000 | H8: TUNAI | J8: =G8-I8 -> 250000
B9: FALSE | C9: 2 | D9: 45293 | E9: Ny. Bong Lin Tju | F9: Terapi Awal | G9: =SUMPRODUCT(('⚙️Pengaturan'!$C$3:$C$100=$F9)*('⚙️Pengaturan'!$D$3:$D$100)) -> 250000 | H9: TUNAI | J9: =G9-I9 -> 250000
B10: FALSE | C10: 3 | D10: 45295 | E10: Ny. IRA MAYASITA, ST | F10: Terapi Awal | G10: =SUMPRODUCT(('⚙️Pengaturan'!$C$3:$C$100=$F10)*('⚙️Pengaturan'!$D$3:$D$100)) -> 250000 | H10: TUNAI | J10: =G10-I10 -> 250000
B11: FALSE | C11: 4 | D11: 45297 | E11: Ny. NOVITA SARI | F11: Sesi Terapi | G11: =SUMPRODUCT(('⚙️Pengaturan'!$C$3:$C$100=$F11)*('⚙️Pengaturan'!$D$3:$D$100)) -> 150000 | H11: TUNAI | J11: =G11-I11 -> 150000
B12: FALSE | C12: 5 | D12: 45297 | E12: Ny. Bong Lin Tju | F12: Sesi Terapi | G12: =SUMPRODUCT(('⚙️Pengaturan'!$C$3:$C$100=$F12)*('⚙️Pengaturan'!$D$3:$D$100)) -> 150000 | H12: TUNAI | J12: =G12-I12 -> 150000
B13: FALSE | C13: 6 | D13: 45298 | E13: Ny. Jaimah | F13: Terapi Awal | G13: =SUMPRODUCT(('⚙️Pengaturan'!$C$3:$C$100=$F13)*('⚙️Pengaturan'!$D$3:$D$100)) -> 250000 | H13: TUNAI | J13: =G13-I13 -> 250000
B14: FALSE | C14: 7 | D14: 45299 | E14: Tn. MUJIBURRAHMAN | F14: Terapi Awal | G14: =SUMPRODUCT(('⚙️Pengaturan'!$C$3:$C$100=$F14)*('⚙️Pengaturan'!$D$3:$D$100)) -> 250000 | H14: TUNAI | J14: =G14-I14 -> 250000
B15: FALSE | C15: 8 | D15: 45299 | E15: Tn. MUJIBURRAHMAN | F15: Paket Terapi 1 | G15: =SUMPRODUCT(('⚙️Pengaturan'!$C$3:$C$100=$F15)*('⚙️Pengaturan'!$D$3:$D$100)) -> 650000 | H15: TUNAI | I15: 450000 | J15: =G15-I15 -> 200000
B16: FALSE | C16: 9 | D16: 45299 | E16: Ny. Julia | F16: Sesi Terapi | G16: =SUMPRODUCT(('⚙️Pengaturan'!$C$3:$C$100=$F16)*('⚙️Pengaturan'!$D$3:$D$100)) -> 150000 | H16: TUNAI | J16: =G16-I16 -> 150000
B17: FALSE | C17: 10 | D17: 45299 | E17: Tn. Hengky chandra | F17: Terapi Awal | G17: =SUMPRODUCT(('⚙️Pengaturan'!$C$3:$C$100=$F17)*('⚙️Pengaturan'!$D$3:$D$100)) -> 250000 | H17: TUNAI | J17: =G17-I17 -> 250000
B18: FALSE | C18: 11 | D18: 45300 | E18: Ny. Sofiana mandawati | F18: Terapi Awal | G18: =SUMPRODUCT(('⚙️Pengaturan'!$C$3:$C$100=$F18)*('⚙️Pengaturan'!$D$3:$D$100)) -> 250000 | H18: TRF | J18: =G18-I18 -> 250000
B19: FALSE | C19: 12 | D19: 45301 | E19: Ny. Bong Lin Tju | F19: Sesi Terapi | G19: =SUMPRODUCT(('⚙️Pengaturan'!$C$3:$C$100=$F19)*('⚙️Pengaturan'!$D$3:$D$100)) -> 150000 | H19: TUNAI | J19: =G19-I19 -> 150000
B20: FALSE | C20: 13 | D20: 45301 | E20: Ny. SETIAWATI | F20: Terapi Awal | G20: =SUMPRODUCT(('⚙️Pengaturan'!$C$3:$C$100=$F20)*('⚙️Pengaturan'!$D$3:$D$100)) -> 250000 | H20: TRF | J20: =G20-I20 -> 250000
B21: FALSE | C21: 14 | D21: 45301 | E21: Ny. SETIAWATI | F21: Paket Terapi 2 | G21: =SUMPRODUCT(('⚙️Pengaturan'!$C$3:$C$100=$F21)*('⚙️Pengaturan'!$D$3:$D$100)) -> 1200000 | H21: TRF | J21: =G21-I21 -> 1200000
B22: FALSE | C22: 15 | D22: 45302 | E22: Nn. Mira | F22: Terapi Awal | G22: =SUMPRODUCT(('⚙️Pengaturan'!$C$3:$C$100=$F22)*('⚙️Pengaturan'!$D$3:$D$100)) -> 250000 | H22: TRF | J22: =G22-I22 -> 250000
B23: FALSE | C23: 16 | D23: 45304 | E23: Ny. JAIMAH | F23: Paket Terapi 1 | G23: =SUMPRODUCT(('⚙️Pengaturan'!$C$3:$C$100=$F23)*('⚙️Pengaturan'!$D$3:$D$100)) -> 650000 | H23: TUNAI | J23: =G23-I23 -> 650000
B24: FALSE | C24: 17 | D24: 45304 | E24: Tn. MUJIBURRAHMAN | F24: Paket Terapi 1 | G24: =SUMPRODUCT(('⚙️Pengaturan'!$C$3:$C$100=$F24)*('⚙️Pengaturan'!$D$3:$D$100)) -> 650000 | H24: TUNAI | I24: 200000 | J24: =G24-I24 -> 450000
B25: FALSE | C25: 18 | D25: 45305 | E25: Tn. Hengky chandra | F25: Sesi Terapi | G25: =SUMPRODUCT(('⚙️Pengaturan'!$C$3:$C$100=$F25)*('⚙️Pengaturan'!$D$3:$D$100)) -> 150000 | H25: TUNAI | J25: =G25-I25 -> 150000
B26: FALSE | C26: 19 | D26: 45306 | E26: Tn. Tjhang Fendi | F26: Terapi Awal | G26: =SUMPRODUCT(('⚙️Pengaturan'!$C$3:$C$100=$F26)*('⚙️Pengaturan'!$D$3:$D$100)) -> 250000 | H26: TUNAI | J26: =G26-I26 -> 250000
B27: FALSE | C27: 20 | D27: 45306 | E27: Tn. Tjhang Fendi | F27: Paket Terapi 1 | G27: =SUMPRODUCT(('⚙️Pengaturan'!$C$3:$C$100=$F27)*('⚙️Pengaturan'!$D$3:$D$100)) -> 650000 | H27: TUNAI | I27: 450000 | J27: =G27-I27 -> 200000
B28: FALSE | C28: 21 | D28: 45308 | E28: Tn. RASYID MUKHTABAR | F28: Paket Terapi 1 | G28: =SUMPRODUCT(('⚙️Pengaturan'!$C$3:$C$100=$F28)*('⚙️Pengaturan'!$D$3:$D$100)) -> 650000 | H28: TUNAI | J28: =G28-I28 -> 650000
B29: FALSE | C29: 22 | D29: 45308 | E29: Tn. Zulfahmi | F29: Terapi Awal | G29: =SUMPRODUCT(('⚙️Pengaturan'!$C$3:$C$100=$F29)*('⚙️Pengaturan'!$D$3:$D$100)) -> 250000 | H29: TUNAI | J29: =G29-I29 -> 250000
B30: FALSE | C30: 23 | D30: 45308 | E30: Tn. Albert Kadir | F30: Sesi Terapi | G30: =SUMPRODUCT(('⚙️Pengaturan'!$C$3:$C$100=$F30)*('⚙️Pengaturan'!$D$3:$D$100)) -> 150000 | H30: TUNAI | J30: =G30-I30 -> 150000
B31: FALSE | C31: 24 | D31: 45309 | E31: Ny. CATHARINA DJUNAIDI | F31: Paket Terapi 2 | G31: =SUMPRODUCT(('⚙️Pengaturan'!$C$3:$C$100=$F31)*('⚙️Pengaturan'!$D$3:$D$100)) -> 1200000 | H31: TUNAI | I31: 900000 | J31: =G31-I31 -> 300000
B32: FALSE | C32: 25 | D32: 45309 | E32: Tn. IRVAN YUSSIANDI | F32: Terapi Awal | G32: =SUMPRODUCT(('⚙️Pengaturan'!$C$3:$C$100=$F32)*('⚙️Pengaturan'!$D$3:$D$100)) -> 250000 | H32: TUNAI | J32: =G32-I32 -> 250000
B33: FALSE | C33: 26 | D33: 45309 | E33: Tn. Tjhang Fendi | F33: Paket Terapi 1 | G33: =SUMPRODUCT(('⚙️Pengaturan'!$C$3:$C$100=$F33)*('⚙️Pengaturan'!$D$3:$D$100)) -> 650000 | H33: TUNAI | I33: 200000 | J33: =G33-I33 -> 450000
B34: FALSE | C34: 27 | D34: 45309 | E34: Ny. IRA MAYASITA, ST | F34: Sesi Terapi | G34: =SUMPRODUCT(('⚙️Pengaturan'!$C$3:$C$100=$F34)*('⚙️Pengaturan'!$D$3:$D$100)) -> 150000 | H34: TUNAI | J34: =G34-I34 -> 150000
B35: FALSE | C35: 28 | D35: 45309 | E35: Tn. Ade Mariadi | F35: Paket Terapi 2 | G35: =SUMPRODUCT(('⚙️Pengaturan'!$C$3:$C$100=$F35)*('⚙️Pengaturan'!$D$3:$D$100)) -> 1200000 | H35: TUNAI | I35: 600000 | J35: =G35-I35 -> 600000
B36: FALSE | C36: 29 | D36: 45311 | E36: Tn. WASIMAN | F36: Terapi Awal | G36: =SUMPRODUCT(('⚙️Pengaturan'!$C$3:$C$100=$F36)*('⚙️Pengaturan'!$D$3:$D$100)) -> 250000 | H36: TUNAI | J36: =G36-I36 -> 250000
B37: FALSE | C37: 30 | D37: 45311 | E37: Tn. WASIMAN | F37: Paket Terapi 1 | G37: =SUMPRODUCT(('⚙️Pengaturan'!$C$3:$C$100=$F37)*('⚙️Pengaturan'!$D$3:$D$100)) -> 650000 | H37: TUNAI | I37: 450000 | J37: =G37-I37 -> 200000
B38: FALSE | C38: 31 | D38: 45311 | E38: Nn. Queenshya Theda Dilans | F38: Terapi Awal | G38: =SUMPRODUCT(('⚙️Pengaturan'!$C$3:$C$100=$F38)*('⚙️Pengaturan'!$D$3:$D$100)) -> 250000 | H38: TUNAI | J38: =G38-I38 -> 250000
B39: FALSE | C39: 32 | D39: 45312 | E39: Tn. DULHADI USMAN | F39: Terapi Awal Homevisit | G39: =SUMPRODUCT(('⚙️Pengaturan'!$C$3:$C$100=$F39)*('⚙️Pengaturan'!$D$3:$D$100)) -> 300000 | H39: TUNAI | J39: =G39-I39 -> 300000
B40: FALSE | C40: 33 | D40: 45313 | E40: Ny. NOVITA SARI | F40: Sesi Terapi | G40: =SUMPRODUCT(('⚙️Pengaturan'!$C$3:$C$100=$F40)*('⚙️Pengaturan'!$D$3:$D$100)) -> 150000 | H40: TUNAI | J40: =G40-I40 -> 150000
B41: FALSE | C41: 34 | D41: 45313 | E41: Tn. WASIMAN | F41: Paket Terapi 1 | G41: =SUMPRODUCT(('⚙️Pengaturan'!$C$3:$C$100=$F41)*('⚙️Pengaturan'!$D$3:$D$100)) -> 650000 | H41: TUNAI | I41: 200000 | J41: =G41-I41 -> 450000
B42: FALSE | C42: 35 | D42: 45313 | E42: Ny. Ani Roniah | F42: Terapi Awal | G42: =SUMPRODUCT(('⚙️Pengaturan'!$C$3:$C$100=$F42)*('⚙️Pengaturan'!$D$3:$D$100)) -> 250000 | H42: TUNAI | J42: =G42-I42 -> 250000
B43: FALSE | C43: 36 | D43: 45314 | E43: Tn. DULHADI USMAN | F43: Sesi terapi Homevisit | G43: =SUMPRODUCT(('⚙️Pengaturan'!$C$3:$C$100=$F43)*('⚙️Pengaturan'!$D$3:$D$100)) -> 200000 | H43: TUNAI | J43: =G43-I43 -> 200000
B44: FALSE | C44: 37 | D44: 45314 | E44: Ny. Queenshya Theda Dilans | F44: Paket Terapi 1 | G44: =SUMPRODUCT(('⚙️Pengaturan'!$C$3:$C$100=$F44)*('⚙️Pengaturan'!$D$3:$D$100)) -> 650000 | H44: TUNAI | J44: =G44-I44 -> 650000
B45: FALSE | C45: 38 | D45: 45314 | E45: Ny. SRI WAHYUNI | F45: Terapi Awal Homevisit | G45: =SUMPRODUCT(('⚙️Pengaturan'!$C$3:$C$100=$F45)*('⚙️Pengaturan'!$D$3:$D$100)) -> 300000 | H45: TRF | J45: =G45-I45 -> 300000
B46: FALSE | C46: 39 | D46: 45314 | E46: Ny. SRI WAHYUNI | F46: Paket Terapi Homevisit | G46: =SUMPRODUCT(('⚙️Pengaturan'!$C$3:$C$100=$F46)*('⚙️Pengaturan'!$D$3:$D$100)) -> 1800000 | H46: TRF | J46: =G46-I46 -> 1800000
B47: FALSE | C47: 40 | D47: 45314 | E47: Ny. Ani Roniah | F47: Paket Terapi 1 | G47: =SUMPRODUCT(('⚙️Pengaturan'!$C$3:$C$100=$F47)*('⚙️Pengaturan'!$D$3:$D$100)) -> 650000 | H47: TUNAI | J47: =G47-I47 -> 650000
B48: FALSE | C48: 41 | D48: 45314 | E48: Tn. Albert kadir | F48: Sesi Terapi | G48: =SUMPRODUCT(('⚙️Pengaturan'!$C$3:$C$100=$F48)*('⚙️Pengaturan'!$D$3:$D$100)) -> 150000 | H48: TUNAI | J48: =G48-I48 -> 150000
B49: FALSE | C49: 42 | D49: 45315 | E49: Tn. Noval Agung Setiady | F49: Paket Terapi 1 | G49: =SUMPRODUCT(('⚙️Pengaturan'!$C$3:$C$100=$F49)*('⚙️Pengaturan'!$D$3:$D$100)) -> 650000 | H49: TRF | J49: =G49-I49 -> 650000
B50: FALSE | C50: 43 | D50: 45315 | E50: Ny. WIWIN SURYANI | F50: Terapi Awal | G50: =SUMPRODUCT(('⚙️Pengaturan'!$C$3:$C$100=$F50)*('⚙️Pengaturan'!$D$3:$D$100)) -> 250000 | H50: TUNAI | J50: =G50-I50 -> 250000
B51: FALSE | C51: 44 | D51: 45316 | E51: Tn. Ade Mariadi | F51: Paket Terapi 2 | G51: =SUMPRODUCT(('⚙️Pengaturan'!$C$3:$C$100=$F51)*('⚙️Pengaturan'!$D$3:$D$100)) -> 1200000 | H51: TUNAI | I51: 600000 | J51: =G51-I51 -> 600000
B52: FALSE | C52: 45 | D52: 45318 | E52: Ny. ERISKA DEWI MANIZA | F52: Terapi Awal | G52: =SUMPRODUCT(('⚙️Pengaturan'!$C$3:$C$100=$F52)*('⚙️Pengaturan'!$D$3:$D$100)) -> 250000 | H52: TUNAI | J52: =G52-I52 -> 250000
B53: FALSE | C53: 46 | D53: 45318 | E53: Ny. BONG SU JUN | F53: Terapi Awal | G53: =SUMPRODUCT(('⚙️Pengaturan'!$C$3:$C$100=$F53)*('⚙️Pengaturan'!$D$3:$D$100)) -> 250000 | H53: TUNAI | J53: =G53-I53 -> 250000
B54: FALSE | C54: 47 | D54: 45319 | E54: Tn. Okky riski hendrawan | F54: Terapi Awal | G54: =SUMPRODUCT(('⚙️Pengaturan'!$C$3:$C$100=$F54)*('⚙️Pengaturan'!$D$3:$D$100)) -> 250000 | H54: TRF | J54: =G54-I54 -> 250000
B55: FALSE | C55: 48 | D55: 45319 | E55: Tn. Zulfahmi | F55: Sesi Terapi | G55: =SUMPRODUCT(('⚙️Pengaturan'!$C$3:$C$100=$F55)*('⚙️Pengaturan'!$D$3:$D$100)) -> 150000 | H55: TUNAI | J55: =G55-I55 -> 150000
B56: FALSE | C56: 49 | D56: 45320 | E56: Ny. CATHARINA DJUNAIDI | F56: Paket Terapi 2 | G56: =SUMPRODUCT(('⚙️Pengaturan'!$C$3:$C$100=$F56)*('⚙️Pengaturan'!$D$3:$D$100)) -> 1200000 | H56: TUNAI | I56: 300000 | J56: =G56-I56 -> 900000
B57: FALSE | C57: 50 | D57: 45320 | E57: Ny. BONG SU JUN | F57: Paket Terapi 1 | G57: =SUMPRODUCT(('⚙️Pengaturan'!$C$3:$C$100=$F57)*('⚙️Pengaturan'!$D$3:$D$100)) -> 650000 | H57: TUNAI | I57: 350000 | J57: =G57-I57 -> 300000
B58: FALSE | C58: 51 | D58: 45320 | E58: Nn. Sri Rezeki | F58: Terapi Awal | G58: =SUMPRODUCT(('⚙️Pengaturan'!$C$3:$C$100=$F58)*('⚙️Pengaturan'!$D$3:$D$100)) -> 250000 | H58: TUNAI | J58: =G58-I58 -> 250000
B59: FALSE | C59: 52 | D59: 45321 | E59: Ny. Bong Su Jun | F59: Paket Terapi 1 | G59: =SUMPRODUCT(('⚙️Pengaturan'!$C$3:$C$100=$F59)*('⚙️Pengaturan'!$D$3:$D$100)) -> 650000 | H59: TUNAI | I59: 300000 | J59: =G59-I59 -> 350000
B60: FALSE | C60: 53 | D60: 45322 | E60: Tn. ALifin L | F60: Terapi Awal | G60: =SUMPRODUCT(('⚙️Pengaturan'!$C$3:$C$100=$F60)*('⚙️Pengaturan'!$D$3:$D$100)) -> 250000 | H60: TUNAI | J60: =G60-I60 -> 250000
B61: FALSE | C61: 54 | D61: 45323 | E61: Tn. Okky riski hendrawan | F61: Sesi Terapi | G61: =SUMPRODUCT(('⚙️Pengaturan'!$C$3:$C$100=$F61)*('⚙️Pengaturan'!$D$3:$D$100)) -> 150000 | H61: TRF | J61: =G61-I61 -> 150000
B62: FALSE | C62: 55 | D62: 45323 | E62: Tn. ALifin L | F62: Paket Terapi 1 | G62: =SUMPRODUCT(('⚙️Pengaturan'!$C$3:$C$100=$F62)*('⚙️Pengaturan'!$D$3:$D$100)) -> 650000 | H62: TUNAI | J62: =G62-I62 -> 650000
B63: FALSE | C63: 56 | D63: 45325 | E63: Ny. NOVITA SARI | F63: Sesi Terapi | G63: =SUMPRODUCT(('⚙️Pengaturan'!$C$3:$C$100=$F63)*('⚙️Pengaturan'!$D$3:$D$100)) -> 150000 | H63: TUNAI | J63: =G63-I63 -> 150000
B64: FALSE | C64: 57 | D64: 45325 | E64: Ny. ERISKA DEWI MANIZA | F64: Sesi Terapi | G64: =SUMPRODUCT(('⚙️Pengaturan'!$C$3:$C$100=$F64)*('⚙️Pengaturan'!$D$3:$D$100)) -> 150000 | H64: TUNAI | J64: =G64-I64 -> 150000
B65: FALSE | C65: 58 | D65: 45326 | E65: Tn. RAHMAD | F65: Terapi Awal | G65: =SUMPRODUCT(('⚙️Pengaturan'!$C$3:$C$100=$F65)*('⚙️Pengaturan'!$D$3:$D$100)) -> 250000 | H65: TUNAI | J65: =G65-I65 -> 250000
B66: FALSE | C66: 59 | D66: 45326 | E66: Tn. DRS. LUTHFI | F66: Terapi Awal | G66: =SUMPRODUCT(('⚙️Pengaturan'!$C$3:$C$100=$F66)*('⚙️Pengaturan'!$D$3:$D$100)) -> 250000 | H66: TUNAI | J66: =G66-I66 -> 250000
B67: FALSE | C67: 60 | D67: 45327 | E67: Tn. Dandi Andika | F67: Terapi Awal | G67: =SUMPRODUCT(('⚙️Pengaturan'!$C$3:$C$100=$F67)*('⚙️Pengaturan'!$D$3:$D$100)) -> 250000 | H67: TUNAI | J67: =G67-I67 -> 250000
B68: FALSE | C68: 61 | D68: 45327 | E68: Tn. DRS. LUTHFI | F68: Sesi Terapi | G68: =SUMPRODUCT(('⚙️Pengaturan'!$C$3:$C$100=$F68)*('⚙️Pengaturan'!$D$3:$D$100)) -> 150000 | H68: TUNAI | J68: =G68-I68 -> 150000
B69: FALSE | C69: 62 | D69: 45327 | E69: Tn. Karmin | F69: Terapi Awal | G69: =SUMPRODUCT(('⚙️Pengaturan'!$C$3:$C$100=$F69)*('⚙️Pengaturan'!$D$3:$D$100)) -> 250000 | H69: TUNAI | J69: =G69-I69 -> 250000
B70: FALSE | C70: 63 | D70: 45328 | E70: Ny. BONG SU JUN | F70: Sesi Terapi | G70: =SUMPRODUCT(('⚙️Pengaturan'!$C$3:$C$100=$F70)*('⚙️Pengaturan'!$D$3:$D$100)) -> 150000 | H70: TUNAI | J70: =G70-I70 -> 150000
B71: FALSE | C71: 64 | D71: 45328 | E71: Tn. DRS. LUTHFI | F71: Sesi Terapi | G71: =SUMPRODUCT(('⚙️Pengaturan'!$C$3:$C$100=$F71)*('⚙️Pengaturan'!$D$3:$D$100)) -> 150000 | H71: TUNAI | J71: =G71-I71 -> 150000
... B84: FALSE | C84: 77 | D84: 45333 | E84: Ny. ERISKA DEWI MANIZA | F84: Sesi Terapi | G84: =SUMPRODUCT(('⚙️Pengaturan'!$C$3:$C$100=$F84)*('⚙️Pengaturan'!$D$3:$D$100)) -> 150000 | H84: TUNAI | J84: =G84-I84 -> 150000
B85: FALSE | C85: 78 | D85: 45334 | E85: Tn. WASIMAN | F85: Paket Terapi 1 | G85: =SUMPRODUCT(('⚙️Pengaturan'!$C$3:$C$100=$F85)*('⚙️Pengaturan'!$D$3:$D$100)) -> 650000 | H85: TUNAI | I85: 350000 | J85: =G85-I85 -> 300000
B86: FALSE | C86: 79 | D86: 45334 | E86: Tn. ALifin L | F86: Sesi Terapi | G86: =SUMPRODUCT(('⚙️Pengaturan'!$C$3:$C$100=$F86)*('⚙️Pengaturan'!$D$3:$D$100)) -> 150000 | H86: TUNAI | J86: =G86-I86 -> 150000
B87: FALSE | C87: 80 | D87: 45334 | E87: Tn. YULIANUS | F87: Terapi Awal | G87: =SUMPRODUCT(('⚙️Pengaturan'!$C$3:$C$100=$F87)*('⚙️Pengaturan'!$D$3:$D$100)) -> 250000 | H87: TRF | J87: =G87-I87 -> 250000
B88: FALSE | C88: 81 | D88: 45334 | E88: Tn. ADI | F88: Terapi Awal | G88: =SUMPRODUCT(('⚙️Pengaturan'!$C$3:$C$100=$F88)*('⚙️Pengaturan'!$D$3:$D$100)) -> 250000 | H88: TRF | J88: =G88-I88 -> 250000
B89: FALSE | C89: 82 | D89: 45335 | E89: Tn. DRS. LUTHFI | F89: Sesi Terapi | G89: =SUMPRODUCT(('⚙️Pengaturan'!$C$3:$C$100=$F89)*('⚙️Pengaturan'!$D$3:$D$100)) -> 150000 | H89: TUNAI | J89: =G89-I89 -> 150000
B90: FALSE | C90: 83 | D90: 45335 | E90: Tn. ALifin L | F90: Sesi Terapi | G90: =SUMPRODUCT(('⚙️Pengaturan'!$C$3:$C$100=$F90)*('⚙️Pengaturan'!$D$3:$D$100)) -> 150000 | H90: TUNAI | J90: =G90-I90 -> 150000
B91: FALSE | C91: 84 | D91: 45335 | E91: Tn. YULIANUS | F91: Sesi Terapi | G91: =SUMPRODUCT(('⚙️Pengaturan'!$C$3:$C$100=$F91)*('⚙️Pengaturan'!$D$3:$D$100)) -> 150000 | H91: TRF | J91: =G91-I91 -> 150000
B92: FALSE | C92: 85 | D92: 45335 | E92: Tn. Age setiyanto | F92: Terapi Awal | G92: =SUMPRODUCT(('⚙️Pengaturan'!$C$3:$C$100=$F92)*('⚙️Pengaturan'!$D$3:$D$100)) -> 250000 | H92: TUNAI | J92: =G92-I92 -> 250000
B93: FALSE | C93: 86 | D93: 45337 | E93: Tn. Dedy sutanto | F93: Terapi Awal | G93: =SUMPRODUCT(('⚙️Pengaturan'!$C$3:$C$100=$F93)*('⚙️Pengaturan'!$D$3:$D$100)) -> 250000 | H93: TUNAI | J93: =G93-I93 -> 250000
B94: FALSE | C94: 87 | D94: 45337 | E94: Tn. DRS. LUTHFI | F94: Sesi Terapi | G94: =SUMPRODUCT(('⚙️Pengaturan'!$C$3:$C$100=$F94)*('⚙️Pengaturan'!$D$3:$D$100)) -> 150000 | H94: TUNAI | J94: =G94-I94 -> 150000
B95: FALSE | C95: 88 | D95: 45337 | E95: Tn. Hadi Sedyatma Wijaya | F95: Terapi Awal | G95: =SUMPRODUCT(('⚙️Pengaturan'!$C$3:$C$100=$F95)*('⚙️Pengaturan'!$D$3:$D$100)) -> 250000 | H95: TUNAI | J95: =G95-I95 -> 250000
B96: FALSE | C96: 89 | D96: 45339 | E96: Tn. WASIMAN | F96: Paket Terapi 1 | G96: =SUMPRODUCT(('⚙️Pengaturan'!$C$3:$C$100=$F96)*('⚙️Pengaturan'!$D$3:$D$100)) -> 650000 | H96: TUNAI | I96: 300000 | J96: =G96-I96 -> 350000
B97: FALSE | C97: 90 | D97: 45339 | E97: Tn. DRS. LUTHFI | F97: Sesi Terapi | G97: =SUMPRODUCT(('⚙️Pengaturan'!$C$3:$C$100=$F97)*('⚙️Pengaturan'!$D$3:$D$100)) -> 150000 | H97: TUNAI | J97: =G97-I97 -> 150000
B98: FALSE | C98: 91 | D98: 45339 | E98: Tn. AIDIN | F98: Terapi Awal | G98: =SUMPRODUCT(('⚙️Pengaturan'!$C$3:$C$100=$F98)*('⚙️Pengaturan'!$D$3:$D$100)) -> 250000 | H98: TUNAI | J98: =G98-I98 -> 250000
B99: FALSE | C99: 92 | D99: 45339 | E99: Tn. ARDI | F99: Terapi Awal | G99: =SUMPRODUCT(('⚙️Pengaturan'!$C$3:$C$100=$F99)*('⚙️Pengaturan'!$D$3:$D$100)) -> 250000 | H99: TUNAI | J99: =G99-I99 -> 250000
B100: FALSE | C100: 93 | D100: 45339 | E100: Tn. Miswan | F100: Sesi Terapi | G100: =SUMPRODUCT(('⚙️Pengaturan'!$C$3:$C$100=$F100)*('⚙️Pengaturan'!$D$3:$D$100)) -> 150000 | H100: TUNAI | J100: =G100-I100 -> 150000
B101: FALSE | C101: 94 | D101: 45339 | E101: Tn. ALifin L | F101: Paket Terapi 1 | G101: =SUMPRODUCT(('⚙️Pengaturan'!$C$3:$C$100=$F101)*('⚙️Pengaturan'!$D$3:$D$100)) -> 650000 | H101: TUNAI | J101: =G101-I101 -> 650000
B102: FALSE | C102: 95 | D102: 45340 | E102: Tn. Rio Pratama | F102: Sesi Terapi | G102: =SUMPRODUCT(('⚙️Pengaturan'!$C$3:$C$100=$F102)*('⚙️Pengaturan'!$D$3:$D$100)) -> 150000 | H102: TRF | J102: =G102-I102 -> 150000
B103: FALSE | C103: 96 | D103: 45340 | E103: Tn. DRS. LUTHFI | F103: Sesi Terapi | G103: =SUMPRODUCT(('⚙️Pengaturan'!$C$3:$C$100=$F103)*('⚙️Pengaturan'!$D$3:$D$100)) -> 150000 | H103: TUNAI | J103: =G103-I103 -> 150000
B104: FALSE | C104: 97 | D104: 45340 | E104: Tn. Hadi Sedyatma Wijaya | F104: Sesi Terapi | G104: =SUMPRODUCT(('⚙️Pengaturan'!$C$3:$C$100=$F104)*('⚙️Pengaturan'!$D$3:$D$100)) -> 150000 | H104: TUNAI | J104: =G104-I104 -> 150000
B105: FALSE | C105: 98 | D105: 45340 | E105: Tn. Jiukham | F105: Sesi Terapi | G105: =SUMPRODUCT(('⚙️Pengaturan'!$C$3:$C$100=$F105)*('⚙️Pengaturan'!$D$3:$D$100)) -> 150000 | H105: TUNAI | J105: =G105-I105 -> 150000
B106: FALSE | C106: 99 | D106: 45341 | E106: Tn. ARDI | F106: Paket Terapi 1 | G106: =SUMPRODUCT(('⚙️Pengaturan'!$C$3:$C$100=$F106)*('⚙️Pengaturan'!$D$3:$D$100)) -> 650000 | H106: TUNAI | J106: =G106-I106 -> 650000
B107: FALSE | C107: 100 | D107: 45342 | E107: Tn. ADI | F107: Paket Terapi 1 | G107: =SUMPRODUCT(('⚙️Pengaturan'!$C$3:$C$100=$F107)*('⚙️Pengaturan'!$D$3:$D$100)) -> 650000 | H107: TRF | I107: 450000 | J107: =G107-I107 -> 200000
B108: FALSE | C108: 101 | D108: 45342 | E108: Tn. YULIANUS | F108: Paket Terapi 2 | G108: =SUMPRODUCT(('⚙️Pengaturan'!$C$3:$C$100=$F108)*('⚙️Pengaturan'!$D$3:$D$100)) -> 1200000 | H108: TRF | I108: 200000 | J108: =G108-I108 -> 1000000
B109: FALSE | C109: 102 | D109: 45342 | E109: Tn. Dedy sutanto | F109: Sesi Terapi | G109: =SUMPRODUCT(('⚙️Pengaturan'!$C$3:$C$100=$F109)*('⚙️Pengaturan'!$D$3:$D$100)) -> 150000 | H109: TUNAI | J109: =G109-I109 -> 150000
B110: FALSE | C110: 103 | D110: 45344 | E110: Tn. ALifin L | F110: Paket Terapi 1 | G110: =SUMPRODUCT(('⚙️Pengaturan'!$C$3:$C$100=$F110)*('⚙️Pengaturan'!$D$3:$D$100)) -> 650000 | H110: TUNAI | J110: =G110-I110 -> 650000
B111: FALSE | C111: 104 | D111: 45344 | E111: Tn. ADI | F111: Paket Terapi 1 | G111: =SUMPRODUCT(('⚙️Pengaturan'!$C$3:$C$100=$F111)*('⚙️Pengaturan'!$D$3:$D$100)) -> 650000 | H111: TUNAI | I111: 200000 | J111: =G111-I111 -> 450000
B112: FALSE | C112: 105 | D112: 45344 | E112: Tn. YULIANUS | F112: Paket Terapi 2 | G112: =SUMPRODUCT(('⚙️Pengaturan'!$C$3:$C$100=$F112)*('⚙️Pengaturan'!$D$3:$D$100)) -> 1200000 | H112: TUNAI | I112: 1000000 | J112: =G112-I112 -> 200000
B113: FALSE | C113: 106 | D113: 45346 | E113: Tn. Martian Goldwin | F113: Terapi Awal | G113: =SUMPRODUCT(('⚙️Pengaturan'!$C$3:$C$100=$F113)*('⚙️Pengaturan'!$D$3:$D$100)) -> 250000 | H113: TUNAI | J113: =G113-I113 -> 250000
B114: FALSE | C114: 107 | D114: 45346 | E114: Tn. KON PIT SU | F114: Terapi Awal | G114: =SUMPRODUCT(('⚙️Pengaturan'!$C$3:$C$100=$F114)*('⚙️Pengaturan'!$D$3:$D$100)) -> 250000 | H114: TUNAI | J114: =G114-I114 -> 250000
B115: FALSE | C115: 108 | D115: 45346 | E115: Tn. KON PIT SU | F115: Paket Terapi 1 | G115: =SUMPRODUCT(('⚙️Pengaturan'!$C$3:$C$100=$F115)*('⚙️Pengaturan'!$D$3:$D$100)) -> 650000 | H115: TUNAI | I115: 350000 | J115: =G115-I115 -> 300000
B116: FALSE | C116: 109 | D116: 45348 | E116: Tn. Andika angga riadi | F116: Terapi Awal | G116: =SUMPRODUCT(('⚙️Pengaturan'!$C$3:$C$100=$F116)*('⚙️Pengaturan'!$D$3:$D$100)) -> 250000 | H116: TUNAI | J116: =G116-I116 -> 250000
...

Sheet Pengeluaran
B4: Tanggal: | D4: =TODAY() -> 46314 | G4: ='⚙️Pengaturan'!B3 -> Fisioterapi Gang Sehat Singkawang
B6: ✓ | C6: No. | D6: Tanggal | E6: Kategori | F6: Nominal | G6: Detail Pencatatan | H6: Instansi
B8: FALSE | C8: {=SEQUENCE(1000,"1")} -> 1 | D8: 45383 | E8: Beban Kebersihan | F8: 25500 | G8: Hit | H8: TUNAI
B9: FALSE | C9: 2 | D9: 45383 | E9: Beban Kebersihan | F9: 25500 | G9: Stella | H9: TUNAI
B10: FALSE | C10: 3 | D10: 45383 | E10: Beban Pelayanan | F10: 2000 | G10: Es Batu | H10: TUNAI
B11: FALSE | C11: 4 | D11: 45384 | E11: Beban Listrik | F11: 201901 | G11: Token Listrik | H11: TUNAI
B12: FALSE | C12: 5 | D12: 45384 | E12: Beban Pelayanan | F12: 4000 | G12: Es Batu | H12: TUNAI
B13: FALSE | C13: 6 | D13: 45385 | E13: Beban Pelayanan | F13: 4000 | G13: Es Batu | H13: TUNAI
B14: FALSE | C14: 7 | D14: 45385 | E14: Beban Kebersihan | F14: 1000 | G14: Molto | H14: TUNAI
B15: FALSE | C15: 8 | D15: 45386 | E15: Beban Pelayanan | F15: 4000 | G15: Es Batu | H15: TUNAI
B16: FALSE | C16: 9 | D16: 45388 | E16: Beban Pelayanan | F16: 2000 | G16: Es Batu | H16: TUNAI
B17: FALSE | C17: 10 | D17: 45388 | E17: Beban Pelayanan | F17: 16500 | G17: Laundry Handuk | H17: TUNAI
B18: FALSE | C18: 11 | D18: 45389 | E18: Beban Kebersihan | F18: 15000 | G18: Cetak Banner Pengumuman | H18: TUNAI
B19: FALSE | C19: 12 | D19: 45389 | E19: Beban Pelayanan | F19: 3500 | G19: Sikat Gigi | H19: TUNAI
B20: FALSE | C20: 13 | D20: 45397 | E20: Beban Pelayanan | F20: 2500 | G20: Es Batu | H20: TUNAI
... B261: FALSE | C261: 254 | D261: 45531 | E261: Beban Kebersihan | F261: 16500 | G261: Laundry Handuk | H261: TUNAI
B262: FALSE | C262: 255 | D262: 45531 | E262: Beban Gaji Pegawai | F262: 11767500 | H262: TUNAI
B263: FALSE | C263: 256 | D263: 45532 | E263: Beban Kebersihan | F263: 12000 | G263: Plastik Sampah | H263: TUNAI
B264: FALSE | C264: 257 | D264: 45532 | E264: Beban Pelayanan Dewasa | F264: 22000 | G264: Baby Oil | H264: TUNAI
B265: FALSE | C265: 258 | D265: 45533 | E265: Beban Pelayanan Dewasa | F265: 33000 | G265: Mineral 600ml/box | H265: TUNAI
B266: FALSE | C266: 259 | D266: 45533 | E266: Beban Pelayanan Dewasa | F266: 2500 | G266: es batu | H266: TUNAI
B267: FALSE | C267: 260 | D267: 45533 | E267: Beban Pelayanan Dewasa | F267: 13000 | G267: Galon | H267: TUNAI
B268: FALSE | C268: 261 | D268: 45533 | E268: Beban Pelayanan Dewasa | F268: 2000 | G268: Es Batu | H268: TUNAI
B269: FALSE | C269: 262 | D269: 45534 | E269: Beban Pelayanan Dewasa | F269: 33000 | G269: Tisu | H269: TUNAI
B270: FALSE | C270: 263 | D270: 45535 | E270: Beban ATK | F270: 12500 | G270: Clip Board | H270: TUNAI
B271: FALSE | C271: 264 | D271: 45535 | E271: Beban Promosi | F271: 10000 | G271: Hansapast Plester | H271: TUNAI
B272: FALSE | C272: 265 | D272: 45535 | E272: Beban Promosi | F272: 8000 | G272: Kasa | H272: TUNAI
B273: FALSE | C273: 266 | D273: 45535 | E273: Beban Promosi | F273: 29500 | G273: Plastik Warp | H273: TUNAI
B274: FALSE | C274: 267 | D274: 45535 | E274: Beban Pelayanan Dewasa | F274: 2500 | G274: Es Batu | H274: TUNAI
... B330: FALSE | C330: 323 | D330: 45561 | E330: Beban Pelayanan Dewasa | F330: 2500 | G330: Es Batu | H330: TUNAI
B331: FALSE | C331: 324 | D331: 45561 | E331: Beban Gaji Pegawai | F331: =8527000+1100+1750000 -> 10278100 | G331: Total gaji + partime | H331: TRF
B332: FALSE | C332: 325 | D332: 45563 | E332: Beban Pelayanan Dewasa | F332: 13000 | G332: Galon | H332: TUNAI
B333: FALSE | C333: 326 | D333: 45563 | E333: Beban Pelayanan Dewasa | F333: 2500 | G333: Es Batu | H333: TUNAI
B334: FALSE | C334: 327 | D334: 45563 | E334: Beban Gaji Pegawai | F334: 150000 | G334: Gaji Pengganti Admin | H334: TUNAI
B335: FALSE | C335: 328 | D335: 45564 | E335: Beban Pelayanan Dewasa | F335: Rp. 2.500 | G335: Es Batu | H335: TUNAI
B336: FALSE | C336: 329 | D336: 45565 | E336: Beban Pelayanan Dewasa | F336: 64500 | G336: Pad Tes | H336: TUNAI
B337: FALSE | C337: 330 | D337: 45565 | E337: Beban Pelayanan Dewasa | F337: 2500 | G337: Es Batu | H337: TUNAI
B338: FALSE | C338: 331 | D338: 45565 | E338: Beban pemeliharaan bangunan | F338: 50000 | G338: Las Kursi | H338: TUNAI
B339: FALSE | C339: 332 | D339: 45566 | E339: Beban Listrik | F339: 202351 | G339: Token Listrik | H339: TUNAI
B340: FALSE | C340: 333 | D340: 45566 | E340: Beban Pelayanan Dewasa | F340: 5000 | G340: Es Batu | H340: TUNAI
B341: FALSE | C341: 334 | D341: 45567 | E341: Beban Kebersihan | F341: 16500 | G341: Laundry Handuk | H341: TUNAI
B342: FALSE | C342: 335 | D342: 45567 | E342: Beban Pelayanan Dewasa | F342: 2500 | G342: Es Batu | H342: TUNAI
B343: FALSE | C343: 336 | D343: 45567 | E343: Beban Pelayanan Dewasa | F343: 36000 | G343: Gel US 2 Pcs | H343: TUNAI
B344: FALSE | C344: 337 | D344: 45568 | E344: Beban pemeliharaan peralatan | F344: 13000 | G344: Steker Infra Red | H344: TUNAI
B345: FALSE | C345: 338 | D345: 45568 | E345: Beban Pelayanan Dewasa | F345: 2000 | G345: Es Batu | H345: TUNAI
B346: FALSE | C346: 339 | D346: 45570 | E346: Beban Pelayanan Dewasa | F346: 10000 | G346: Cup Minuman | H346: TUNAI
B347: FALSE | C347: 340 | D347: 45570 | E347: Beban Pelayanan Dewasa | F347: 2500 | G347: Es Batu | H347: TUNAI
... B400: FALSE | C400: 393 | D400: 45592 | E400: Beban Pelayanan Dewasa | F400: 2000 | G400: Es Batu | H400: TUNAI
B401: FALSE | C401: 394 | D401: 45592 | E401: Beban Gaji Pegawai | F401: =7386000+4500000 -> 11886000 | G401: Gaji | H401: TRF
B402: FALSE | C402: 395 | D402: 45593 | E402: Beban Pelayanan Dewasa | F402: 2000 | G402: Es Batu | H402: TUNAI
B403: FALSE | C403: 396 | D403: 45594 | E403: Beban Pelayanan Dewasa | F403: 2000 | G403: Es Batu | H403: TUNAI
B404: FALSE | C404: 397 | D404: 45594 | E404: Beban Pelayanan Dewasa | F404: 50000 | G404: Ongkir | H404: TUNAI
B405: FALSE | C405: 398 | D405: 45595 | E405: Beban Listrik | F405: 202402 | G405: Voucher Listrik | H405: TUNAI
B406: FALSE | C406: 399 | D406: 45595 | E406: Beban Pelayanan Dewasa | F406: 2000 | G406: Es Batu | H406: TUNAI
B407: FALSE | C407: 400 | D407: 45598 | E407: Beban Pelayanan Dewasa | F407: 2500 | G407: Es Batu | H407: TUNAI
B408: FALSE | C408: 401 | D408: 45598 | E408: Beban Pelayanan Dewasa | F408: 13000 | G408: Galon | H408: TUNAI
B409: FALSE | C409: 402 | D409: 45599 | E409: Beban ATK | F409: 225000 | G409: Tinta CMY Printer | H409: TUNAI
B410: FALSE | C410: 403 | D410: 45599 | E410: Beban ATK | F410: 58000 | G410: Kertas F4 | H410: TUNAI
B411: FALSE | C411: 404 | D411: 45599 | E411: Beban Parkir | F411: 2000 | G411: Parkir | H411: TUNAI
B412: FALSE | C412: 405 | D412: 45599 | E412: Beban Pelayanan Dewasa | F412: 2000 | G412: Es Batu | H412: TUNAI
B413: FALSE | C413: 406 | D413: 45599 | E413: Beban Kebersihan | F413: 16500 | G413: Laundry Handuk | H413: TUNAI
... B449: FALSE | C449: 442 | D449: 45622 | E449: Beban Pelayanan Dewasa | F449: 2000 | G449: Es Batu | H449: TUNAI
B450: FALSE | C450: 443 | D450: 45623 | E450: Beban Gaji Pegawai | F450: 10620000 | H450: TRF
B451: FALSE | C451: 444 | D451: 45623 | E451: Beban Listrik | F451: 202407 | G451: Token Listrik | H451: TUNAI
B452: FALSE | C452: 445 | D452: 45623 | E452: Beban Pelayanan Dewasa | F452: 2500 | G452: Es Batu | H452: TUNAI
B453: FALSE | C453: 446 | D453: 45624 | E453: Beban Pelayanan Dewasa | F453: 2500 | G453: Es Batu | H453: TUNAI
B454: FALSE | C454: 447 | D454: 45624 | E454: Beban Telepon dan Internet | F454: 32000 | G454: Pulsa | H454: TUNAI
B455: FALSE | C455: 448 | D455: 45626 | E455: Beban Kebersihan | F455: 16500 | G455: Loundry | H455: TUNAI
B456: FALSE | C456: 449 | D456: 45626 | E456: Beban Gaji Pegawai | F456: 200000 | G456: Gaji Pengganti Admin | H456: TUNAI
B457: FALSE | C457: 450 | D457: 45627 | E457: Beban Pelayanan Dewasa | F457: 2500 | G457: Es Batu | H457: TUNAI
B458: FALSE | C458: 451 | D458: 45628 | E458: Beban Pelayanan Dewasa | F458: 2500 | G458: Es Batu | H458: TUNAI
B459: FALSE | C459: 452 | D459: 45629 | E459: Beban Pelayanan Dewasa | F459: 2500 | G459: Es Batu | H459: TUNAI
B460: FALSE | C460: 453 | D460: 45630 | E460: Beban Pelayanan Dewasa | F460: 15000 | G460: Plastik Sampah | H460: TUNAI
B461: FALSE | C461: 454 | D461: 45630 | E461: Beban Pelayanan Dewasa | F461: 10000 | G461: Gelas Plasstik | H461: TUNAI
B462: FALSE | C462: 455 | D462: 45630 | E462: Beban Pelayanan Dewasa | F462: 2500 | G462: Es Batu | H462: TUNAI
... B495: FALSE | C495: 488 | D495: 45653 | E495: Beban Pelayanan Dewasa | F495: 13500 | G495: Plastik Clip | H495: TUNAI
B496: FALSE | C496: 489 | D496: 45653 | E496: Beban Gaji Pegawai | F496: =6460000+2662500 -> 9122500 | H496: TUNAI
B497: FALSE | C497: 490 | D497: 45654 | E497: Beban Pelayanan Dewasa | F497: 2000 | G497: Es Batu | H497: TUNAI
C498: 491 | D498: 45654 | E498: Beban Listrik | F498: 102472 | G498: Token Listrik | H498: TUNAI
B499: FALSE | C499: 492 | D499: 45661 | E499: Beban Pelayanan Dewasa | F499: 12000 | G499: Cetak Pengumuman | H499: TUNAI
B500: FALSE | C500: 493 | D500: 45661 | E500: Beban Telepon dan Internet | F500: 27000 | G500: Pulsa | H500: TUNAI
B501: FALSE | C501: 494 | D501: 45661 | E501: Beban Pelayanan Dewasa | F501: 2500 | G501: Es Batu | H501: TUNAI
B502: FALSE | C502: 495 | D502: 45661 | E502: Beban Kebersihan | F502: 16500 | G502: Loundry handuk | H502: TUNAI
B503: FALSE | C503: 496 | D503: 45662 | E503: Beban Pelayanan Dewasa | F503: 2000 | G503: Es Batu | H503: TUNAI
B504: FALSE | C504: 497 | D504: 45663 | E504: Beban Pelayanan Dewasa | F504: 2000 | G504: Es Batu | H504: TUNAI
B505: FALSE | C505: 498 | D505: 45663 | E505: Beban Listrik | F505: 202415 | G505: Voucer Listrik | H505: TUNAI
B506: FALSE | C506: 499 | D506: 45664 | E506: Beban Pelayanan Dewasa | F506: 2500 | G506: Es Batu | H506: TUNAI
B507: FALSE | C507: 500 | D507: 45664 | E507: Beban Rapat | F507: 30000 | G507: Zoom | H507: TUNAI
B508: FALSE | C508: 501 | D508: 45665 | E508: Beban Kebersihan | F508: 25500 | G508: Stella Pewangi Ruangan | H508: TUNAI
B509: FALSE | C509: 502 | D509: 45665 | E509: Beban Kebersihan | F509: 26000 | G509: Hit anti Nyamuk | H509: TUNAI
B510: FALSE | C510: 503 | D510: 45665 | E510: Beban Pelayanan Dewasa | F510: 2000 | G510: Es Batu | H510: TUNAI
... B521: FALSE | C521: 514 | D521: 45671 | E521: Beban Pelayanan Dewasa | F521: 2000 | G521: Es Batu | H521: TUNAI
B522: FALSE | C522: 515 | H522: TUNAI
B523: FALSE | C523: 516 | H523: TUNAI
B524: FALSE | C524: 517 | H524: TUNAI
B525: FALSE | C525: 518 | H525: TUNAI
B526: FALSE | C526: 519 | H526: TUNAI
B527: FALSE | C527: 520 | H527: TUNAI
B528: FALSE | C528: 521 | H528: TUNAI
B529: FALSE | C529: 522 | H529: TUNAI
...

Sheet Laporan
B2: Dashboard Laporan Transaksi 📊 | J2: Tahun: | K2: =TEXT(TODAY(), "YYYY") -> 2026 | L2: =MONTH(DATEVALUE(K3&" 1")) -> 10
J3: Bulan: | K3: Oktober
E5: Ringkasan Bulanan 📊
B7: Total Pemeriksaan | E7: Nilai Transaksi | H7: Total Pengeluaran | K7: Laba Bersih
B8: =COUNTIFS(Pemasukan!D:D, ">="&DATE(YEAR(TODAY()), L2, 1), Pemasukan!D:D, "<="&EOMONTH(DATE(YEAR(TODAY()), L2, 1), 0), Pemasukan!D:D, "<>") -> 1 | E8: {=INDIRECT("Arus Kas!" & CHAR(66 + L2) & "25")} -> 0 | H8: {=INDIRECT("Arus Kas!" & CHAR(66 + L2) & "40")} -> 0 | K8: {=INDIRECT("Arus Kas!" & CHAR(66 + L2) & "45")} -> 254600
E29: Laporan Harian 📊 | K29: Start 🡓 | L29: 🡓 End
K30: 45292 | L30: 45322
B32: Rekap Jenis Pemeriksaan 💊 | H32: Rekap Transaksi Dokter 🩺
B33: Nama Paket/Obat | D33: Total | E33: Nominal | F33: Catatan | H33: Nama Dokter | J33: Total | K33: Nominal | L33: Catatan
B34: ='⚙️Pengaturan'!C3 -> New Paket Terapi 1 | D34: =COUNTIFS(Pemasukan!$D:$D, ">="&TEXT($K$30, "DD/MM/YYYY"), Pemasukan!$D:$D, "<="&TEXT($L$30, "DD/MM/YYYY"), Pemasukan!$F:$F, B34) -> 0 | E34: =SUMIFS(Pemasukan!$J:$J, Pemasukan!$D:$D, ">="&TEXT($K$30, "DD/MM/YYYY"), Pemasukan!$D:$D, "<="&TEXT($L$30, "DD/MM/YYYY"), Pemasukan!$F:$F, B34) -> 0 | H34: ='⚙️Pengaturan'!F3 -> TRF | J34: =COUNTIFS(Pemasukan!$D:$D, ">="&TEXT($K$30, "DD/MM/YYYY"), Pemasukan!$D:$D, "<="&TEXT($L$30, "DD/MM/YYYY"), Pemasukan!$H:$H, H34) -> 8 | K34: =SUMIFS(Pemasukan!$J:$J, Pemasukan!$D:$D, ">="&TEXT($K$30, "DD/MM/YYYY"), Pemasukan!$D:$D, "<="&TEXT($L$30, "DD/MM/YYYY"), Pemasukan!$H:$H, H34) -> 4950000
B35: =#REF! -> #REF! | D35: =COUNTIFS(Pemasukan!$D:$D, ">="&TEXT($K$30, "DD/MM/YYYY"), Pemasukan!$D:$D, "<="&TEXT($L$30, "DD/MM/YYYY"), Pemasukan!$F:$F, B35) -> 0 | E35: =SUMIFS(Pemasukan!$J:$J, Pemasukan!$D:$D, ">="&TEXT($K$30, "DD/MM/YYYY"), Pemasukan!$D:$D, "<="&TEXT($L$30, "DD/MM/YYYY"), Pemasukan!$F:$F, B35) -> 0 | H35: ='⚙️Pengaturan'!F4 -> TUNAI | J35: =COUNTIFS(Pemasukan!$D:$D, ">="&TEXT($K$30, "DD/MM/YYYY"), Pemasukan!$D:$D, "<="&TEXT($L$30, "DD/MM/YYYY"), Pemasukan!$H:$H, H35) -> 45 | K35: =SUMIFS(Pemasukan!$J:$J, Pemasukan!$D:$D, ">="&TEXT($K$30, "DD/MM/YYYY"), Pemasukan!$D:$D, "<="&TEXT($L$30, "DD/MM/YYYY"), Pemasukan!$H:$H, H35) -> 13850000
B36: =#REF! -> #REF! | D36: =COUNTIFS(Pemasukan!$D:$D, ">="&TEXT($K$30, "DD/MM/YYYY"), Pemasukan!$D:$D, "<="&TEXT($L$30, "DD/MM/YYYY"), Pemasukan!$F:$F, B36) -> 0 | E36: =SUMIFS(Pemasukan!$J:$J, Pemasukan!$D:$D, ">="&TEXT($K$30, "DD/MM/YYYY"), Pemasukan!$D:$D, "<="&TEXT($L$30, "DD/MM/YYYY"), Pemasukan!$F:$F, B36) -> 0 | H36: ='⚙️Pengaturan'!F5 | J36: =COUNTIFS(Pemasukan!$D:$D, ">="&TEXT($K$30, "DD/MM/YYYY"), Pemasukan!$D:$D, "<="&TEXT($L$30, "DD/MM/YYYY"), Pemasukan!$H:$H, H36) -> 0 | K36: =SUMIFS(Pemasukan!$J:$J, Pemasukan!$D:$D, ">="&TEXT($K$30, "DD/MM/YYYY"), Pemasukan!$D:$D, "<="&TEXT($L$30, "DD/MM/YYYY"), Pemasukan!$H:$H, H36) -> 0
B37: ='⚙️Pengaturan'!C4 -> New Paket Terapi 2 | D37: =COUNTIFS(Pemasukan!$D:$D, ">="&TEXT($K$30, "DD/MM/YYYY"), Pemasukan!$D:$D, "<="&TEXT($L$30, "DD/MM/YYYY"), Pemasukan!$F:$F, B37) -> 0 | E37: =SUMIFS(Pemasukan!$J:$J, Pemasukan!$D:$D, ">="&TEXT($K$30, "DD/MM/YYYY"), Pemasukan!$D:$D, "<="&TEXT($L$30, "DD/MM/YYYY"), Pemasukan!$F:$F, B37) -> 0 | H37: ='⚙️Pengaturan'!F6 | J37: =COUNTIFS(Pemasukan!$D:$D, ">="&TEXT($K$30, "DD/MM/YYYY"), Pemasukan!$D:$D, "<="&TEXT($L$30, "DD/MM/YYYY"), Pemasukan!$H:$H, H37) -> 0 | K37: =SUMIFS(Pemasukan!$J:$J, Pemasukan!$D:$D, ">="&TEXT($K$30, "DD/MM/YYYY"), Pemasukan!$D:$D, "<="&TEXT($L$30, "DD/MM/YYYY"), Pemasukan!$H:$H, H37) -> 0
B38: ='⚙️Pengaturan'!C5 -> New Paket Terapi 3 | D38: =COUNTIFS(Pemasukan!$D:$D, ">="&TEXT($K$30, "DD/MM/YYYY"), Pemasukan!$D:$D, "<="&TEXT($L$30, "DD/MM/YYYY"), Pemasukan!$F:$F, B38) -> 0 | E38: =SUMIFS(Pemasukan!$J:$J, Pemasukan!$D:$D, ">="&TEXT($K$30, "DD/MM/YYYY"), Pemasukan!$D:$D, "<="&TEXT($L$30, "DD/MM/YYYY"), Pemasukan!$F:$F, B38) -> 0 | H38: ='⚙️Pengaturan'!F7 | J38: =COUNTIFS(Pemasukan!$D:$D, ">="&TEXT($K$30, "DD/MM/YYYY"), Pemasukan!$D:$D, "<="&TEXT($L$30, "DD/MM/YYYY"), Pemasukan!$H:$H, H38) -> 0 | K38: =SUMIFS(Pemasukan!$J:$J, Pemasukan!$D:$D, ">="&TEXT($K$30, "DD/MM/YYYY"), Pemasukan!$D:$D, "<="&TEXT($L$30, "DD/MM/YYYY"), Pemasukan!$H:$H, H38) -> 0
B39: ='⚙️Pengaturan'!C6 -> New Sesi Terapi | D39: =COUNTIFS(Pemasukan!$D:$D, ">="&TEXT($K$30, "DD/MM/YYYY"), Pemasukan!$D:$D, "<="&TEXT($L$30, "DD/MM/YYYY"), Pemasukan!$F:$F, B39) -> 0 | E39: =SUMIFS(Pemasukan!$J:$J, Pemasukan!$D:$D, ">="&TEXT($K$30, "DD/MM/YYYY"), Pemasukan!$D:$D, "<="&TEXT($L$30, "DD/MM/YYYY"), Pemasukan!$F:$F, B39) -> 0 | H39: ='⚙️Pengaturan'!F8 | J39: =COUNTIFS(Pemasukan!$D:$D, ">="&TEXT($K$30, "DD/MM/YYYY"), Pemasukan!$D:$D, "<="&TEXT($L$30, "DD/MM/YYYY"), Pemasukan!$H:$H, H39) -> 0 | K39: =SUMIFS(Pemasukan!$J:$J, Pemasukan!$D:$D, ">="&TEXT($K$30, "DD/MM/YYYY"), Pemasukan!$D:$D, "<="&TEXT($L$30, "DD/MM/YYYY"), Pemasukan!$H:$H, H39) -> 0
B40: ='⚙️Pengaturan'!C7 -> New Sesi terapi Homevisit | D40: =COUNTIFS(Pemasukan!$D:$D, ">="&TEXT($K$30, "DD/MM/YYYY"), Pemasukan!$D:$D, "<="&TEXT($L$30, "DD/MM/YYYY"), Pemasukan!$F:$F, B40) -> 0 | E40: =SUMIFS(Pemasukan!$J:$J, Pemasukan!$D:$D, ">="&TEXT($K$30, "DD/MM/YYYY"), Pemasukan!$D:$D, "<="&TEXT($L$30, "DD/MM/YYYY"), Pemasukan!$F:$F, B40) -> 0 | H40: ='⚙️Pengaturan'!F9 | J40: =COUNTIFS(Pemasukan!$D:$D, ">="&TEXT($K$30, "DD/MM/YYYY"), Pemasukan!$D:$D, "<="&TEXT($L$30, "DD/MM/YYYY"), Pemasukan!$H:$H, H40) -> 0 | K40: =SUMIFS(Pemasukan!$J:$J, Pemasukan!$D:$D, ">="&TEXT($K$30, "DD/MM/YYYY"), Pemasukan!$D:$D, "<="&TEXT($L$30, "DD/MM/YYYY"), Pemasukan!$H:$H, H40) -> 0
B41: ='⚙️Pengaturan'!C8 -> New Sesi terapi Homevisit + Jarak | D41: =COUNTIFS(Pemasukan!$D:$D, ">="&TEXT($K$30, "DD/MM/YYYY"), Pemasukan!$D:$D, "<="&TEXT($L$30, "DD/MM/YYYY"), Pemasukan!$F:$F, B41) -> 0 | E41: =SUMIFS(Pemasukan!$J:$J, Pemasukan!$D:$D, ">="&TEXT($K$30, "DD/MM/YYYY"), Pemasukan!$D:$D, "<="&TEXT($L$30, "DD/MM/YYYY"), Pemasukan!$F:$F, B41) -> 0 | H41: ='⚙️Pengaturan'!F10 | J41: =COUNTIFS(Pemasukan!$D:$D, ">="&TEXT($K$30, "DD/MM/YYYY"), Pemasukan!$D:$D, "<="&TEXT($L$30, "DD/MM/YYYY"), Pemasukan!$H:$H, H41) -> 0 | K41: =SUMIFS(Pemasukan!$J:$J, Pemasukan!$D:$D, ">="&TEXT($K$30, "DD/MM/YYYY"), Pemasukan!$D:$D, "<="&TEXT($L$30, "DD/MM/YYYY"), Pemasukan!$H:$H, H41) -> 0
B42: ='⚙️Pengaturan'!C9 -> New Paket Terapi Homevisit | D42: =COUNTIFS(Pemasukan!$D:$D, ">="&TEXT($K$30, "DD/MM/YYYY"), Pemasukan!$D:$D, "<="&TEXT($L$30, "DD/MM/YYYY"), Pemasukan!$F:$F, B42) -> 0 | E42: =SUMIFS(Pemasukan!$J:$J, Pemasukan!$D:$D, ">="&TEXT($K$30, "DD/MM/YYYY"), Pemasukan!$D:$D, "<="&TEXT($L$30, "DD/MM/YYYY"), Pemasukan!$F:$F, B42) -> 0 | H42: ='⚙️Pengaturan'!F11 | J42: =COUNTIFS(Pemasukan!$D:$D, ">="&TEXT($K$30, "DD/MM/YYYY"), Pemasukan!$D:$D, "<="&TEXT($L$30, "DD/MM/YYYY"), Pemasukan!$H:$H, H42) -> 0 | K42: =SUMIFS(Pemasukan!$J:$J, Pemasukan!$D:$D, ">="&TEXT($K$30, "DD/MM/YYYY"), Pemasukan!$D:$D, "<="&TEXT($L$30, "DD/MM/YYYY"), Pemasukan!$H:$H, H42) -> 0
B43: ='⚙️Pengaturan'!C10 -> New Paket Terapi Homevisit+ Jarak | D43: =COUNTIFS(Pemasukan!$D:$D, ">="&TEXT($K$30, "DD/MM/YYYY"), Pemasukan!$D:$D, "<="&TEXT($L$30, "DD/MM/YYYY"), Pemasukan!$F:$F, B43) -> 0 | E43: =SUMIFS(Pemasukan!$J:$J, Pemasukan!$D:$D, ">="&TEXT($K$30, "DD/MM/YYYY"), Pemasukan!$D:$D, "<="&TEXT($L$30, "DD/MM/YYYY"), Pemasukan!$F:$F, B43) -> 0 | H43: ='⚙️Pengaturan'!F12 | J43: =COUNTIFS(Pemasukan!$D:$D, ">="&TEXT($K$30, "DD/MM/YYYY"), Pemasukan!$D:$D, "<="&TEXT($L$30, "DD/MM/YYYY"), Pemasukan!$H:$H, H43) -> 0 | K43: =SUMIFS(Pemasukan!$J:$J, Pemasukan!$D:$D, ">="&TEXT($K$30, "DD/MM/YYYY"), Pemasukan!$D:$D, "<="&TEXT($L$30, "DD/MM/YYYY"), Pemasukan!$H:$H, H43) -> 0
B44: ='⚙️Pengaturan'!C11 -> Terapi Awal | D44: =COUNTIFS(Pemasukan!$D:$D, ">="&TEXT($K$30, "DD/MM/YYYY"), Pemasukan!$D:$D, "<="&TEXT($L$30, "DD/MM/YYYY"), Pemasukan!$F:$F, B44) -> 21 | E44: =SUMIFS(Pemasukan!$J:$J, Pemasukan!$D:$D, ">="&TEXT($K$30, "DD/MM/YYYY"), Pemasukan!$D:$D, "<="&TEXT($L$30, "DD/MM/YYYY"), Pemasukan!$F:$F, B44) -> 5250000 | H44: ='⚙️Pengaturan'!F13 | J44: =COUNTIFS(Pemasukan!$D:$D, ">="&TEXT($K$30, "DD/MM/YYYY"), Pemasukan!$D:$D, "<="&TEXT($L$30, "DD/MM/YYYY"), Pemasukan!$H:$H, H44) -> 0 | K44: =SUMIFS(Pemasukan!$J:$J, Pemasukan!$D:$D, ">="&TEXT($K$30, "DD/MM/YYYY"), Pemasukan!$D:$D, "<="&TEXT($L$30, "DD/MM/YYYY"), Pemasukan!$H:$H, H44) -> 0
B45: ='⚙️Pengaturan'!C12 -> Paket Terapi 1 | D45: =COUNTIFS(Pemasukan!$D:$D, ">="&TEXT($K$30, "DD/MM/YYYY"), Pemasukan!$D:$D, "<="&TEXT($L$30, "DD/MM/YYYY"), Pemasukan!$F:$F, B45) -> 13 | E45: =SUMIFS(Pemasukan!$J:$J, Pemasukan!$D:$D, ">="&TEXT($K$30, "DD/MM/YYYY"), Pemasukan!$D:$D, "<="&TEXT($L$30, "DD/MM/YYYY"), Pemasukan!$F:$F, B45) -> 5850000 | H45: ='⚙️Pengaturan'!F14 | J45: =COUNTIFS(Pemasukan!$D:$D, ">="&TEXT($K$30, "DD/MM/YYYY"), Pemasukan!$D:$D, "<="&TEXT($L$30, "DD/MM/YYYY"), Pemasukan!$H:$H, H45) -> 0 | K45: =SUMIFS(Pemasukan!$J:$J, Pemasukan!$D:$D, ">="&TEXT($K$30, "DD/MM/YYYY"), Pemasukan!$D:$D, "<="&TEXT($L$30, "DD/MM/YYYY"), Pemasukan!$H:$H, H45) -> 0
B46: ='⚙️Pengaturan'!C13 -> Paket Terapi 2 | D46: =COUNTIFS(Pemasukan!$D:$D, ">="&TEXT($K$30, "DD/MM/YYYY"), Pemasukan!$D:$D, "<="&TEXT($L$30, "DD/MM/YYYY"), Pemasukan!$F:$F, B46) -> 5 | E46: =SUMIFS(Pemasukan!$J:$J, Pemasukan!$D:$D, ">="&TEXT($K$30, "DD/MM/YYYY"), Pemasukan!$D:$D, "<="&TEXT($L$30, "DD/MM/YYYY"), Pemasukan!$F:$F, B46) -> 3600000 | H46: ='⚙️Pengaturan'!F15 | J46: =COUNTIFS(Pemasukan!$D:$D, ">="&TEXT($K$30, "DD/MM/YYYY"), Pemasukan!$D:$D, "<="&TEXT($L$30, "DD/MM/YYYY"), Pemasukan!$H:$H, H46) -> 0 | K46: =SUMIFS(Pemasukan!$J:$J, Pemasukan!$D:$D, ">="&TEXT($K$30, "DD/MM/YYYY"), Pemasukan!$D:$D, "<="&TEXT($L$30, "DD/MM/YYYY"), Pemasukan!$H:$H, H46) -> 0
B47: ='⚙️Pengaturan'!C14 -> Sesi Terapi | D47: =COUNTIFS(Pemasukan!$D:$D, ">="&TEXT($K$30, "DD/MM/YYYY"), Pemasukan!$D:$D, "<="&TEXT($L$30, "DD/MM/YYYY"), Pemasukan!$F:$F, B47) -> 10 | E47: =SUMIFS(Pemasukan!$J:$J, Pemasukan!$D:$D, ">="&TEXT($K$30, "DD/MM/YYYY"), Pemasukan!$D:$D, "<="&TEXT($L$30, "DD/MM/YYYY"), Pemasukan!$F:$F, B47) -> 1500000 | H47: ='⚙️Pengaturan'!F16 | J47: =COUNTIFS(Pemasukan!$D:$D, ">="&TEXT($K$30, "DD/MM/YYYY"), Pemasukan!$D:$D, "<="&TEXT($L$30, "DD/MM/YYYY"), Pemasukan!$H:$H, H47) -> 0 | K47: =SUMIFS(Pemasukan!$J:$J, Pemasukan!$D:$D, ">="&TEXT($K$30, "DD/MM/YYYY"), Pemasukan!$D:$D, "<="&TEXT($L$30, "DD/MM/YYYY"), Pemasukan!$H:$H, H47) -> 0
B48: ='⚙️Pengaturan'!C15 -> Terapi Awal Homevisit | D48: =COUNTIFS(Pemasukan!$D:$D, ">="&TEXT($K$30, "DD/MM/YYYY"), Pemasukan!$D:$D, "<="&TEXT($L$30, "DD/MM/YYYY"), Pemasukan!$F:$F, B48) -> 2 | E48: =SUMIFS(Pemasukan!$J:$J, Pemasukan!$D:$D, ">="&TEXT($K$30, "DD/MM/YYYY"), Pemasukan!$D:$D, "<="&TEXT($L$30, "DD/MM/YYYY"), Pemasukan!$F:$F, B48) -> 600000 | H48: ='⚙️Pengaturan'!F17 | J48: =COUNTIFS(Pemasukan!$D:$D, ">="&TEXT($K$30, "DD/MM/YYYY"), Pemasukan!$D:$D, "<="&TEXT($L$30, "DD/MM/YYYY"), Pemasukan!$H:$H, H48) -> 0 | K48: =SUMIFS(Pemasukan!$J:$J, Pemasukan!$D:$D, ">="&TEXT($K$30, "DD/MM/YYYY"), Pemasukan!$D:$D, "<="&TEXT($L$30, "DD/MM/YYYY"), Pemasukan!$H:$H, H48) -> 0
B49: ='⚙️Pengaturan'!C20 -> Paket Terapi Homevisit+ Jarak | D49: =COUNTIFS(Pemasukan!$D:$D, ">="&TEXT($K$30, "DD/MM/YYYY"), Pemasukan!$D:$D, "<="&TEXT($L$30, "DD/MM/YYYY"), Pemasukan!$F:$F, B49) -> 0 | E49: =SUMIFS(Pemasukan!$J:$J, Pemasukan!$D:$D, ">="&TEXT($K$30, "DD/MM/YYYY"), Pemasukan!$D:$D, "<="&TEXT($L$30, "DD/MM/YYYY"), Pemasukan!$F:$F, B49) -> 0 | H49: ='⚙️Pengaturan'!F18 | J49: =COUNTIFS(Pemasukan!$D:$D, ">="&TEXT($K$30, "DD/MM/YYYY"), Pemasukan!$D:$D, "<="&TEXT($L$30, "DD/MM/YYYY"), Pemasukan!$H:$H, H49) -> 0 | K49: =SUMIFS(Pemasukan!$J:$J, Pemasukan!$D:$D, ">="&TEXT($K$30, "DD/MM/YYYY"), Pemasukan!$D:$D, "<="&TEXT($L$30, "DD/MM/YYYY"), Pemasukan!$H:$H, H49) -> 0
B50: ='⚙️Pengaturan'!C21 | D50: =COUNTIFS(Pemasukan!$D:$D, ">="&TEXT($K$30, "DD/MM/YYYY"), Pemasukan!$D:$D, "<="&TEXT($L$30, "DD/MM/YYYY"), Pemasukan!$F:$F, B50) -> 0 | E50: =SUMIFS(Pemasukan!$J:$J, Pemasukan!$D:$D, ">="&TEXT($K$30, "DD/MM/YYYY"), Pemasukan!$D:$D, "<="&TEXT($L$30, "DD/MM/YYYY"), Pemasukan!$F:$F, B50) -> 0 | H50: ='⚙️Pengaturan'!F19 | J50: =COUNTIFS(Pemasukan!$D:$D, ">="&TEXT($K$30, "DD/MM/YYYY"), Pemasukan!$D:$D, "<="&TEXT($L$30, "DD/MM/YYYY"), Pemasukan!$H:$H, H50) -> 0 | K50: =SUMIFS(Pemasukan!$J:$J, Pemasukan!$D:$D, ">="&TEXT($K$30, "DD/MM/YYYY"), Pemasukan!$D:$D, "<="&TEXT($L$30, "DD/MM/YYYY"), Pemasukan!$H:$H, H50) -> 0
B51: =#REF! -> #REF! | D51: =COUNTIFS(Pemasukan!$D:$D, ">="&TEXT($K$30, "DD/MM/YYYY"), Pemasukan!$D:$D, "<="&TEXT($L$30, "DD/MM/YYYY"), Pemasukan!$F:$F, B51) -> 0 | E51: =SUMIFS(Pemasukan!$J:$J, Pemasukan!$D:$D, ">="&TEXT($K$30, "DD/MM/YYYY"), Pemasukan!$D:$D, "<="&TEXT($L$30, "DD/MM/YYYY"), Pemasukan!$F:$F, B51) -> 0 | H51: ='⚙️Pengaturan'!F20 | J51: =COUNTIFS(Pemasukan!$D:$D, ">="&TEXT($K$30, "DD/MM/YYYY"), Pemasukan!$D:$D, "<="&TEXT($L$30, "DD/MM/YYYY"), Pemasukan!$H:$H, H51) -> 0 | K51: =SUMIFS(Pemasukan!$J:$J, Pemasukan!$D:$D, ">="&TEXT($K$30, "DD/MM/YYYY"), Pemasukan!$D:$D, "<="&TEXT($L$30, "DD/MM/YYYY"), Pemasukan!$H:$H, H51) -> 0
B53: ='⚙️Pengaturan'!C21

Sheet Arus Kas
B2: Bulan | C2: Januari | D2: Februari | E2: Maret | F2: April | G2: Mei | H2: Juni | I2: Juli | J2: Agustus | K2: September | L2: Oktober | M2: November | N2: Desember
B4: Saldo Awal
B5: Nominal | D5: =C55 -> 27445585 | E5: =D55 -> 14150000 | F5: =E55 -> 16200000 | G5: =F55 -> 11644099 | H5: =G55 -> 12609182 | I5: =H55 -> 9377598 | J5: =I55 -> 22056737 | K5: =J55 -> 21166975 | ... N5: =M55 -> 9252167
B7: Pemasukan
B8: ='⚙️Pengaturan'!C3 -> New Paket Terapi 1 | C8: =SUMPRODUCT(Pemasukan!$J:$J,Text(Pemasukan!$D:$D,"mmmm")=C$2,Pemasukan!$F:$F=$B8) -> 750000 | D8: =SUMPRODUCT(Pemasukan!$J:$J,Text(Pemasukan!$D:$D,"mmmm")=D$2,Pemasukan!$F:$F=$B8) -> 0 | E8: =SUMPRODUCT(Pemasukan!$J:$J,Text(Pemasukan!$D:$D,"mmmm")=E$2,Pemasukan!$F:$F=$B8) -> 0 | F8: =SUMPRODUCT(Pemasukan!$J:$J,Text(Pemasukan!$D:$D,"mmmm")=F$2,Pemasukan!$F:$F=$B8) -> 0 | G8: =SUMPRODUCT(Pemasukan!$J:$J,Text(Pemasukan!$D:$D,"mmmm")=G$2,Pemasukan!$F:$F=$B8) -> 0 | H8: =SUMPRODUCT(Pemasukan!$J:$J,Text(Pemasukan!$D:$D,"mmmm")=H$2,Pemasukan!$F:$F=$B8) -> 0 | I8: =SUMPRODUCT(Pemasukan!$J:$J,Text(Pemasukan!$D:$D,"mmmm")=I$2,Pemasukan!$F:$F=$B8) -> 2550000 | J8: =SUMPRODUCT(Pemasukan!$J:$J,Text(Pemasukan!$D:$D,"mmmm")=J$2,Pemasukan!$F:$F=$B8) -> 12450000 | ... N8: =SUMPRODUCT(Pemasukan!$J:$J,Text(Pemasukan!$D:$D,"mmmm")=N$2,Pemasukan!$F:$F=$B8) -> 8810000
B9: ='⚙️Pengaturan'!C4 -> New Paket Terapi 2 | C9: =SUMPRODUCT(Pemasukan!$J:$J,Text(Pemasukan!$D:$D,"mmmm")=C$2,Pemasukan!$F:$F=$B9) -> 2800000 | D9: =SUMPRODUCT(Pemasukan!$J:$J,Text(Pemasukan!$D:$D,"mmmm")=D$2,Pemasukan!$F:$F=$B9) -> 0 | E9: =SUMPRODUCT(Pemasukan!$J:$J,Text(Pemasukan!$D:$D,"mmmm")=E$2,Pemasukan!$F:$F=$B9) -> 0 | F9: =SUMPRODUCT(Pemasukan!$J:$J,Text(Pemasukan!$D:$D,"mmmm")=F$2,Pemasukan!$F:$F=$B9) -> 0 | G9: =SUMPRODUCT(Pemasukan!$J:$J,Text(Pemasukan!$D:$D,"mmmm")=G$2,Pemasukan!$F:$F=$B9) -> 0 | H9: =SUMPRODUCT(Pemasukan!$J:$J,Text(Pemasukan!$D:$D,"mmmm")=H$2,Pemasukan!$F:$F=$B9) -> 0 | I9: =SUMPRODUCT(Pemasukan!$J:$J,Text(Pemasukan!$D:$D,"mmmm")=I$2,Pemasukan!$F:$F=$B9) -> 0 | J9: =SUMPRODUCT(Pemasukan!$J:$J,Text(Pemasukan!$D:$D,"mmmm")=J$2,Pemasukan!$F:$F=$B9) -> 0 | ... N9: =SUMPRODUCT(Pemasukan!$J:$J,Text(Pemasukan!$D:$D,"mmmm")=N$2,Pemasukan!$F:$F=$B9) -> 2660000
B10: ='⚙️Pengaturan'!C5 -> New Paket Terapi 3 | C10: =SUMPRODUCT(Pemasukan!$J:$J,Text(Pemasukan!$D:$D,"mmmm")=C$2,Pemasukan!$F:$F=$B10) -> 1300000 | D10: =SUMPRODUCT(Pemasukan!$J:$J,Text(Pemasukan!$D:$D,"mmmm")=D$2,Pemasukan!$F:$F=$B10) -> 0 | E10: =SUMPRODUCT(Pemasukan!$J:$J,Text(Pemasukan!$D:$D,"mmmm")=E$2,Pemasukan!$F:$F=$B10) -> 0 | F10: =SUMPRODUCT(Pemasukan!$J:$J,Text(Pemasukan!$D:$D,"mmmm")=F$2,Pemasukan!$F:$F=$B10) -> 0 | G10: =SUMPRODUCT(Pemasukan!$J:$J,Text(Pemasukan!$D:$D,"mmmm")=G$2,Pemasukan!$F:$F=$B10) -> 0 | H10: =SUMPRODUCT(Pemasukan!$J:$J,Text(Pemasukan!$D:$D,"mmmm")=H$2,Pemasukan!$F:$F=$B10) -> 0 | I10: =SUMPRODUCT(Pemasukan!$J:$J,Text(Pemasukan!$D:$D,"mmmm")=I$2,Pemasukan!$F:$F=$B10) -> 300000 | J10: =SUMPRODUCT(Pemasukan!$J:$J,Text(Pemasukan!$D:$D,"mmmm")=J$2,Pemasukan!$F:$F=$B10) -> 4900000 | ... N10: =SUMPRODUCT(Pemasukan!$J:$J,Text(Pemasukan!$D:$D,"mmmm")=N$2,Pemasukan!$F:$F=$B10) -> 0
B11: ='⚙️Pengaturan'!C6 -> New Sesi Terapi | C11: =SUMPRODUCT(Pemasukan!$J:$J,Text(Pemasukan!$D:$D,"mmmm")=C$2,Pemasukan!$F:$F=$B11) -> 2905000 | D11: =SUMPRODUCT(Pemasukan!$J:$J,Text(Pemasukan!$D:$D,"mmmm")=D$2,Pemasukan!$F:$F=$B11) -> 0 | E11: =SUMPRODUCT(Pemasukan!$J:$J,Text(Pemasukan!$D:$D,"mmmm")=E$2,Pemasukan!$F:$F=$B11) -> 0 | F11: =SUMPRODUCT(Pemasukan!$J:$J,Text(Pemasukan!$D:$D,"mmmm")=F$2,Pemasukan!$F:$F=$B11) -> 0 | G11: =SUMPRODUCT(Pemasukan!$J:$J,Text(Pemasukan!$D:$D,"mmmm")=G$2,Pemasukan!$F:$F=$B11) -> 0 | H11: =SUMPRODUCT(Pemasukan!$J:$J,Text(Pemasukan!$D:$D,"mmmm")=H$2,Pemasukan!$F:$F=$B11) -> 0 | I11: =SUMPRODUCT(Pemasukan!$J:$J,Text(Pemasukan!$D:$D,"mmmm")=I$2,Pemasukan!$F:$F=$B11) -> 2940000 | J11: =SUMPRODUCT(Pemasukan!$J:$J,Text(Pemasukan!$D:$D,"mmmm")=J$2,Pemasukan!$F:$F=$B11) -> 7115000 | ... N11: =SUMPRODUCT(Pemasukan!$J:$J,Text(Pemasukan!$D:$D,"mmmm")=N$2,Pemasukan!$F:$F=$B11) -> 6230000
B12: ='⚙️Pengaturan'!C7 -> New Sesi terapi Homevisit | C12: =SUMPRODUCT(Pemasukan!$J:$J,Text(Pemasukan!$D:$D,"mmmm")=C$2,Pemasukan!$F:$F=$B12) -> 1350000 | D12: =SUMPRODUCT(Pemasukan!$J:$J,Text(Pemasukan!$D:$D,"mmmm")=D$2,Pemasukan!$F:$F=$B12) -> 0 | E12: =SUMPRODUCT(Pemasukan!$J:$J,Text(Pemasukan!$D:$D,"mmmm")=E$2,Pemasukan!$F:$F=$B12) -> 0 | F12: =SUMPRODUCT(Pemasukan!$J:$J,Text(Pemasukan!$D:$D,"mmmm")=F$2,Pemasukan!$F:$F=$B12) -> 0 | G12: =SUMPRODUCT(Pemasukan!$J:$J,Text(Pemasukan!$D:$D,"mmmm")=G$2,Pemasukan!$F:$F=$B12) -> 0 | H12: =SUMPRODUCT(Pemasukan!$J:$J,Text(Pemasukan!$D:$D,"mmmm")=H$2,Pemasukan!$F:$F=$B12) -> 0 | I12: =SUMPRODUCT(Pemasukan!$J:$J,Text(Pemasukan!$D:$D,"mmmm")=I$2,Pemasukan!$F:$F=$B12) -> 0 | J12: =SUMPRODUCT(Pemasukan!$J:$J,Text(Pemasukan!$D:$D,"mmmm")=J$2,Pemasukan!$F:$F=$B12) -> 900000 | ... N12: =SUMPRODUCT(Pemasukan!$J:$J,Text(Pemasukan!$D:$D,"mmmm")=N$2,Pemasukan!$F:$F=$B12) -> 1125000
B13: ='⚙️Pengaturan'!C8 -> New Sesi terapi Homevisit + Jarak | C13: =SUMPRODUCT(Pemasukan!$J:$J,Text(Pemasukan!$D:$D,"mmmm")=C$2,Pemasukan!$F:$F=$B13) -> 0 | D13: =SUMPRODUCT(Pemasukan!$J:$J,Text(Pemasukan!$D:$D,"mmmm")=D$2,Pemasukan!$F:$F=$B13) -> 0 | E13: =SUMPRODUCT(Pemasukan!$J:$J,Text(Pemasukan!$D:$D,"mmmm")=E$2,Pemasukan!$F:$F=$B13) -> 0 | F13: =SUMPRODUCT(Pemasukan!$J:$J,Text(Pemasukan!$D:$D,"mmmm")=F$2,Pemasukan!$F:$F=$B13) -> 0 | G13: =SUMPRODUCT(Pemasukan!$J:$J,Text(Pemasukan!$D:$D,"mmmm")=G$2,Pemasukan!$F:$F=$B13) -> 0 | H13: =SUMPRODUCT(Pemasukan!$J:$J,Text(Pemasukan!$D:$D,"mmmm")=H$2,Pemasukan!$F:$F=$B13) -> 0 | I13: =SUMPRODUCT(Pemasukan!$J:$J,Text(Pemasukan!$D:$D,"mmmm")=I$2,Pemasukan!$F:$F=$B13) -> 0 | J13: =SUMPRODUCT(Pemasukan!$J:$J,Text(Pemasukan!$D:$D,"mmmm")=J$2,Pemasukan!$F:$F=$B13) -> 0 | ... N13: =SUMPRODUCT(Pemasukan!$J:$J,Text(Pemasukan!$D:$D,"mmmm")=N$2,Pemasukan!$F:$F=$B13) -> 0
B14: ='⚙️Pengaturan'!C9 -> New Paket Terapi Homevisit | C14: =SUMPRODUCT(Pemasukan!$J:$J,Text(Pemasukan!$D:$D,"mmmm")=C$2,Pemasukan!$F:$F=$B14) -> 0 | D14: =SUMPRODUCT(Pemasukan!$J:$J,Text(Pemasukan!$D:$D,"mmmm")=D$2,Pemasukan!$F:$F=$B14) -> 0 | E14: =SUMPRODUCT(Pemasukan!$J:$J,Text(Pemasukan!$D:$D,"mmmm")=E$2,Pemasukan!$F:$F=$B14) -> 0 | F14: =SUMPRODUCT(Pemasukan!$J:$J,Text(Pemasukan!$D:$D,"mmmm")=F$2,Pemasukan!$F:$F=$B14) -> 0 | G14: =SUMPRODUCT(Pemasukan!$J:$J,Text(Pemasukan!$D:$D,"mmmm")=G$2,Pemasukan!$F:$F=$B14) -> 0 | H14: =SUMPRODUCT(Pemasukan!$J:$J,Text(Pemasukan!$D:$D,"mmmm")=H$2,Pemasukan!$F:$F=$B14) -> 0 | I14: =SUMPRODUCT(Pemasukan!$J:$J,Text(Pemasukan!$D:$D,"mmmm")=I$2,Pemasukan!$F:$F=$B14) -> 0 | J14: =SUMPRODUCT(Pemasukan!$J:$J,Text(Pemasukan!$D:$D,"mmmm")=J$2,Pemasukan!$F:$F=$B14) -> 2000000 | ... N14: =SUMPRODUCT(Pemasukan!$J:$J,Text(Pemasukan!$D:$D,"mmmm")=N$2,Pemasukan!$F:$F=$B14) -> 2000000
B15: ='⚙️Pengaturan'!C10 -> New Paket Terapi Homevisit+ Jarak | C15: =SUMPRODUCT(Pemasukan!$J:$J,Text(Pemasukan!$D:$D,"mmmm")=C$2,Pemasukan!$F:$F=$B15) -> 0 | D15: =SUMPRODUCT(Pemasukan!$J:$J,Text(Pemasukan!$D:$D,"mmmm")=D$2,Pemasukan!$F:$F=$B15) -> 0 | E15: =SUMPRODUCT(Pemasukan!$J:$J,Text(Pemasukan!$D:$D,"mmmm")=E$2,Pemasukan!$F:$F=$B15) -> 0 | F15: =SUMPRODUCT(Pemasukan!$J:$J,Text(Pemasukan!$D:$D,"mmmm")=F$2,Pemasukan!$F:$F=$B15) -> 0 | G15: =SUMPRODUCT(Pemasukan!$J:$J,Text(Pemasukan!$D:$D,"mmmm")=G$2,Pemasukan!$F:$F=$B15) -> 0 | H15: =SUMPRODUCT(Pemasukan!$J:$J,Text(Pemasukan!$D:$D,"mmmm")=H$2,Pemasukan!$F:$F=$B15) -> 0 | I15: =SUMPRODUCT(Pemasukan!$J:$J,Text(Pemasukan!$D:$D,"mmmm")=I$2,Pemasukan!$F:$F=$B15) -> 0 | J15: =SUMPRODUCT(Pemasukan!$J:$J,Text(Pemasukan!$D:$D,"mmmm")=J$2,Pemasukan!$F:$F=$B15) -> 0 | ... N15: =SUMPRODUCT(Pemasukan!$J:$J,Text(Pemasukan!$D:$D,"mmmm")=N$2,Pemasukan!$F:$F=$B15) -> 0
B16: ='⚙️Pengaturan'!C11 -> Terapi Awal | C16: =SUMPRODUCT(Pemasukan!$J:$J,Text(Pemasukan!$D:$D,"mmmm")=C$2,Pemasukan!$F:$F=$B16) -> 5250000 | D16: =SUMPRODUCT(Pemasukan!$J:$J,Text(Pemasukan!$D:$D,"mmmm")=D$2,Pemasukan!$F:$F=$B16) -> 4250000 | E16: =SUMPRODUCT(Pemasukan!$J:$J,Text(Pemasukan!$D:$D,"mmmm")=E$2,Pemasukan!$F:$F=$B16) -> 4800000 | F16: =SUMPRODUCT(Pemasukan!$J:$J,Text(Pemasukan!$D:$D,"mmmm")=F$2,Pemasukan!$F:$F=$B16) -> 2000000 | G16: =SUMPRODUCT(Pemasukan!$J:$J,Text(Pemasukan!$D:$D,"mmmm")=G$2,Pemasukan!$F:$F=$B16) -> 4250000 | H16: =SUMPRODUCT(Pemasukan!$J:$J,Text(Pemasukan!$D:$D,"mmmm")=H$2,Pemasukan!$F:$F=$B16) -> 2500000 | I16: =SUMPRODUCT(Pemasukan!$J:$J,Text(Pemasukan!$D:$D,"mmmm")=I$2,Pemasukan!$F:$F=$B16) -> 7750000 | J16: =SUMPRODUCT(Pemasukan!$J:$J,Text(Pemasukan!$D:$D,"mmmm")=J$2,Pemasukan!$F:$F=$B16) -> 175000 | ... N16: =SUMPRODUCT(Pemasukan!$J:$J,Text(Pemasukan!$D:$D,"mmmm")=N$2,Pemasukan!$F:$F=$B16) -> 0
B17: ='⚙️Pengaturan'!C12 -> Paket Terapi 1 | C17: =SUMPRODUCT(Pemasukan!$J:$J,Text(Pemasukan!$D:$D,"mmmm")=C$2,Pemasukan!$F:$F=$B17) -> 5850000 | D17: =SUMPRODUCT(Pemasukan!$J:$J,Text(Pemasukan!$D:$D,"mmmm")=D$2,Pemasukan!$F:$F=$B17) -> 4200000 | E17: =SUMPRODUCT(Pemasukan!$J:$J,Text(Pemasukan!$D:$D,"mmmm")=E$2,Pemasukan!$F:$F=$B17) -> 6150000 | F17: =SUMPRODUCT(Pemasukan!$J:$J,Text(Pemasukan!$D:$D,"mmmm")=F$2,Pemasukan!$F:$F=$B17) -> 1350000 | G17: =SUMPRODUCT(Pemasukan!$J:$J,Text(Pemasukan!$D:$D,"mmmm")=G$2,Pemasukan!$F:$F=$B17) -> 6500000 | H17: =SUMPRODUCT(Pemasukan!$J:$J,Text(Pemasukan!$D:$D,"mmmm")=H$2,Pemasukan!$F:$F=$B17) -> 1500000 | I17: =SUMPRODUCT(Pemasukan!$J:$J,Text(Pemasukan!$D:$D,"mmmm")=I$2,Pemasukan!$F:$F=$B17) -> 10100000 | J17: =SUMPRODUCT(Pemasukan!$J:$J,Text(Pemasukan!$D:$D,"mmmm")=J$2,Pemasukan!$F:$F=$B17) -> 4750000 | ... N17: =SUMPRODUCT(Pemasukan!$J:$J,Text(Pemasukan!$D:$D,"mmmm")=N$2,Pemasukan!$F:$F=$B17) -> 0
B18: ='⚙️Pengaturan'!C13 -> Paket Terapi 2 | C18: =SUMPRODUCT(Pemasukan!$J:$J,Text(Pemasukan!$D:$D,"mmmm")=C$2,Pemasukan!$F:$F=$B18) -> 3600000 | D18: =SUMPRODUCT(Pemasukan!$J:$J,Text(Pemasukan!$D:$D,"mmmm")=D$2,Pemasukan!$F:$F=$B18) -> 1200000 | E18: =SUMPRODUCT(Pemasukan!$J:$J,Text(Pemasukan!$D:$D,"mmmm")=E$2,Pemasukan!$F:$F=$B18) -> 3600000 | F18: =SUMPRODUCT(Pemasukan!$J:$J,Text(Pemasukan!$D:$D,"mmmm")=F$2,Pemasukan!$F:$F=$B18) -> 3600000 | G18: =SUMPRODUCT(Pemasukan!$J:$J,Text(Pemasukan!$D:$D,"mmmm")=G$2,Pemasukan!$F:$F=$B18) -> 250000 | H18: =SUMPRODUCT(Pemasukan!$J:$J,Text(Pemasukan!$D:$D,"mmmm")=H$2,Pemasukan!$F:$F=$B18) -> 3350000 | I18: =SUMPRODUCT(Pemasukan!$J:$J,Text(Pemasukan!$D:$D,"mmmm")=I$2,Pemasukan!$F:$F=$B18) -> 2400000 | J18: =SUMPRODUCT(Pemasukan!$J:$J,Text(Pemasukan!$D:$D,"mmmm")=J$2,Pemasukan!$F:$F=$B18) -> 2400000 | ... N18: =SUMPRODUCT(Pemasukan!$J:$J,Text(Pemasukan!$D:$D,"mmmm")=N$2,Pemasukan!$F:$F=$B18) -> 1200000
B19: ='⚙️Pengaturan'!C14 -> Sesi Terapi | C19: =SUMPRODUCT(Pemasukan!$J:$J,Text(Pemasukan!$D:$D,"mmmm")=C$2,Pemasukan!$F:$F=$B19) -> 1500000 | D19: =SUMPRODUCT(Pemasukan!$J:$J,Text(Pemasukan!$D:$D,"mmmm")=D$2,Pemasukan!$F:$F=$B19) -> 4500000 | E19: =SUMPRODUCT(Pemasukan!$J:$J,Text(Pemasukan!$D:$D,"mmmm")=E$2,Pemasukan!$F:$F=$B19) -> 1650000 | F19: =SUMPRODUCT(Pemasukan!$J:$J,Text(Pemasukan!$D:$D,"mmmm")=F$2,Pemasukan!$F:$F=$B19) -> 2500000 | G19: =SUMPRODUCT(Pemasukan!$J:$J,Text(Pemasukan!$D:$D,"mmmm")=G$2,Pemasukan!$F:$F=$B19) -> 2300000 | H19: =SUMPRODUCT(Pemasukan!$J:$J,Text(Pemasukan!$D:$D,"mmmm")=H$2,Pemasukan!$F:$F=$B19) -> 2100000 | I19: =SUMPRODUCT(Pemasukan!$J:$J,Text(Pemasukan!$D:$D,"mmmm")=I$2,Pemasukan!$F:$F=$B19) -> 4050000 | J19: =SUMPRODUCT(Pemasukan!$J:$J,Text(Pemasukan!$D:$D,"mmmm")=J$2,Pemasukan!$F:$F=$B19) -> 1050000 | ... N19: =SUMPRODUCT(Pemasukan!$J:$J,Text(Pemasukan!$D:$D,"mmmm")=N$2,Pemasukan!$F:$F=$B19) -> 450000
... B24: ='⚙️Pengaturan'!C19 -> Paket Terapi Homevisit | C24: =SUMPRODUCT(Pemasukan!$J:$J,Text(Pemasukan!$D:$D,"mmmm")=C$2,Pemasukan!$F:$F=$B24) -> 1800000 | D24: =SUMPRODUCT(Pemasukan!$J:$J,Text(Pemasukan!$D:$D,"mmmm")=D$2,Pemasukan!$F:$F=$B24) -> 0 | E24: =SUMPRODUCT(Pemasukan!$J:$J,Text(Pemasukan!$D:$D,"mmmm")=E$2,Pemasukan!$F:$F=$B24) -> 0 | F24: =SUMPRODUCT(Pemasukan!$J:$J,Text(Pemasukan!$D:$D,"mmmm")=F$2,Pemasukan!$F:$F=$B24) -> 1800000 | G24: =SUMPRODUCT(Pemasukan!$J:$J,Text(Pemasukan!$D:$D,"mmmm")=G$2,Pemasukan!$F:$F=$B24) -> 0 | H24: =SUMPRODUCT(Pemasukan!$J:$J,Text(Pemasukan!$D:$D,"mmmm")=H$2,Pemasukan!$F:$F=$B24) -> 0 | I24: =SUMPRODUCT(Pemasukan!$J:$J,Text(Pemasukan!$D:$D,"mmmm")=I$2,Pemasukan!$F:$F=$B24) -> 3600000 | J24: =SUMPRODUCT(Pemasukan!$J:$J,Text(Pemasukan!$D:$D,"mmmm")=J$2,Pemasukan!$F:$F=$B24) -> 0 | ... N24: =SUMPRODUCT(Pemasukan!$J:$J,Text(Pemasukan!$D:$D,"mmmm")=N$2,Pemasukan!$F:$F=$B24) -> 0
B25: ='⚙️Pengaturan'!C20 -> Paket Terapi Homevisit+ Jarak | I25: =SUMPRODUCT(Pemasukan!$J:$J,Text(Pemasukan!$D:$D,"mmmm")=I$2,Pemasukan!$F:$F=$B25) -> 0 | J25: =SUMPRODUCT(Pemasukan!$J:$J,Text(Pemasukan!$D:$D,"mmmm")=J$2,Pemasukan!$F:$F=$B25) -> 0 | K25: =SUMPRODUCT(Pemasukan!$J:$J,Text(Pemasukan!$D:$D,"mmmm")=K$2,Pemasukan!$F:$F=$B25) -> 0 | L25: =SUMPRODUCT(Pemasukan!$J:$J,Text(Pemasukan!$D:$D,"mmmm")=L$2,Pemasukan!$F:$F=$B25) -> 0 | M25: =SUMPRODUCT(Pemasukan!$J:$J,Text(Pemasukan!$D:$D,"mmmm")=M$2,Pemasukan!$F:$F=$B25) -> 0 | N25: =SUMPRODUCT(Pemasukan!$J:$J,Text(Pemasukan!$D:$D,"mmmm")=N$2,Pemasukan!$F:$F=$B25) -> 0
B26: Total | C26: =SUM(C8:C24) -> 27905000 | D26: =SUM(D8:D24) -> 14150000 | E26: =SUM(E8:E24) -> 16200000 | F26: =SUM(F8:F24) -> 11850000 | G26: =SUM(G8:G24) -> 13950000 | H26: =SUM(H8:H24) -> 10000000 | I26: =SUM(I8:I24) -> 33690000 | J26: =SUM(J8:J24) -> 35740000 | ... M26: =SUM(M8:M24) -> 22475000 | N26: =SUM(N8:N25) -> 22475000
B28: Pengeluaran
B29: ='⚙️Pengaturan'!E3 -> Beban Gaji Pegawai | C29: =SUMPRODUCT(Pengeluaran!$F:$F,Text(Pengeluaran!$D:$D,"mmmm")=C$2,Pengeluaran!$E:$E=$B29) -> 0 | D29: =SUMPRODUCT(Pengeluaran!$F:$F,Text(Pengeluaran!$D:$D,"mmmm")=D$2,Pengeluaran!$E:$E=$B29) -> 0 | E29: =SUMPRODUCT(Pengeluaran!$F:$F,Text(Pengeluaran!$D:$D,"mmmm")=E$2,Pengeluaran!$E:$E=$B29) -> 0 | F29: =SUMPRODUCT(Pengeluaran!$F:$F,Text(Pengeluaran!$D:$D,"mmmm")=F$2,Pengeluaran!$E:$E=$B29) -> 0 | G29: =SUMPRODUCT(Pengeluaran!$F:$F,Text(Pengeluaran!$D:$D,"mmmm")=G$2,Pengeluaran!$E:$E=$B29) -> 0 | H29: =SUMPRODUCT(Pengeluaran!$F:$F,Text(Pengeluaran!$D:$D,"mmmm")=H$2,Pengeluaran!$E:$E=$B29) -> 0 | I29: =SUMPRODUCT(Pengeluaran!$F:$F,Text(Pengeluaran!$D:$D,"mmmm")=I$2,Pengeluaran!$E:$E=$B29) -> 9779043 | J29: =SUMPRODUCT(Pengeluaran!$F:$F,Text(Pengeluaran!$D:$D,"mmmm")=J$2,Pengeluaran!$E:$E=$B29) -> 11767500 | ... N29: =SUMPRODUCT(Pengeluaran!$F:$F,Text(Pengeluaran!$D:$D,"mmmm")=N$2,Pengeluaran!$E:$E=$B29) -> 9122500
B30: ='⚙️Pengaturan'!E4 -> Beban Listrik | C30: =SUMPRODUCT(Pengeluaran!$F:$F,Text(Pengeluaran!$D:$D,"mmmm")=C$2,Pengeluaran!$E:$E=$B30) -> 402415 | D30: =SUMPRODUCT(Pengeluaran!$F:$F,Text(Pengeluaran!$D:$D,"mmmm")=D$2,Pengeluaran!$E:$E=$B30) -> 0 | E30: =SUMPRODUCT(Pengeluaran!$F:$F,Text(Pengeluaran!$D:$D,"mmmm")=E$2,Pengeluaran!$E:$E=$B30) -> 0 | F30: =SUMPRODUCT(Pengeluaran!$F:$F,Text(Pengeluaran!$D:$D,"mmmm")=F$2,Pengeluaran!$E:$E=$B30) -> 205901 | G30: =SUMPRODUCT(Pengeluaran!$F:$F,Text(Pengeluaran!$D:$D,"mmmm")=G$2,Pengeluaran!$E:$E=$B30) -> 403818 | H30: =SUMPRODUCT(Pengeluaran!$F:$F,Text(Pengeluaran!$D:$D,"mmmm")=H$2,Pengeluaran!$E:$E=$B30) -> 404402 | I30: =SUMPRODUCT(Pengeluaran!$F:$F,Text(Pengeluaran!$D:$D,"mmmm")=I$2,Pengeluaran!$E:$E=$B30) -> 807320 | J30: =SUMPRODUCT(Pengeluaran!$F:$F,Text(Pengeluaran!$D:$D,"mmmm")=J$2,Pengeluaran!$E:$E=$B30) -> 807025 | ... N30: =SUMPRODUCT(Pengeluaran!$F:$F,Text(Pengeluaran!$D:$D,"mmmm")=N$2,Pengeluaran!$E:$E=$B30) -> 709772
B31: ='⚙️Pengaturan'!E5 -> Beban PDAM | C31: =SUMPRODUCT(Pengeluaran!$F:$F,Text(Pengeluaran!$D:$D,"mmmm")=C$2,Pengeluaran!$E:$E=$B31) -> 0 | D31: =SUMPRODUCT(Pengeluaran!$F:$F,Text(Pengeluaran!$D:$D,"mmmm")=D$2,Pengeluaran!$E:$E=$B31) -> 0 | E31: =SUMPRODUCT(Pengeluaran!$F:$F,Text(Pengeluaran!$D:$D,"mmmm")=E$2,Pengeluaran!$E:$E=$B31) -> 0 | F31: =SUMPRODUCT(Pengeluaran!$F:$F,Text(Pengeluaran!$D:$D,"mmmm")=F$2,Pengeluaran!$E:$E=$B31) -> 0 | G31: =SUMPRODUCT(Pengeluaran!$F:$F,Text(Pengeluaran!$D:$D,"mmmm")=G$2,Pengeluaran!$E:$E=$B31) -> 0 | H31: =SUMPRODUCT(Pengeluaran!$F:$F,Text(Pengeluaran!$D:$D,"mmmm")=H$2,Pengeluaran!$E:$E=$B31) -> 0 | I31: =SUMPRODUCT(Pengeluaran!$F:$F,Text(Pengeluaran!$D:$D,"mmmm")=I$2,Pengeluaran!$E:$E=$B31) -> 0 | J31: =SUMPRODUCT(Pengeluaran!$F:$F,Text(Pengeluaran!$D:$D,"mmmm")=J$2,Pengeluaran!$E:$E=$B31) -> 0 | ... N31: =SUMPRODUCT(Pengeluaran!$F:$F,Text(Pengeluaran!$D:$D,"mmmm")=N$2,Pengeluaran!$E:$E=$B31) -> 0
B32: ='⚙️Pengaturan'!E6 -> Beban pemeliharaan bangunan | C32: =SUMPRODUCT(Pengeluaran!$F:$F,Text(Pengeluaran!$D:$D,"mmmm")=C$2,Pengeluaran!$E:$E=$B32) -> 0 | D32: =SUMPRODUCT(Pengeluaran!$F:$F,Text(Pengeluaran!$D:$D,"mmmm")=D$2,Pengeluaran!$E:$E=$B32) -> 0 | E32: =SUMPRODUCT(Pengeluaran!$F:$F,Text(Pengeluaran!$D:$D,"mmmm")=E$2,Pengeluaran!$E:$E=$B32) -> 0 | F32: =SUMPRODUCT(Pengeluaran!$F:$F,Text(Pengeluaran!$D:$D,"mmmm")=F$2,Pengeluaran!$E:$E=$B32) -> 0 | G32: =SUMPRODUCT(Pengeluaran!$F:$F,Text(Pengeluaran!$D:$D,"mmmm")=G$2,Pengeluaran!$E:$E=$B32) -> 35000 | H32: =SUMPRODUCT(Pengeluaran!$F:$F,Text(Pengeluaran!$D:$D,"mmmm")=H$2,Pengeluaran!$E:$E=$B32) -> 35000 | I32: =SUMPRODUCT(Pengeluaran!$F:$F,Text(Pengeluaran!$D:$D,"mmmm")=I$2,Pengeluaran!$E:$E=$B32) -> 50000 | J32: =SUMPRODUCT(Pengeluaran!$F:$F,Text(Pengeluaran!$D:$D,"mmmm")=J$2,Pengeluaran!$E:$E=$B32) -> 45000 | ... N32: =SUMPRODUCT(Pengeluaran!$F:$F,Text(Pengeluaran!$D:$D,"mmmm")=N$2,Pengeluaran!$E:$E=$B32) -> 0
B33: ='⚙️Pengaturan'!E7 -> Beban pemeliharaan peralatan | C33: =SUMPRODUCT(Pengeluaran!$F:$F,Text(Pengeluaran!$D:$D,"mmmm")=C$2,Pengeluaran!$E:$E=$B33) -> 0 | D33: =SUMPRODUCT(Pengeluaran!$F:$F,Text(Pengeluaran!$D:$D,"mmmm")=D$2,Pengeluaran!$E:$E=$B33) -> 0 | E33: =SUMPRODUCT(Pengeluaran!$F:$F,Text(Pengeluaran!$D:$D,"mmmm")=E$2,Pengeluaran!$E:$E=$B33) -> 0 | F33: =SUMPRODUCT(Pengeluaran!$F:$F,Text(Pengeluaran!$D:$D,"mmmm")=F$2,Pengeluaran!$E:$E=$B33) -> 0 | G33: =SUMPRODUCT(Pengeluaran!$F:$F,Text(Pengeluaran!$D:$D,"mmmm")=G$2,Pengeluaran!$E:$E=$B33) -> 660000 | H33: =SUMPRODUCT(Pengeluaran!$F:$F,Text(Pengeluaran!$D:$D,"mmmm")=H$2,Pengeluaran!$E:$E=$B33) -> 123000 | I33: =SUMPRODUCT(Pengeluaran!$F:$F,Text(Pengeluaran!$D:$D,"mmmm")=I$2,Pengeluaran!$E:$E=$B33) -> 0 | J33: =SUMPRODUCT(Pengeluaran!$F:$F,Text(Pengeluaran!$D:$D,"mmmm")=J$2,Pengeluaran!$E:$E=$B33) -> 280000 | ... N33: =SUMPRODUCT(Pengeluaran!$F:$F,Text(Pengeluaran!$D:$D,"mmmm")=N$2,Pengeluaran!$E:$E=$B33) -> 188000
B34: ='⚙️Pengaturan'!E8 -> Beban Konsumsi | C34: =SUMPRODUCT(Pengeluaran!$F:$F,Text(Pengeluaran!$D:$D,"mmmm")=C$2,Pengeluaran!$E:$E=$B34) -> 0 | D34: =SUMPRODUCT(Pengeluaran!$F:$F,Text(Pengeluaran!$D:$D,"mmmm")=D$2,Pengeluaran!$E:$E=$B34) -> 0 | E34: =SUMPRODUCT(Pengeluaran!$F:$F,Text(Pengeluaran!$D:$D,"mmmm")=E$2,Pengeluaran!$E:$E=$B34) -> 0 | F34: =SUMPRODUCT(Pengeluaran!$F:$F,Text(Pengeluaran!$D:$D,"mmmm")=F$2,Pengeluaran!$E:$E=$B34) -> 0 | G34: =SUMPRODUCT(Pengeluaran!$F:$F,Text(Pengeluaran!$D:$D,"mmmm")=G$2,Pengeluaran!$E:$E=$B34) -> 0 | H34: =SUMPRODUCT(Pengeluaran!$F:$F,Text(Pengeluaran!$D:$D,"mmmm")=H$2,Pengeluaran!$E:$E=$B34) -> 0 | I34: =SUMPRODUCT(Pengeluaran!$F:$F,Text(Pengeluaran!$D:$D,"mmmm")=I$2,Pengeluaran!$E:$E=$B34) -> 0 | J34: =SUMPRODUCT(Pengeluaran!$F:$F,Text(Pengeluaran!$D:$D,"mmmm")=J$2,Pengeluaran!$E:$E=$B34) -> 304000 | ... N34: =SUMPRODUCT(Pengeluaran!$F:$F,Text(Pengeluaran!$D:$D,"mmmm")=N$2,Pengeluaran!$E:$E=$B34) -> 0
B35: ='⚙️Pengaturan'!E9 -> Beban acara dan pertemuan | C35: =SUMPRODUCT(Pengeluaran!$F:$F,Text(Pengeluaran!$D:$D,"mmmm")=C$2,Pengeluaran!$E:$E=$B35) -> 0 | D35: =SUMPRODUCT(Pengeluaran!$F:$F,Text(Pengeluaran!$D:$D,"mmmm")=D$2,Pengeluaran!$E:$E=$B35) -> 0 | E35: =SUMPRODUCT(Pengeluaran!$F:$F,Text(Pengeluaran!$D:$D,"mmmm")=E$2,Pengeluaran!$E:$E=$B35) -> 0 | F35: =SUMPRODUCT(Pengeluaran!$F:$F,Text(Pengeluaran!$D:$D,"mmmm")=F$2,Pengeluaran!$E:$E=$B35) -> 0 | G35: =SUMPRODUCT(Pengeluaran!$F:$F,Text(Pengeluaran!$D:$D,"mmmm")=G$2,Pengeluaran!$E:$E=$B35) -> 0 | H35: =SUMPRODUCT(Pengeluaran!$F:$F,Text(Pengeluaran!$D:$D,"mmmm")=H$2,Pengeluaran!$E:$E=$B35) -> 0 | I35: =SUMPRODUCT(Pengeluaran!$F:$F,Text(Pengeluaran!$D:$D,"mmmm")=I$2,Pengeluaran!$E:$E=$B35) -> 0 | J35: =SUMPRODUCT(Pengeluaran!$F:$F,Text(Pengeluaran!$D:$D,"mmmm")=J$2,Pengeluaran!$E:$E=$B35) -> 0 | ... N35: =SUMPRODUCT(Pengeluaran!$F:$F,Text(Pengeluaran!$D:$D,"mmmm")=N$2,Pengeluaran!$E:$E=$B35) -> 0
B36: ='⚙️Pengaturan'!E10 -> Beban Rapat | C36: =SUMPRODUCT(Pengeluaran!$F:$F,Text(Pengeluaran!$D:$D,"mmmm")=C$2,Pengeluaran!$E:$E=$B36) -> 30000 | D36: =SUMPRODUCT(Pengeluaran!$F:$F,Text(Pengeluaran!$D:$D,"mmmm")=D$2,Pengeluaran!$E:$E=$B36) -> 0 | E36: =SUMPRODUCT(Pengeluaran!$F:$F,Text(Pengeluaran!$D:$D,"mmmm")=E$2,Pengeluaran!$E:$E=$B36) -> 0 | F36: =SUMPRODUCT(Pengeluaran!$F:$F,Text(Pengeluaran!$D:$D,"mmmm")=F$2,Pengeluaran!$E:$E=$B36) -> 0 | G36: =SUMPRODUCT(Pengeluaran!$F:$F,Text(Pengeluaran!$D:$D,"mmmm")=G$2,Pengeluaran!$E:$E=$B36) -> 0 | H36: =SUMPRODUCT(Pengeluaran!$F:$F,Text(Pengeluaran!$D:$D,"mmmm")=H$2,Pengeluaran!$E:$E=$B36) -> 60000 | I36: =SUMPRODUCT(Pengeluaran!$F:$F,Text(Pengeluaran!$D:$D,"mmmm")=I$2,Pengeluaran!$E:$E=$B36) -> 0 | J36: =SUMPRODUCT(Pengeluaran!$F:$F,Text(Pengeluaran!$D:$D,"mmmm")=J$2,Pengeluaran!$E:$E=$B36) -> 0 | ... N36: =SUMPRODUCT(Pengeluaran!$F:$F,Text(Pengeluaran!$D:$D,"mmmm")=N$2,Pengeluaran!$E:$E=$B36) -> 15000
B37: ='⚙️Pengaturan'!E11 -> Beban Telepon dan Internet | C37: =SUMPRODUCT(Pengeluaran!$F:$F,Text(Pengeluaran!$D:$D,"mmmm")=C$2,Pengeluaran!$E:$E=$B37) -> 27000 | D37: =SUMPRODUCT(Pengeluaran!$F:$F,Text(Pengeluaran!$D:$D,"mmmm")=D$2,Pengeluaran!$E:$E=$B37) -> 0 | E37: =SUMPRODUCT(Pengeluaran!$F:$F,Text(Pengeluaran!$D:$D,"mmmm")=E$2,Pengeluaran!$E:$E=$B37) -> 0 | F37: =SUMPRODUCT(Pengeluaran!$F:$F,Text(Pengeluaran!$D:$D,"mmmm")=F$2,Pengeluaran!$E:$E=$B37) -> 0 | G37: =SUMPRODUCT(Pengeluaran!$F:$F,Text(Pengeluaran!$D:$D,"mmmm")=G$2,Pengeluaran!$E:$E=$B37) -> 27000 | H37: =SUMPRODUCT(Pengeluaran!$F:$F,Text(Pengeluaran!$D:$D,"mmmm")=H$2,Pengeluaran!$E:$E=$B37) -> 0 | I37: =SUMPRODUCT(Pengeluaran!$F:$F,Text(Pengeluaran!$D:$D,"mmmm")=I$2,Pengeluaran!$E:$E=$B37) -> 27000 | J37: =SUMPRODUCT(Pengeluaran!$F:$F,Text(Pengeluaran!$D:$D,"mmmm")=J$2,Pengeluaran!$E:$E=$B37) -> 0 | ... N37: =SUMPRODUCT(Pengeluaran!$F:$F,Text(Pengeluaran!$D:$D,"mmmm")=N$2,Pengeluaran!$E:$E=$B37) -> 0
B38: ='⚙️Pengaturan'!E12 -> Beban Jasa | C38: =SUMPRODUCT(Pengeluaran!$F:$F,Text(Pengeluaran!$D:$D,"mmmm")=C$2,Pengeluaran!$E:$E=$B38) -> 0 | D38: =SUMPRODUCT(Pengeluaran!$F:$F,Text(Pengeluaran!$D:$D,"mmmm")=D$2,Pengeluaran!$E:$E=$B38) -> 0 | E38: =SUMPRODUCT(Pengeluaran!$F:$F,Text(Pengeluaran!$D:$D,"mmmm")=E$2,Pengeluaran!$E:$E=$B38) -> 0 | F38: =SUMPRODUCT(Pengeluaran!$F:$F,Text(Pengeluaran!$D:$D,"mmmm")=F$2,Pengeluaran!$E:$E=$B38) -> 0 | G38: =SUMPRODUCT(Pengeluaran!$F:$F,Text(Pengeluaran!$D:$D,"mmmm")=G$2,Pengeluaran!$E:$E=$B38) -> 0 | H38: =SUMPRODUCT(Pengeluaran!$F:$F,Text(Pengeluaran!$D:$D,"mmmm")=H$2,Pengeluaran!$E:$E=$B38) -> 0 | I38: =SUMPRODUCT(Pengeluaran!$F:$F,Text(Pengeluaran!$D:$D,"mmmm")=I$2,Pengeluaran!$E:$E=$B38) -> 0 | J38: =SUMPRODUCT(Pengeluaran!$F:$F,Text(Pengeluaran!$D:$D,"mmmm")=J$2,Pengeluaran!$E:$E=$B38) -> 0 | ... N38: =SUMPRODUCT(Pengeluaran!$F:$F,Text(Pengeluaran!$D:$D,"mmmm")=N$2,Pengeluaran!$E:$E=$B38) -> 0
B39: ='⚙️Pengaturan'!E13 -> Beban Promosi | C39: =SUMPRODUCT(Pengeluaran!$F:$F,Text(Pengeluaran!$D:$D,"mmmm")=C$2,Pengeluaran!$E:$E=$B39) -> 0 | D39: =SUMPRODUCT(Pengeluaran!$F:$F,Text(Pengeluaran!$D:$D,"mmmm")=D$2,Pengeluaran!$E:$E=$B39) -> 0 | E39: =SUMPRODUCT(Pengeluaran!$F:$F,Text(Pengeluaran!$D:$D,"mmmm")=E$2,Pengeluaran!$E:$E=$B39) -> 0 | F39: =SUMPRODUCT(Pengeluaran!$F:$F,Text(Pengeluaran!$D:$D,"mmmm")=F$2,Pengeluaran!$E:$E=$B39) -> 0 | G39: =SUMPRODUCT(Pengeluaran!$F:$F,Text(Pengeluaran!$D:$D,"mmmm")=G$2,Pengeluaran!$E:$E=$B39) -> 215000 | H39: =SUMPRODUCT(Pengeluaran!$F:$F,Text(Pengeluaran!$D:$D,"mmmm")=H$2,Pengeluaran!$E:$E=$B39) -> 0 | I39: =SUMPRODUCT(Pengeluaran!$F:$F,Text(Pengeluaran!$D:$D,"mmmm")=I$2,Pengeluaran!$E:$E=$B39) -> 134000 | J39: =SUMPRODUCT(Pengeluaran!$F:$F,Text(Pengeluaran!$D:$D,"mmmm")=J$2,Pengeluaran!$E:$E=$B39) -> 443500 | ... N39: =SUMPRODUCT(Pengeluaran!$F:$F,Text(Pengeluaran!$D:$D,"mmmm")=N$2,Pengeluaran!$E:$E=$B39) -> 95000
B40: ='⚙️Pengaturan'!E14 -> Beban Hutang Bank | C40: =SUMPRODUCT(Pengeluaran!$F:$F,Text(Pengeluaran!$D:$D,"mmmm")=C$2,Pengeluaran!$E:$E=$B40) -> 0 | D40: =SUMPRODUCT(Pengeluaran!$F:$F,Text(Pengeluaran!$D:$D,"mmmm")=D$2,Pengeluaran!$E:$E=$B40) -> 0 | E40: =SUMPRODUCT(Pengeluaran!$F:$F,Text(Pengeluaran!$D:$D,"mmmm")=E$2,Pengeluaran!$E:$E=$B40) -> 0 | F40: =SUMPRODUCT(Pengeluaran!$F:$F,Text(Pengeluaran!$D:$D,"mmmm")=F$2,Pengeluaran!$E:$E=$B40) -> 0 | G40: =SUMPRODUCT(Pengeluaran!$F:$F,Text(Pengeluaran!$D:$D,"mmmm")=G$2,Pengeluaran!$E:$E=$B40) -> 0 | H40: =SUMPRODUCT(Pengeluaran!$F:$F,Text(Pengeluaran!$D:$D,"mmmm")=H$2,Pengeluaran!$E:$E=$B40) -> 0 | I40: =SUMPRODUCT(Pengeluaran!$F:$F,Text(Pengeluaran!$D:$D,"mmmm")=I$2,Pengeluaran!$E:$E=$B40) -> 0 | J40: =SUMPRODUCT(Pengeluaran!$F:$F,Text(Pengeluaran!$D:$D,"mmmm")=J$2,Pengeluaran!$E:$E=$B40) -> 0 | ... N40: =SUMPRODUCT(Pengeluaran!$F:$F,Text(Pengeluaran!$D:$D,"mmmm")=N$2,Pengeluaran!$E:$E=$B40) -> 0
B41: ='⚙️Pengaturan'!E15 -> Beban Pelayanan Dewasa | F41: =SUMPRODUCT(Pengeluaran!$F:$F,Text(Pengeluaran!$D:$D,"mmmm")=F$2,Pengeluaran!$E:$E=$B41) -> 38000 | I41: =SUMPRODUCT(Pengeluaran!$F:$F,Text(Pengeluaran!$D:$D,"mmmm")=I$2,Pengeluaran!$E:$E=$B41) -> 561000 | J41: =SUMPRODUCT(Pengeluaran!$F:$F,Text(Pengeluaran!$D:$D,"mmmm")=J$2,Pengeluaran!$E:$E=$B41) -> 790500 | K41: =SUMPRODUCT(Pengeluaran!$F:$F,Text(Pengeluaran!$D:$D,"mmmm")=K$2,Pengeluaran!$E:$E=$B41) -> 1054351 | L41: =SUMPRODUCT(Pengeluaran!$F:$F,Text(Pengeluaran!$D:$D,"mmmm")=L$2,Pengeluaran!$E:$E=$B41) -> 692600 | M41: =SUMPRODUCT(Pengeluaran!$F:$F,Text(Pengeluaran!$D:$D,"mmmm")=M$2,Pengeluaran!$E:$E=$B41) -> 220000 | N41: =SUMPRODUCT(Pengeluaran!$F:$F,Text(Pengeluaran!$D:$D,"mmmm")=N$2,Pengeluaran!$E:$E=$B41) -> 637600
B42: ='⚙️Pengaturan'!E16 -> Beban Pelayanan Anak | F42: =SUMPRODUCT(Pengeluaran!$F:$F,Text(Pengeluaran!$D:$D,"mmmm")=F$2,Pengeluaran!$E:$E=$B42) -> 0 | I42: =SUMPRODUCT(Pengeluaran!$F:$F,Text(Pengeluaran!$D:$D,"mmmm")=I$2,Pengeluaran!$E:$E=$B42) -> 11500 | J42: =SUMPRODUCT(Pengeluaran!$F:$F,Text(Pengeluaran!$D:$D,"mmmm")=J$2,Pengeluaran!$E:$E=$B42) -> 0 | K42: =SUMPRODUCT(Pengeluaran!$F:$F,Text(Pengeluaran!$D:$D,"mmmm")=K$2,Pengeluaran!$E:$E=$B42) -> 0 | L42: =SUMPRODUCT(Pengeluaran!$F:$F,Text(Pengeluaran!$D:$D,"mmmm")=L$2,Pengeluaran!$E:$E=$B42) -> 0 | M42: =SUMPRODUCT(Pengeluaran!$F:$F,Text(Pengeluaran!$D:$D,"mmmm")=M$2,Pengeluaran!$E:$E=$B42) -> 0 | N42: =SUMPRODUCT(Pengeluaran!$F:$F,Text(Pengeluaran!$D:$D,"mmmm")=N$2,Pengeluaran!$E:$E=$B42) -> 0
B43: ='⚙️Pengaturan'!E17 -> Beban HPP Anak | F43: =SUMPRODUCT(Pengeluaran!$F:$F,Text(Pengeluaran!$D:$D,"mmmm")=F$2,Pengeluaran!$E:$E=$B43) -> 0 | I43: =SUMPRODUCT(Pengeluaran!$F:$F,Text(Pengeluaran!$D:$D,"mmmm")=I$2,Pengeluaran!$E:$E=$B43) -> 0 | J43: =SUMPRODUCT(Pengeluaran!$F:$F,Text(Pengeluaran!$D:$D,"mmmm")=J$2,Pengeluaran!$E:$E=$B43) -> 0 | K43: =SUMPRODUCT(Pengeluaran!$F:$F,Text(Pengeluaran!$D:$D,"mmmm")=K$2,Pengeluaran!$E:$E=$B43) -> 0 | L43: =SUMPRODUCT(Pengeluaran!$F:$F,Text(Pengeluaran!$D:$D,"mmmm")=L$2,Pengeluaran!$E:$E=$B43) -> 0 | M43: =SUMPRODUCT(Pengeluaran!$F:$F,Text(Pengeluaran!$D:$D,"mmmm")=M$2,Pengeluaran!$E:$E=$B43) -> 0 | N43: =SUMPRODUCT(Pengeluaran!$F:$F,Text(Pengeluaran!$D:$D,"mmmm")=N$2,Pengeluaran!$E:$E=$B43) -> 0
B44: ='⚙️Pengaturan'!E18 -> Beban HPP Dewasa | F44: =SUMPRODUCT(Pengeluaran!$F:$F,Text(Pengeluaran!$D:$D,"mmmm")=F$2,Pengeluaran!$E:$E=$B44) -> 0 | I44: =SUMPRODUCT(Pengeluaran!$F:$F,Text(Pengeluaran!$D:$D,"mmmm")=I$2,Pengeluaran!$E:$E=$B44) -> 0 | J44: =SUMPRODUCT(Pengeluaran!$F:$F,Text(Pengeluaran!$D:$D,"mmmm")=J$2,Pengeluaran!$E:$E=$B44) -> 0 | K44: =SUMPRODUCT(Pengeluaran!$F:$F,Text(Pengeluaran!$D:$D,"mmmm")=K$2,Pengeluaran!$E:$E=$B44) -> 0 | L44: =SUMPRODUCT(Pengeluaran!$F:$F,Text(Pengeluaran!$D:$D,"mmmm")=L$2,Pengeluaran!$E:$E=$B44) -> 0 | M44: =SUMPRODUCT(Pengeluaran!$F:$F,Text(Pengeluaran!$D:$D,"mmmm")=M$2,Pengeluaran!$E:$E=$B44) -> 0 | N44: =SUMPRODUCT(Pengeluaran!$F:$F,Text(Pengeluaran!$D:$D,"mmmm")=N$2,Pengeluaran!$E:$E=$B44) -> 0
B45: ='⚙️Pengaturan'!E19 -> Beban Kebersihan | F45: =SUMPRODUCT(Pengeluaran!$F:$F,Text(Pengeluaran!$D:$D,"mmmm")=F$2,Pengeluaran!$E:$E=$B45) -> 102000 | I45: =SUMPRODUCT(Pengeluaran!$F:$F,Text(Pengeluaran!$D:$D,"mmmm")=I$2,Pengeluaran!$E:$E=$B45) -> 131300 | J45: =SUMPRODUCT(Pengeluaran!$F:$F,Text(Pengeluaran!$D:$D,"mmmm")=J$2,Pengeluaran!$E:$E=$B45) -> 56000 | K45: =SUMPRODUCT(Pengeluaran!$F:$F,Text(Pengeluaran!$D:$D,"mmmm")=K$2,Pengeluaran!$E:$E=$B45) -> 49500 | L45: =SUMPRODUCT(Pengeluaran!$F:$F,Text(Pengeluaran!$D:$D,"mmmm")=L$2,Pengeluaran!$E:$E=$B45) -> 254600 | M45: =SUMPRODUCT(Pengeluaran!$F:$F,Text(Pengeluaran!$D:$D,"mmmm")=M$2,Pengeluaran!$E:$E=$B45) -> 120100 | N45: =SUMPRODUCT(Pengeluaran!$F:$F,Text(Pengeluaran!$D:$D,"mmmm")=N$2,Pengeluaran!$E:$E=$B45) -> 113500
B46: ='⚙️Pengaturan'!E20 -> Beban ATK | F46: =SUMPRODUCT(Pengeluaran!$F:$F,Text(Pengeluaran!$D:$D,"mmmm")=F$2,Pengeluaran!$E:$E=$B46) -> 201480 | I46: =SUMPRODUCT(Pengeluaran!$F:$F,Text(Pengeluaran!$D:$D,"mmmm")=I$2,Pengeluaran!$E:$E=$B46) -> 130100 | J46: =SUMPRODUCT(Pengeluaran!$F:$F,Text(Pengeluaran!$D:$D,"mmmm")=J$2,Pengeluaran!$E:$E=$B46) -> 79500 | K46: =SUMPRODUCT(Pengeluaran!$F:$F,Text(Pengeluaran!$D:$D,"mmmm")=K$2,Pengeluaran!$E:$E=$B46) -> 113000 | L46: =SUMPRODUCT(Pengeluaran!$F:$F,Text(Pengeluaran!$D:$D,"mmmm")=L$2,Pengeluaran!$E:$E=$B46) -> 27500 | M46: =SUMPRODUCT(Pengeluaran!$F:$F,Text(Pengeluaran!$D:$D,"mmmm")=M$2,Pengeluaran!$E:$E=$B46) -> 283000 | N46: =SUMPRODUCT(Pengeluaran!$F:$F,Text(Pengeluaran!$D:$D,"mmmm")=N$2,Pengeluaran!$E:$E=$B46) -> 5000
B47: ='⚙️Pengaturan'!E21 -> Beban Parkir | F47: =SUMPRODUCT(Pengeluaran!$F:$F,Text(Pengeluaran!$D:$D,"mmmm")=F$2,Pengeluaran!$E:$E=$B47) -> 18900 | I47: =SUMPRODUCT(Pengeluaran!$F:$F,Text(Pengeluaran!$D:$D,"mmmm")=I$2,Pengeluaran!$E:$E=$B47) -> 2000 | J47: =SUMPRODUCT(Pengeluaran!$F:$F,Text(Pengeluaran!$D:$D,"mmmm")=J$2,Pengeluaran!$E:$E=$B47) -> 0 | K47: =SUMPRODUCT(Pengeluaran!$F:$F,Text(Pengeluaran!$D:$D,"mmmm")=K$2,Pengeluaran!$E:$E=$B47) -> 0 | L47: =SUMPRODUCT(Pengeluaran!$F:$F,Text(Pengeluaran!$D:$D,"mmmm")=L$2,Pengeluaran!$E:$E=$B47) -> 0 | M47: =SUMPRODUCT(Pengeluaran!$F:$F,Text(Pengeluaran!$D:$D,"mmmm")=M$2,Pengeluaran!$E:$E=$B47) -> 2000 | N47: =SUMPRODUCT(Pengeluaran!$F:$F,Text(Pengeluaran!$D:$D,"mmmm")=N$2,Pengeluaran!$E:$E=$B47) -> 0
B48: ='⚙️Pengaturan'!E22 | F48: =SUMPRODUCT(Pengeluaran!$F:$F,Text(Pengeluaran!$D:$D,"mmmm")=F$2,Pengeluaran!$E:$E=$B48) -> 0 | I48: =SUMPRODUCT(Pengeluaran!$F:$F,Text(Pengeluaran!$D:$D,"mmmm")=I$2,Pengeluaran!$E:$E=$B48) -> 0 | J48: =SUMPRODUCT(Pengeluaran!$F:$F,Text(Pengeluaran!$D:$D,"mmmm")=J$2,Pengeluaran!$E:$E=$B48) -> 0 | K48: =SUMPRODUCT(Pengeluaran!$F:$F,Text(Pengeluaran!$D:$D,"mmmm")=K$2,Pengeluaran!$E:$E=$B48) -> 0 | L48: =SUMPRODUCT(Pengeluaran!$F:$F,Text(Pengeluaran!$D:$D,"mmmm")=L$2,Pengeluaran!$E:$E=$B48) -> 0 | M48: =SUMPRODUCT(Pengeluaran!$F:$F,Text(Pengeluaran!$D:$D,"mmmm")=M$2,Pengeluaran!$E:$E=$B48) -> 0 | N48: =SUMPRODUCT(Pengeluaran!$F:$F,Text(Pengeluaran!$D:$D,"mmmm")=N$2,Pengeluaran!$E:$E=$B48) -> 0
B49: ='⚙️Pengaturan'!E23 | F49: =SUMPRODUCT(Pengeluaran!$F:$F,Text(Pengeluaran!$D:$D,"mmmm")=F$2,Pengeluaran!$E:$E=$B49) -> 0 | I49: =SUMPRODUCT(Pengeluaran!$F:$F,Text(Pengeluaran!$D:$D,"mmmm")=I$2,Pengeluaran!$E:$E=$B49) -> 0 | J49: =SUMPRODUCT(Pengeluaran!$F:$F,Text(Pengeluaran!$D:$D,"mmmm")=J$2,Pengeluaran!$E:$E=$B49) -> 0 | K49: =SUMPRODUCT(Pengeluaran!$F:$F,Text(Pengeluaran!$D:$D,"mmmm")=K$2,Pengeluaran!$E:$E=$B49) -> 0 | L49: =SUMPRODUCT(Pengeluaran!$F:$F,Text(Pengeluaran!$D:$D,"mmmm")=L$2,Pengeluaran!$E:$E=$B49) -> 0 | M49: =SUMPRODUCT(Pengeluaran!$F:$F,Text(Pengeluaran!$D:$D,"mmmm")=M$2,Pengeluaran!$E:$E=$B49) -> 0 | N49: =SUMPRODUCT(Pengeluaran!$F:$F,Text(Pengeluaran!$D:$D,"mmmm")=N$2,Pengeluaran!$E:$E=$B49) -> 0
B50: Total | C50: =SUM(C29:C40) -> 459415 | D50: =SUM(D29:D40) -> 0 | E50: =SUM(E29:E40) -> 0 | F50: =SUM(F29:F40) -> 205901 | G50: =SUM(G29:G40) -> 1340818 | H50: =SUM(H29:H40) -> 622402 | I50: =SUM(I29:I49) -> 11633263 | J50: =SUM(J29:J49) -> 14573025 | K50: =SUM(K29:K49) -> 12652475 | L50: =SUM(L29:L49) -> 14503161 | M50: =SUM(M29:M49) -> 13222833 | N50: =SUM(N29:N49) -> 10886372
B52: Laporan Laba Rugi
B53: Laba Sebelum Pajak | C53: =C26-C50 -> 27445585 | D53: =D26-D50 -> 14150000 | E53: =E26-E50 -> 16200000 | F53: =F26-F50 -> 11644099 | G53: =G26-G50 -> 12609182 | H53: =H26-H50 -> 9377598 | I53: =I26-I50 -> 22056737 | J53: =J26-J50 -> 21166975 | ... N53: =N26-N50 -> 11588628
B54: Pajak
B55: Laba Bersih | C55: =C53-C54 -> 27445585 | D55: =D53-D54 -> 14150000 | E55: =E53-E54 -> 16200000 | F55: =F53-F54 -> 11644099 | G55: =G53-G54 -> 12609182 | H55: =H53-H54 -> 9377598 | I55: =I53-I54 -> 22056737 | J55: =J53-J54 -> 21166975 | ... N55: =N53-N54 -> 11588628 | O55: =SUM(I55:N56) -> 101138871

Sheet ⚙️Pengaturan
B2: Nama Usaha | C2: Jenis Pemeriksaan / Obat | D2: Harga Paket Pemeriksaan | E2: Jenis Pengeluaran | F2: Pembayaran
B3: Fisioterapi Gang Sehat Singkawang | C3: New Paket Terapi 1 | D3: 750000 | E3: Beban Gaji Pegawai | F3: TRF
C4: New Paket Terapi 2 | D4: 1400000 | E4: Beban Listrik | F4: TUNAI
C5: New Paket Terapi 3 | D5: 1300000 | E5: Beban PDAM
C6: New Sesi Terapi | D6: 175000 | E6: Beban pemeliharaan bangunan
C7: New Sesi terapi Homevisit | D7: 225000 | E7: Beban pemeliharaan peralatan
C8: New Sesi terapi Homevisit + Jarak | D8: 275000 | E8: Beban Konsumsi
C9: New Paket Terapi Homevisit | D9: 2000000 | E9: Beban acara dan pertemuan
C10: New Paket Terapi Homevisit+ Jarak | D10: 2050000 | E10: Beban Rapat
C11: Terapi Awal | D11: 250000 | E11: Beban Telepon dan Internet
C12: Paket Terapi 1 | D12: 650000 | E12: Beban Jasa
C13: Paket Terapi 2 | D13: 1200000 | E13: Beban Promosi
C14: Sesi Terapi | D14: 150000 | E14: Beban Hutang Bank
C15: Terapi Awal Homevisit | D15: 300000 | E15: Beban Pelayanan Dewasa
C16: Terapi Awal Homevisit + Jarak | D16: 350000 | E16: Beban Pelayanan Anak
... C20: Paket Terapi Homevisit+ Jarak | D20: 2300000 | E20: Beban ATK
E21: Beban Parkir
