Workbook
Name ANDI: 'JADWAL TERAPI'!$B$14:$H$17
Name NISA: #REF!
Name HESTI: #REF!
Name DANRU: #REF!
Name RIA: #REF!
Name RentangBernama1: #REF!
Name DANI: 'JADWAL TERAPI'!$B$4:$H$7
Name NADA: #REF!

Sheet LIST
A1: Suci | C1: ARDIAN KASPARI | D1: 09.00 | E1: CNS
A2: Susi | C2: DANIEL ALVES | D2: 10.00 | E2: PNS
A3: Mia | D3: 11.00
B4: ECY | C4: DIAS RIANSYAH | D4: 12.00 | E4: NECK
B5: EDO | C5: EKO JULIANTO | D5: 13.00 | E5: SHOULDER
B6: LULU | C6: FILIPPO INZAGHI | D6: 14.00 | E6: UPPER ARM
B7: RIA | C7: IQBAL ALIEFIAN | D7: 15.00 | E7: ELBOW
B8: IRMA | C8: JOKO PRASETIYO | D8: 16.00 | E8: LOWER ARM
B9: VIRA | C9: M. FAJRIYAN | D9: 17.00 | E9: WRIST
B10: TIA | C10: M. NIZAR | E10: HAND
B11: IIS | C11: MARCUS GAVA | E11: UPPER BACK
B12: NISA | C12: MARVIN ALEXA | E12: LOWER BACK
B13: FALLEN | C13: NASYUA RAVA | E13: PELVIC
B14: IRA | C14: RAMA REDONI | E14: HIP
C15: REFANI PUTRA | E15: THIGH
C16: ROMI HUMANDRI | E16: KNEE
C17: SANUSI | E17: CALF
C18: SYAHRIL RIYANTO | E18: ANKLE
C19: THIFAAL RAFIF | E19: FOOT
C20: WANDY KURNIAWAN | E20: SYSTEMIC
C21: YUDI PRIYATNA | E21: POSTURE

Sheet INPUTAN PASIEN
B1: Timestamp | C1: Tanggal | D1: Nama Anak | E1: Nama Panggilan | F1: No. RM | G1: Tanggal Lahir | H1: Usia | I1: Jenis Kelamin | J1: Keluhan | K1: Agama | L1: Nama Ibu | M1: Pekerjaan Ibu | N1: Nama Ayah | O1: Pekerjaan Ayah | P1: Alamat | Q1: Kel./Desa | R1: Kecamatan | S1: Kab./Kota | T1: Provinsi | U1: No. WA | V1: Sumber Pasien
B2: 45090.432 | D2: KHALID IBRAHIM AL KAHFI | G2: 44042 | I2: LAKI-LAKI | J2: FISIOTERAPI MOTORIK | K2: ISLAM | L2: DINDA FIRLIANSARI | M2: IBU RUMAH TANGGA | U2: 082231905665
B3: 45090.855 | D3: Muhammad Ammar | G3: 44128 | I3: LAKI-LAKI | J3: SENSORIK INTEGRASI & TERAPI WICARA | K3: ISLAM | L3: Nadya Ulfa | M3: Ibu Rumah Tangga | U3: 081328347009/0895702479833
B4: 45090.857 | D4: Rifqi Syafiq Syahputra | G4: 43060 | I4: LAKI-LAKI | J4: FISIOTERAPI | K4: ISLAM | L4: Desy Ariani Nasution | M4: ASN | U4: 08115706881
B5: 45090.857 | D5: Jordan Gabrian | G5: 43780 | I5: LAKI-LAKI | J5: SENSORIK INTEGRASI & TERAPI WICARA | K5: PROTESTAN | L5: Lia Andriani | M5: Ibu rumah tangga | U5: 089622447016
B6: 45090.857 | D6: Arsya khairul fatih | G6: 44172 | I6: LAKI-LAKI | J6: TERAPI WICARA | K6: ISLAM | L6: Deasy novita sari | M6: Ibu rumah tangga | U6: 085658366269
B7: 45090.857 | D7: Raisya Rahma Syahira | G7: 43853 | I7: PEREMPUAN | J7: FISIOTERAPI | K7: ISLAM | L7: Desy Ariani Nasution | M7: ASN | U7: 08115706881
B8: 45090.862 | D8: AHMAD LATIF SAFULLAH | G8: 39847 | I8: LAKI-LAKI | J8: FISIOTERAPI | K8: ISLAM | L8: DARWANTI | M8: IBU RUMAH TANGGA | U8: 082252116339
B9: 45090.862 | D9: Khalid ibrahim al kahfi | G9: 44042 | I9: LAKI-LAKI | J9: FISIOTERAPI | K9: ISLAM | L9: Dinda firliansari | M9: IRT | U9: 082231905665
B10: 45090.863 | D10: DAVID CHRISTIAN | G10: 43515 | I10: LAKI-LAKI | J10: SENSORIK INTEGRASI & TERAPI WICARA | K10: PROTESTAN | L10: DESSY | M10: WIRASWASTA | U10: 085248068221
B11: 45090.864 | D11: CELINE ZOEY HEARTILLY | G11: 43431 | I11: PEREMPUAN | J11: SENSORIK INTEGRASI & TERAPI WICARA | K11: BUDDHA | L11: SYLVIA VERONIKA | M11: IBU RUMAH TANGGA | U11: 085245070077
B12: 45090.868 | D12: Kenzo Alfa As-siddiq | G12: 44219 | I12: LAKI-LAKI | J12: TERAPI WICARA | K12: ISLAM | L12: Tara Chairunisa | M12: Guru | U12: 081362524442
B13: 45090.869 | D13: RAYYA FATIHAH RAZAANA | G13: 41379 | I13: PEREMPUAN | J13: FISIOTERAPI | K13: ISLAM | L13: EVA NOVIANTI HESTI VERA | M13: PNS | U13: 08152234183
... B58: 45160.417 | D58: Jasper Gabriel | G58: 43039 | I58: LAKI-LAKI | J58: SENSORIK INTEGRASI & TERAPI WICARA | K58: PROTESTAN | L58: Yenny | M58: Ibu rumah tangga | U58: 081917142519
B59: 45171.735 | D59: FAYK KAIVAN SERGUERO | G59: 44719 | I59: LAKI-LAKI | J59: BANYAK OMONG | K59: ISLAM | L59: ETRI YULIA ANDINI | M59: IRT | N59: DANI FAHRIZAL | O59: SWASTA | P59: JL. P. H. HUSIN 2 GG. WISUDA NO. 23A | U59: 082158963663
B60: 45171.744 | D60: AHMAD SYAKIR | G60: 44794 | I60: LAKI-LAKI | J60: PILEK BATUK | K60: ISLAM | L60: IRMA RISKIMA | M60: SWASTA | N60: SYEKH ARPI | O60: WIRAUSAHA | P60: JALAN ARTERI SUPADIO CABANG KIRI | U60: 08981380248
B61: 45172.594 | D61: RAINA AISYAH SUPRIADI | G61: 41412 | I61: PEREMPUAN | J61: CP | K61: ISLAM | L61: KARTINI APRILYANI | M61: IBU RUMAH TANGGA | N61: DENNY SUPRIADI | O61: PNS | P61: JL.PEMDA KOMP.GRIYA MAYOR A.26 | U61: 082353828426
B62: 45172.598 | D62: RAISSA FATIMAH SUPRIADI | G62: 41412 | I62: PEREMPUAN | J62: CP | K62: ISLAM | L62: KARTINI APRILYANI | M62: IBU RUMAH TANGGA | N62: DENNY SUPRIADI | O62: PNS | P62: JL.PEMDA.KOMP GRIYA MAYOR A.26 | U62: 082353828426
B63: 45172.598 | D63: RAINA AISYAH SUPRIADI | G63: 41412 | I63: PEREMPUAN | J63: CP | K63: ISLAM | L63: KARTINI APRILYANI | M63: IBU RUMAH TANGGA | N63: DENNY SUPRIADI | O63: PNS | P63: JL.PEMDA KOMP.GRIYA MAYOR A.26 | U63: 082353828426
B64: 45172.602 | D64: Syarif Muhammad Alfateh | G64: 44196 | I64: LAKI-LAKI | J64: Sering kaget, sesak saat malam hari karena lendir sehingga pola tidur berubah | K64: ISLAM | L64: Syarifah Fifi Mariani Alkadrie | M64: Honorer | N64: SY. Adhy | O64: Karyawan swasta | P64: Jalan Tritura No. 10 Kel. Dalam Bugis Kec. Pontianak timur | U64: 085754395905
B65: 45173.726 | D65: Muhammad Azzam Aco | G65: 42627 | I65: LAKI-LAKI | J65: Lambat bicara diagnosa dr ADHD | K65: ISLAM | L65: Ira nia | M65: Ibu rumah tangga | N65: Maman Aco | O65: Buruh harian lepas | P65: Jalan Kom Yos Sudarso gang alpokat indah, jalur 0 | U65: 081255816909
B66: 45173.727 | D66: Elzevarel Zerkha Azarya | G66: 44426 | I66: LAKI-LAKI | J66: SPEECH DELAY | K66: PROTESTAN | L66: Krisyesika | M66: Dosen | N66: Eben Heizer | O66: Wiraswasta | P66: Jln. Trans Kalimantan Gg. Budaya No. 1 | U66: 085346807788
B67: 45173.731 | D67: Amir Syakir | G67: 43364 | I67: LAKI-LAKI | J67: Tidak fokus | K67: ISLAM | L67: Wahyuli Astuti | M67: Ibu rumah tangga | N67: Suwardi | O67: Karyawan swasta | P67: Jl komyo sudarso gg srikaya 2 no 19 | U67: 082148665510
B68: 45173.733 | D68: Muhammad Zafran Maerad | G68: 44264 | I68: LAKI-LAKI | J68: speach delay | K68: ISLAM | L68: Dewi Sulistianingsih | M68: Karyawan Swasta | N68: Hafitdin | O68: Karyawan Swasta | P68: Jl M Sohor Gg Sederhana | U68: 08998092083
B69: 45173.739 | D69: Marcello | G69: 43931 | I69: LAKI-LAKI | J69: telat bicara | K69: BUDDHA | L69: Hie fui na | M69: ibu rumah tangga | N69: Pet ho | O69: wiraswasta | P69: jl nawawi hasan 3 no 342 | U69: 082158815530
B70: 45173.742 | D70: AZQEEYA ELNARA RACAISHA | G70: 44268 | I70: PEREMPUAN | J70: SPEECH DELAY | K70: ISLAM | L70: URAY YUCA ERGAIASHA | M70: IRT | N70: RAHMAT RAZULY HIDAYAT | O70: SWASTA | P70: JL. KARYA KOMP. FAJAR ASRI 3 A-28 | U70: 08982292556
... B169: 45288.409 | D169: Imran hanif pribadi | G169: 33762 | I169: LAKI-LAKI | J169: Add | K169: ISLAM | L169: Eni dian pertiwi | M169: Ibu rumah tangga | N169: Citra teguh iman pribadi | O169: Pegawai swasta | P169: Jalan wonobaru gg remaja 2 no 30 | U169: 082139121261
B170: 45293.501 | D170: FAYK KAIVAN SERGUERO | G170: 44719 | I170: LAKI-LAKI | J170: BANYAK OMONG | K170: ISLAM | L170: ETRI YULIA ANDINI | M170: IBU RUMAH TANGGA | N170: DANI FAHRIZAL | O170: TENAGA KESEHATAN | P170: JL. P. H. HUSIN 2 GG.WISUDA NO. 23A | Q170: BANGKA BELITUNG DARAT | R170: PONTIANAK TENGGARA | S170: PONTIANAK | T170: KALIMANTAN BARAT | U170: 081333668688
B171: 45293.508 | D171: AHMAD SYAKIR ARISTAMA | G171: 44794 | I171: LAKI-LAKI | J171: BANYAK OMONG | K171: ISLAM | L171: IRMA RISKIMA | M171: TENAGA KESEHATAN | N171: SYEKH ARPI | O171: PENGUSAHA | P171: CABANG KIRI GG. SEDERHANA | Q171: PARIT BARU | R171: SUNGAI RAYA | S171: KUBU RAYA | T171: KALIMANTAN BARAT | U171: 08981380248
B172: 45294.449 | D172: Muhammad akram zaydan | G172: 43166 | I172: LAKI-LAKI | J172: Kurang fokus | K172: ISLAM | L172: Mierandha edward lubis | M172: IBU RUMAH TANGGA | N172: Nofiandy surya | O172: WIRASWASTA | P172: Desa kapur, komplek Star bhayangkara residance block H no.5 | Q172: Mekar baru | R172: Sungai raya | S172: Kuburaya | T172: Kalimantan barat | U172: 0817202880
B173: 45294.531 | D173: Manuel ernando halim. | G173: 43354 | I173: LAKI-LAKI | J173: Speed delay | K173: KATOLIK | L173: Sari yohana | M173: IBU RUMAH TANGGA | N173: Frendy | O173: Karyawan | P173: Jl.wonodadi 3 | Q173: Kota baru | S173: Pontianak | T173: Kalbar | U173: 081288306888
B174: 45294.667 | D174: Labib Razan Al Barra | G174: 44813 | I174: LAKI-LAKI | J174: Masalah gangguan makan | K174: ISLAM | L174: Riski liana sari | M174: TENAGA KESEHATAN | N174: Muhammad iqbal farizqi | O174: PNS | P174: Komplek btn sekayam indah. Dusun balaikarangan 3 | Q174: Balai karangan | R174: Sekayam | S174: Sanggau | T174: Kalbar | U174: 085250805070
B175: 45295.478 | D175: Darev christian zega | G175: 44243 | I175: LAKI-LAKI | J175: Belum bisa lancar bicara & hiperaktif | K175: PROTESTAN | L175: Jeema Herrera Evelina Sinaga | M175: IBU RUMAH TANGGA | N175: Darmin Usman zega | O175: WIRASWASTA | P175: Jl madyosari 1 dalam no 51 | Q175: Akcaya | R175: Pontianak | S175: Pontianak selatan | T175: Kalbar | U175: 089603315528
B176: 45295.596 | D176: Arvan rayhan diandita | G176: 44427 | I176: LAKI-LAKI | J176: Terapi perilaku dan terapi wicara | K176: ISLAM | L176: Ressy serliandari | M176: IBU RUMAH TANGGA | N176: Bagus diandita | O176: PNS | P176: Sungai raya dalam komp. Srikandi 06 | Q176: Sungai raya | R176: Sungai raya | S176: Kubu raya | T176: Kalimantan barat | U176: 085654550060
B177: 45295.839 | D177: Jevano ang | G177: 44384 | I177: LAKI-LAKI | J177: Belum bisa ngomong, hanya bisa manggil papa mama koko dadah gak ya | K177: KATOLIK | L177: Silvia | M177: IBU RUMAH TANGGA | N177: Hendra | O177: WIRASWASTA | P177: Jl srikandi komp hosana fhileo blok bb22 | Q177: Sungai raya dalam | R177: Sungai raya | S177: Kubu raya | T177: Kalimantan barat | U177: 089625550586
B178: 45297.693 | D178: HAFIZH AL FARREL DAMARIO | G178: 43091 | I178: LAKI-LAKI | J178: BICARA KURANG JELAS | K178: ISLAM | L178: RAWAN TRI SULISTYA | M178: IBU RUMAH TANGGA | N178: LUSINANTO HARTADI | O178: SWASTA | P178: Jl. Karya Perumahan Graha Kirana 13 No.A4 | Q178: SUNGAI KAKAP | R178: KOTA BARU | S178: KOTA BARU | T178: PONTIANAK | U178: 081286995997
B179: 45298.725 | D179: Arkan Subhan Alfarizi | G179: 42390 | I179: LAKI-LAKI | J179: cerebral palsy, belum bisa berjalan | K179: ISLAM | L179: Eka Lestari | M179: PNS | N179: Dwi Rachmawan | O179: PNS | P179: Jl. Ujung pandang Gg. Bala arung No 17 | Q179: kelurahan Sungai Jawi | R179: Pontianak Kota | S179: Kota Pontianak | T179: Kalimantan Barat | U179: 085820410031
B180: 45298.734 | D180: TALINO CASSIUS SILSLAHI | G180: 44200 | I180: LAKI-LAKI | J180: Speech Delay | K180: KATOLIK | L180: FLORENSIA INDAN STEPANI | M180: KARYAWAN SWASTA | N180: BENNY PERNANDO SILALAHI | O180: KARYAWAN SWASTA | P180: JALAN DANAU SENTARUM GG. KALI BENING (Rumah ke-10) | Q180: SUNGAI BANGKONG | R180: PONTIANAK KOTA | S180: PONTIANAK | T180: KALIMANTAN BARAT | U180: 081286234546
B181: 45298.8 | D181: MACK KIO JUANSON | G181: 44462 | I181: LAKI-LAKI | J181: UMUR 2 TAHUN 4 BULAN MALAS BICARA | K181: KATOLIK | L181: JULIANA | M181: IBU RUMAH TANGGA | N181: ANDY | O181: KARYAWAN | P181: JL. MERDEKA NO.506 | Q181: MARIANA | R181: PONTIANAK KOTA | S181: KOTA PONTIANAK | T181: KALIMANTAN BARAT | U181: 085247179223
B182: 45299.669 | D182: Dharsata Indira | G182: 45001 | I182: PEREMPUAN | J182: Leher belum tegak dan badan sering dikakukan | K182: ISLAM | L182: Dita Octavia | M182: IBU RUMAH TANGGA | N182: Jarno | O182: Buruh | P182: Dusun sumber Rejo rt 003 rw 002 | Q182: Pinang Dalam | R182: Kubu | S182: Kubu Raya/Pontianak | T182: Kalimantan Barat | U182: 085787680674
B183: 45300.49 | D183: Azraqi Elfathan Sandi | G183: 44867 | I183: LAKI-LAKI | J183: leher belum kuat dalam keadaan tegak, belum bisa duduk | K183: ISLAM | L183: Nurbaiti | M183: Pegawai BUMN | N183: Farissandi | O183: WIRASWASTA | P183: Jalan Rasau, Perumahan Talitha Cluster no 26A | Q183: Kuala Dua | R183: Sungai Raya | S183: Kubu Raya | T183: Kalimantan Barat | U183: 089693802558
B184: 45300.63 | D184: AidiLia Shafa Marwah | G184: 44396 | I184: PEREMPUAN | J184: Terlambat Bicara | K184: ISLAM | L184: Oktavi Indahsari | M184: IBU RUMAH TANGGA | N184: Budi | O184: WIRASWASTA | P184: Komplek Bhayangkara Asri blok C no. 7 | Q184: Desa Kapur | R184: SEI Raya | S184: Kubu Raya | T184: Kalimantan Barat | U184: 081347167808
B185: 45300.75 | D185: Syech Muhammad Salman | G185: 43822 | I185: LAKI-LAKI | J185: Speech Disorder | K185: ISLAM | L185: Pratiwi Ramelia | M185: Pegawai Pemerintah | N185: Syech Sadam Husin | O185: WIRASWASTA | P185: Komp. Berdikari Indah 2, No. D6 | Q185: Pal Lima | R185: Pontianak Barat | S185: Pontianak | T185: Kalimantan Barat | U185: 089531735775
... B217: 45348.677 | D217: Mafaza Rafi Salong | G217: 44159 | I217: LAKI-LAKI | J217: Speak delay dan hiperaktif | K217: ISLAM | L217: Dessy | M217: PNS | N217: M. Saleh Salong | O217: TNI AD | P217: Jalan Parit Makmur | Q217: Siantan Tengah | R217: Pontianak Utara | S217: Kota Pontianak | T217: Kalimantan Barat | U217: 081256657537
B218: 45352.822 | D218: NOEL GABRIEL | G218: 44898 | I218: LAKI-LAKI | J218: Belum bisa berdiri trs berjalan | K218: PROTESTAN | L218: RENI | M218: IBU RUMAH TANGGA | N218: HENDRA | O218: WIRASWASTA | P218: JL PARIT PANGERAN | Q218: SIANTAN HULU | R218: PONTIANAK UTARA | S218: PONTIANAK | T218: KALIMANTAN BARAT | U218: 089644134567 | V218: GOOGLE MAPS
B219: 45353.485 | D219: Muhammad Sirojul Munir | G219: 43330 | I219: LAKI-LAKI | J219: Tidak Fokus, tidak bisa di ajak berkomunikasi | K219: ISLAM | L219: Sri Dewi Indriani | M219: IBU RUMAH TANGGA | N219: Abdul Aziz MS | O219: WIRASWASTA | P219: Jl. H. RAIS A RAHMAN Gg. Sampang No.2 | Q219: Sungai Jawi Dalam | R219: Pontianak Barat | S219: Pontianak | T219: Kalimantan Barat | U219: 082152187296 | V219: INSTAGRAM
B220: 45354.51 | D220: Eiryn winella | G220: 44559 | I220: PEREMPUAN | J220: Tidak bisa mengunyah | K220: KATOLIK | L220: Agnes veronika | M220: Karyawan swasta | N220: Kenny aditya | O220: WIRASWASTA | P220: Jl kh ahmad dahlan gg margosari no 19 | Q220: Sei bangkong | R220: Pontianak kota | S220: Kota pontianak | T220: Kalimantan barat | U220: 085795728209 | V220: INSTAGRAM
B221: 45354.617 | D221: Wewa alfharizqi | G221: 42733 | I221: LAKI-LAKI | J221: Lambat bicara | K221: ISLAM | L221: Wenni Herviani S.Pd,M.Pd | M221: GURU / DOSEN | N221: I wayan sudharma | O221: Gasman bulog | P221: Jalan kapten piere tendean ketapang kalbar | Q221: Sukaharja | R221: Delta pawan | S221: Ketapang | T221: Kalbar | U221: 082246391149 | V221: INSTAGRAM
B222: 45355.725 | D222: Abang achmad azka alfarizqi | G222: 43931 | I222: LAKI-LAKI | J222: Speech delay, tantrum, hiperaktif dan gangguan fokus | K222: ISLAM | L222: Fitri | M222: PNS | N222: Berry | O222: PNS | P222: Putussibau | Q222: Hilir Kantor | R222: Putussibau Utara | S222: Kapuas Hulu | T222: Kalimantan Barat | U222: 081258160190 | V222: INFORMASI KERABAT
B223: 45356.522 | D223: Galista Candra | G223: 44000 | I223: PEREMPUAN | J223: Sakit Leher | K223: BUDDHA | L223: Jennylia Christyanie | M223: PENGUSAHA | N223: Candra Hendi | O223: PENGUSAHA | P223: Jl dr Wahidin | Q223: Sungai Jawi | R223: Pontianak Kota | S223: Kota Pontianak | T223: Kalimantan Barat | U223: 087818298879 | V223: INFORMASI KERABAT
B224: 45358.759 | D224: M.Khoirul Azam | G224: 44242 | I224: LAKI-LAKI | J224: Dalam bugis | K224: ISLAM | L224: Inarotul hasanah | M224: IBU RUMAH TANGGA | N224: Abdullah | O224: Swasta | P224: Jl. Tqnjung raya 1 gg permai no.12b | Q224: Dalam bugis | R224: Pontianak timur | S224: Pontianak | T224: Kalbar | U224: 081230390559 | V224: GOOGLE MAPS
B225: 45364.504 | D225: DHEFIN AL QARNI AKBARSADHANA | G225: 44308 | I225: LAKI-LAKI | J225: Keluhan: 1. Kemampuan bahasa. Anak belum bisa berbicara dalam bentuk kalimat dan berkomunikasi 2 arah. 2. ⁠Fokus. Anak terkadang masih belum fokus ketika diajak berkomunikasi atau saat sedang baca buku suka membalik ke halaman yang paling disukai aja. 3. ⁠Emosi. Pendalian emosi masih belum maksimal dikarenakan anak masih belum bisa menyampaikan apa yang dirasakannya, biasanya disampaikan dgn cara nangis. 4. ⁠Separation anxiety. Awal2 pindah ke pontianak, anak tidak mau lepas dr mama/ayahnya, kecuali saat sedang fokus bermain tidak akan langsung mencari orgtuanya. 5. ⁠Sensori Motorik. Dr hasil screening sblmnya, anak memiliki kendala refleks yg belum optimal sehingga menghambat kemampuan di keluhan 1-4. | K225: ISLAM | L225: DITA | M225: IBU RUMAH TANGGA | N225: DIRGA | O225: PNS | P225: JL BINTANGOR II NO. 20 | Q225: TANJUNG HULU | R225: PONTIANAK TIMUR | S225: KOTA PONTIANAK | T225: KALIMANTAN BARAT | U225: 081315791994 | V225: GOOGLE MAPS
B226: 45366.739 | D226: Shanum almahyra adhisty | G226: 45207 | I226: PEREMPUAN | J226: Lingkar kepala kecil | K226: ISLAM | L226: Da'imatul hasanah | M226: TENAGA KESEHATAN | N226: Agustiansyah | O226: TENAGA KESEHATAN | P226: Jalan kenari gg merak 2 dalam | Q226: Mariana | R226: Pontianak kota | S226: Pontianak | T226: Kalimantan barat | U226: 082352039722 | V226: INFORMASI KERABAT
B227: 45369.644 | D227: DARREN LIU | G227: 43398 | I227: LAKI-LAKI | J227: BICARA BELUM LANCAR, TIDAK MAU MENGUNYAH, BELUM BISA PEGANG PENSIL DENGAN BENAR | K227: KHONGHUCU | L227: NOVITA YULIANA | M227: IBU RUMAH TANGGA | N227: AGUS SUHENDRA | O227: KARYAWAN | P227: JL NIRBAYA GG TATA KOTA NO 32B | Q227: KOTA BARU | R227: PONTIANAK SELATAN | S227: PONTIANAK | T227: KALIMANTAN BARAT | U227: 085845532882 | V227: INSTAGRAM
B228: 45372.138 | D228: Muhammad farel daffa | G228: 44513 | I228: LAKI-LAKI | J228: Kosa kata sedikit | K228: ISLAM | L228: Emil firmania | M228: WIRASWASTA | N228: Muhammad rizki ardiansyah | O228: TENAGA KESEHATAN | P228: Jl petani komplek iqhsan petani no 12 | Q228: Sungai jawi | R228: Pontianak kota | S228: Pontianak | T228: Kalimantan barat | U228: 085820465677 | V228: INFORMASI KERABAT
B229: 45372.598 | D229: Shea Xaviera Rengkuan | G229: 44316 | I229: PEREMPUAN | J229: Belum lancar bicara | K229: PROTESTAN | L229: Yuliana | M229: WIRASWASTA | N229: Yoris Rengkuan | O229: WIRASWASTA | P229: Jalan padat karya komplek SBR 7 no i 20 | Q229: Saigon | R229: Pontianak timur | S229: Pontianak | T229: Kalbar | U229: 089689556336 | V229: INSTAGRAM
... B247: 45400.477 | D247: HANAN ALGAZA FRANATA | G247: 43929 | I247: LAKI-LAKI | J247: Anak hiperaktif dan lambat bicara | K247: ISLAM | L247: NURUL RAHIMAH | M247: IBU RUMAH TANGGA | N247: BENY ALDO FRANATA | O247: WIRASWASTA | P247: DUSUN HANURA | Q247: SERIMBU | R247: AIR BESAR | S247: LANDAK | T247: KALIMANTAN BARAT | U247: 082251043967 | V247: INFORMASI KERABAT
B248: 45401.408 | D248: Tiberius yoshua mandagie | G248: 1/31/0024 | I248: LAKI-LAKI | J248: TORTIKOLIS RINGAN | K248: KATOLIK | L248: YASHINTA | M248: PNS | N248: PONCH AGUSTINUS | O248: WIRASWASTA | P248: JL PARIS 2 KOMP PESONA MUTIARA DEWATA NO C 3A | Q248: BANSIR BARAT | R248: PONTIANAK TENGGARA | S248: PONTIANAK | T248: KALBAR | U248: 085247429004 | V248: GOOGLE MAPS
B249: 45403.472 | D249: Alzeffanya Cattleya Alraqema | G249: 44704 | I249: PEREMPUAN | J249: Telat bicara tidak responship | K249: ISLAM | L249: Meily ieriyanty | M249: WIRASWASTA | N249: M. Ibra marvierizky | O249: PENGUSAHA | P249: Punggur kecil | Q249: Punggur kecil | R249: Sungai kakap | S249: Kuburaya | T249: Kalimantan Barat | U249: 082154377072 | V249: INSTAGRAM
B250: 45404.546 | D250: Muhammad nuqadah al-asadi | G250: 43832 | I250: LAKI-LAKI | J250: Belum dapat berbicara,berinteraksi dan kurang fokus,belum bisa merangkai kata | K250: ISLAM | L250: Maya eridani yolanda | M250: IBU RUMAH TANGGA | N250: Komaruddin amin | O250: Buruh harian lepas | P250: Jl.parit bugis Gg.Malindo no.11 | Q250: Arang limbung | R250: Sungai raya | S250: Kubu raya | T250: Kalimantan barat | U250: 0895387059411 | V250: INFORMASI KERABAT
B251: 45404.914 | D251: Muhammad zidan Bangun | G251: 39820 | I251: LAKI-LAKI | J251: Zidan masih pelat ngomongnya,bln bisa normal membaca dan menulis,berhitung sesuai umur | K251: ISLAM | L251: Riswani | M251: Alm | N251: Khairuddin Bangun | O251: Alm | P251: Jl tekam | Q251: Saigon | R251: Pontim | S251: Pontianak | T251: Kalbar | U251: 081346131120 | V251: INFORMASI KERABAT
B252: 45405.322 | D252: Glory Nata Wijaya | G252: 43704 | I252: PEREMPUAN | J252: Belum bisa bicara, belum mau pegang pensil , marah | K252: KHONGHUCU | L252: Yuni | M252: IBU RUMAH TANGGA | N252: Harry Wijaya | O252: Pedagang | P252: Jl Putridaranante , gg wakdalek no 4D | Q252: Sungai bangkong | R252: Pontianak kota | S252: Pontianak | T252: Kalimantan barat | U252: ‪+62 895‑3299‑26668‬ | V252: INSTAGRAM
B253: 45405.548 | D253: RAFFAN ATHAYANUHA PRIATNA | G253: 44351 | I253: LAKI-LAKI | J253: BLM LANCAR BERBICARA | K253: ISLAM | L253: RISA OKTIANA FITRI | M253: IBU RUMAH TANGGA | N253: RUBY PRIATNA | O253: Karyawan | P253: KOMP BTN TELUK MULUS BLOK M14 | Q253: TELUK KAPUAS | R253: SUNGAI RAYA | S253: KUBURAYA | T253: KALIMANTAN BARAT | U253: 082154392121 | V253: INFORMASI KERABAT
B254: 45405.795 | D254: Raffan Athayanuha Priatna | G254: 44351 | I254: LAKI-LAKI | J254: Belum lancar bicara | K254: ISLAM | L254: Risky Destiana Sari | M254: IBU RUMAH TANGGA | N254: Rubby Priatna | O254: WIRASWASTA | P254: Jl. Parit Bugis | Q254: Arang Limbung | R254: Sungai Raya | S254: Kubu Raya | T254: Kalimantan Barat | U254: 081256388678 | V254: INFORMASI KERABAT
B255: 45411.494 | D255: MUHAMMAD RAFFI JULIANSYAH | G255: 42575 | I255: LAKI-LAKI | J255: SUSAH UNTUK FOKUS DAN KONSENTRASI, KALAU DI SEKOLAH SUKA MELAMUN, SUKA MENYENDIRI, MASIH SUKA TANTRUM, BICARA UNTUK MENYAMPAIKAN MAKSUT MASIH TERBATA BATA | K255: ISLAM | L255: TITIN TURNIAWATI | M255: IBU RUMAH TANGGA | N255: WEWEN SUPRIYANTO | O255: WIRASWASTA | P255: DSN.SERAMBAI | Q255: DS.TANJUNG MERPATI | R255: KEC.KEMBAYAN | S255: KAB.SANGGAU | T255: KALIMANTAN BARAT | U255: 081545491091 | V255: INFORMASI KERABAT
B256: 45412.491 | D256: tubagus khalid al hafiz | G256: 44405 | I256: LAKI-LAKI | J256: tidak fokus , tidak menoleh saat dipanggil , hiperaktif,belum bisa berbicara dan gelian | K256: ISLAM | L256: deby meliana | M256: IBU RUMAH TANGGA | N256: tubagus henry permadi | O256: WIRASWASTA | P256: gg karya baru 1 alas kusuma | Q256: desa kuala dua | R256: sungai raya | S256: kubu raya | T256: Kalimantan barat | U256: 089667326460 | V256: GOOGLE MAPS
B257: 45413.694 | D257: Afshana Nadira Tafazzani | G257: 44337 | I257: PEREMPUAN | J257: Kenakalan anak 3th | K257: ISLAM | L257: Vivi Dimitrio Albertini | M257: IBU RUMAH TANGGA | N257: M Nabil Matta Tafazzani | O257: Pilot | P257: Jl perdamaian , komp. Graveila , blok a no. 11 | Q257: Kota baru | R257: Sungai kakap | S257: Kuburaya | T257: Kalbar | U257: 082110671157 | V257: INFORMASI KERABAT
B258: 45414.665 | D258: ACE EMMANUEL SHANNON BUDIANTO | G258: 44608 | I258: LAKI-LAKI | J258: KOSA KATA MINIM | K258: PROTESTAN | L258: MELIKA JUVENTIA ROLLO | M258: IBU RUMAH TANGGA | N258: ERICK BUDIANTO | O258: KARYAWAN SWASTA | P258: JL. PAK KASIH NO. 42F | Q258: PONTIANAK KOTA | R258: MARIANA | S258: KOTA PONTIANAK | T258: KALIMANTAN TENGAH | U258: 082219000613 | V258: INSTAGRAM
B259: 45414.798 | D259: Harvey Margo | G259: 44629 | I259: LAKI-LAKI | J259: Masalah oromotor | K259: BUDDHA | L259: Kelly Sukarti | M259: IBU RUMAH TANGGA | N259: Anton Margo | O259: WIRASWASTA | P259: Jl pattimura no 8 | Q259: Darat sekip | R259: Pontianak kota | S259: Pontianak | T259: Kalimantan barat | U259: 082150933839 | V259: INFORMASI KERABAT
B260: 45415.897 | D260: Muhammad Fatih Baihaqi | G260: 44084 | I260: LAKI-LAKI | J260: belum bisa bicara, kurang fokus, belum bisa komunikasi dua arah, belum terlalu paham perintah. | K260: ISLAM | L260: desiana Istiqomah | M260: IBU RUMAH TANGGA | N260: Mochamad Yadi nurjayadi | O260: PNS | P260: jl padat karya komp. didis permai 6 A-B . perumahan ke 3. | Q260: saigon | R260: Pontianak timur | S260: Pontianak | T260: Kalimantan Barat | U260: 081528900806 | V260: INFORMASI KERABAT
... B280: 45437.656 | D280: RAFANIZAN FATHARIANO RIZALDI | G280: 45163 | I280: LAKI-LAKI | J280: Belum mampu duduk tegak di usia 8-9 Bulan | K280: ISLAM | L280: Irvanie Rizkidiinillah, S.Ak. | M280: WIRASWASTA | N280: Ridho Septyan Rizaldi, S.S.T. | O280: SWASTA | P280: JL. PARIT H. HUSIN 2 KOMPLEK WANA BHAKTI 3 NO. 13 | Q280: BANGKA BELITUNG DARAT | R280: PONTIANAK TENGGARA | S280: PONTIANAK | T280: KALIMANTAN BARAT | U280: 085245890881 | V280: INSTAGRAM
B281: 45437.706 | D281: Zia naviza | G281: 43822 | I281: PEREMPUAN | J281: Susah bicara | K281: ISLAM | L281: Ida Nurani | M281: Swasta | N281: Prayitno | O281: Buruh lepas | P281: 86 | Q281: Tanjung hulu | R281: Pontianak timur | S281: Kota Pontianak | T281: Kalimantan Barat | U281: 089522081426 | V281: INFORMASI KERABAT
B282: 45438.924 | D282: Delen gevariel imanuel | G282: 43980 | I282: LAKI-LAKI | J282: Lambat berbicara | K282: PROTESTAN | L282: Melianti | M282: IBU RUMAH TANGGA | N282: Haryanto ajo | O282: PETANI | P282: Simpang mandong ( sosok ) Rt Rw 01 perayaan dangku | Q282: Sosok | R282: Tayan hulu | S282: Kabupaten sanggau | T282: Kalimantan barat | U282: 89694768952 | V282: INFORMASI KERABAT
B283: 45439.351 | D283: DAVANKA ARYANDRA SHANKARA | G283: 44764 | I283: LAKI-LAKI | J283: Belum bisa berdiri dan jalan | K283: ISLAM | L283: DWI WAHYU ASRI | M283: IBU RUMAH TANGGA | N283: AGUS SISWANTO | O283: WIRASWASTA | P283: Komplek Star Borneo regency 3 | Q283: Pal 9 | R283: Sungai kakap | S283: Kubu raya | T283: Kalimantan barat | U283: 085706321016 | V283: INSTAGRAM
B284: 45439.771 | D284: Sadendra azhar | G284: 44703 | I284: LAKI-LAKI | J284: Kosa kata nya blm banyak, tidak mau menatap mata saat diajak ngobrol, ngoceh dg bahasa planet yg tidak di mengerti | K284: ISLAM | L284: Nur halisa | M284: IBU RUMAH TANGGA | N284: Ismail marzuki | O284: WIRASWASTA | P284: Jln ujung pandang, gg hanura 2 no.29 | Q284: Sungai jawi | R284: Pontianak kota | S284: Pontianak | T284: Kalimantan Barat | U284: 081310538394 | V284: GOOGLE MAPS
B285: 45440.493 | D285: AARRON ATHARRAZKA | G285: 44716 | I285: LAKI-LAKI | J285: SPEECH DELAY, SUSAH MAKAN, SUSAH FOKUS | K285: ISLAM | L285: FIKA RAHMADANI | M285: IBU RUMAH TANGGA | N285: TRI SUTRISNO | O285: SWASTA | P285: JL. PERDANA KOMPLEK BALI AGUNG 2 BLOK K NO 24 | Q285: PARIT TOKAYA | R285: PONTIANAK SELATAN | S285: PONTIANAK | T285: KALIMANTAN BARAT | U285: 085828287204 | V285: INSTAGRAM
B286: 45440.835 | D286: ALUCIO CHARLEY VIANDY | G286: 43930 | I286: LAKI-LAKI | J286: KURANG BISA BERSOSIALISASI, KURANG ADANYA KONTAK MATA KETIKA BERBICARA (PERNAH KONSULTASI DENGAN PSIKOLOG PESONA CONSULTING, DI DIAGNOSA SCD & ADHD | K286: KATOLIK | L286: LIVI PUSPITA SARI | M286: IBU RUMAH TANGGA | N286: WANDI APRIANTO | O286: GURU / DOSEN | P286: JL TEKAM KOMP. HOSANA ALBERTA NO B 18 | Q286: SAIGON | R286: PONTIANAK TIMUR | S286: PONTIANAK | T286: KALIMANTAN BARAT | U286: 089681794248 | V286: INSTAGRAM
B287: 45441.901 | D287: Muhammas Arsyad Amirudin | G287: 44361 | I287: LAKI-LAKI | J287: Belum pas berbicaranya | K287: ISLAM | L287: Suci Sulistiyani | M287: TENAGA KESEHATAN | N287: Zainuddin | O287: PNS | P287: Gg Teluk Permai desa Teluk Kapuas , kubu raya | Q287: Teluk Kapuas | R287: Sungai Raya | S287: Kubu Raya | T287: Kalimantan Barat | U287: 089693928704 | V287: INFORMASI KERABAT
B288: 45442.774 | D288: Louie oswyth lambert | G288: 43670 | I288: LAKI-LAKI | J288: Sering bubbling, kontak mata pndek, ga fokus, dll | K288: BUDDHA | L288: Linda juwita | M288: IBU RUMAH TANGGA | N288: Niki wijoyo | O288: Karyawan | P288: Jln perdana komp. Bali agung II blok A no 8 | Q288: Parit tokaya | R288: Pontianak selatan | S288: Pontianak | T288: Kalimantan barat | U288: 089649458351 | V288: INFORMASI KERABAT
B289: 45445.457 | D289: Ayrin Zea Fachrezzy | G289: 44701 | I289: PEREMPUAN | J289: Urat tangan kecetit/ pergelangan terklilir | K289: ISLAM | L289: Elma Marsita | M289: GURU / DOSEN | N289: Muhammad Fachrezzy | O289: PNS | P289: Serdam | Q289: Sungai Raya | R289: Sungai Raya | S289: Kubu Raya | T289: Kalimantan Barat | U289: 082121216801 | V289: INFORMASI KERABAT
B290: 45445.726 | D290: AQILA FAIRUZ PRADIPTA | G290: 42780 | I290: LAKI-LAKI | J290: Masih lambat bicaranya, belum fokus, suka tantrum. | K290: ISLAM | L290: NOVITASARI. M | M290: TENAGA KESEHATAN | N290: PRASASTY NUGROHO | O290: WIRASWASTA | P290: JL PANGLIMA AIM NO.18 | Q290: TANJUNG HULU | R290: PONTIANAK TIMUR | S290: PONTIANAK | T290: KALIMANTAN BARAT | U290: 081258791288 | V290: INSTAGRAM
B291: 45448.751 | D291: Jagad Ar Rayyan Narendra | G291: 44658 | I291: LAKI-LAKI | J291: Belum lancar bicara | K291: ISLAM | L291: Ikrima Roza Putriantiwi | M291: Karyawan Swasta | N291: Rendy Tesa Hendrawan | O291: PNS | P291: Jl. P. Natakusuma Gg. Delima No. 20a | Q291: Sui. Bangkong | R291: Pontianak Kota | S291: Kota Pontianak | T291: Kalimantan Barat | U291: 08988881123 | V291: INSTAGRAM
B292: 45449.785 | D292: NAUFAL ARINDRA AL FATIH | G292: 44140 | I292: LAKI-LAKI | J292: TERAPI WICARA | K292: ISLAM | L292: RATIH RAHMAHWATI | M292: GURU / DOSEN | N292: ANDANG FIRMANSYAH | O292: GURU / DOSEN | P292: JL. PROF. M. YAMIN GG MORODADI 3 NO 2 | Q292: SUNGAI BANGKONG | R292: PONTIANAK KOTA | S292: PONTIANAK | T292: KALIMANTAN BARAT | U292: 081802745388 | V292: INSTAGRAM
B293: 45450.805 | D293: Aliza Salsabila | G293: 41795 | I293: PEREMPUAN | J293: anak nya udh 10 tahun kelas 3 SD kk, kalau ngomong kayak gagap, saat ngomong buka mulut mangap 1 menit baru bisa ngeluarkan omongan. terus yang di omongkan kadang kebalik balik misal lagi sedang ujan, tapi dia bilang panas. trus kalau belajar dia susah konsentrasi, kalau disekolah nilai selalu jelek. | K293: ISLAM | L293: Kamariah | M293: PNS | N293: Iwan | O293: WIRASWASTA | P293: Jl sungai raya dalam, srikandi, hosana fileo blok AA-BB. no AA9 | Q293: Sungai raya dalam | R293: Sungai raya | S293: Kubu raya | T293: Kalimantan barat | U293: 085752359195 | V293: INSTAGRAM
B294: 45453.66 | D294: Alifah Maryam putri lubus | G294: 44525 | I294: PEREMPUAN | J294: Emosi tidak stabil, memukul | K294: ISLAM | L294: Syarifah indah rachmanda | M294: IBU RUMAH TANGGA | N294: Anggi febrian lubis | O294: Wo | P294: Jl dr sutomo, komplek batara indah 4, no c8 | Q294: Sungai bangkong | R294: Pontianak kota | S294: Pontianak | T294: Kalimantan barat | U294: 085389964665 | V294: INFORMASI KERABAT
... B409: 45565.718 | D409: KHANEZKA ATHAILLAH ASHLEY | G409: 44917 | I409: LAKI-LAKI | J409: Kurang Fokus | K409: ISLAM | L409: URAY IRTA ENGISH | M409: TENAGA KESEHATAN | N409: ARIE SUNANDAR | O409: TENAGA KESEHATAN | P409: Jl. AMPERA KOMPLEK BALI ASRI 1 BLOK B1 | Q409: SUI BANGKONG | R409: PONTIANAK KOTA | S409: PONTIANAK | T409: KALIMANTAN BARAT | U409: 081256000087 | V409: INSTAGRAM
B410: 45568.657 | D410: KEAN RIZQI ALATA | G410: 43570 | I410: LAKI-LAKI | J410: Speech delay | K410: ISLAM | L410: Karinta Maulivany | M410: TENAGA KESEHATAN | N410: Alif rizqi muttaqin | O410: CHEF | P410: Jl sui raya dalam komplek permata agung no 33 | Q410: Bangka belitung darat | R410: Pontianaj tenggara | S410: Pontianak | T410: Kalimantan barat | U410: 61420559711 | V410: INSTAGRAM
B411: 45569.4 | D411: Nathanael Benedict | G411: 42346 | I411: LAKI-LAKI | J411: Kurang bisa konsentrasi dan kurang bisa berinteraksi dengan orang sekitar | K411: PROTESTAN | L411: Diana agustina | M411: Swasta | N411: Edy | O411: Swasta | P411: Jalan purnama | Q411: Parit tokaya | R411: Pontianak selatan | S411: Pontianak | T411: Pontianak selatan | U411: 087790976005 | V411: INFORMASI KERABAT
B412: 45569.792 | D412: JONATHAN ANDREAS | G412: 43766 | I412: LAKI-LAKI | J412: Berbicara tidak jelas | K412: PROTESTAN | L412: Rostina | M412: IBU RUMAH TANGGA | N412: Hendri | O412: Karyawan swasta | P412: Jl. Perintis Komp. Handayani Permai B 21 | Q412: Pal ix | R412: Sui kakap | S412: Kuburaya | T412: Kalimantan Barat | U412: 08988393941 | V412: INSTAGRAM
B413: 45569.9 | D413: FRITZ ADELIO THENCA | G413: 43536 | I413: LAKI-LAKI | J413: Tidak bisa komunikasi 2arah,tidak focus,tantrum | K413: BUDDHA | L413: Sulika/ika | M413: IBU RUMAH TANGGA | N413: Defendi/Fendi | O413: WIRASWASTA | P413: Jl kota baru jl pga no 4 | Q413: Sui bangkong | R413: Pontianak kota | S413: Kota pontianak | T413: Kalbar | U413: 082358375328 | V413: INSTAGRAM
B414: 45571.577 | D414: WILGOZ MARCELIO GEOVAN | G414: 43902 | I414: LAKI-LAKI | J414: SPEECH DELAY | K414: BUDDHA | L414: KIMBERLY | M414: KARYAWAN SWASTA | N414: SIMIN | O414: KARYAWAN SWASTA | P414: JLN. GUSTI SITUT MAHMUD GG. SELAT MALAKA 1 NO. 27 | Q414: SIANTAN HULU | R414: PONTIANAK UTARA | S414: KOTA PONTIANAK | T414: KALIMANTAN BARAT | U414: 089693558977 | V414: INSTAGRAM
B415: 45571.766 | D415: Farzan Aydin Rafani | G415: 44678 | I415: LAKI-LAKI | J415: Belum bisa bicara | K415: ISLAM | L415: Ulfah Yulianti | M415: IBU RUMAH TANGGA | N415: Ramadani | O415: Pegawai BUMD | P415: Jl. Wonobaru Gang Wonodadi 2 Jalur 6 No. 27A | Q415: Kota Baru | R415: Pontianak Selatan | S415: Pontianak | T415: Kalimantan Barat | U415: 081315789236 | V415: INSTAGRAM
B416: 45572.7 | D416: Elvano sevin alkhaf | G416: 44040 | I416: LAKI-LAKI | J416: Space delay | K416: ISLAM | L416: Noverina putri utami | M416: WIRASWASTA | N416: Irfan kahfi | O416: WIRASWASTA | P416: Jl hasanudin gg bilal 2 no 33a | Q416: Sui jawi dalam | R416: Pontianak barat | S416: Pontianak | T416: Kalimantan barat | U416: 089504879709 | V416: INSTAGRAM
B417: 45574.626 | D417: Hamdan hendri | G417: 43662 | I417: LAKI-LAKI | J417: Juvenile idiopathic | K417: ISLAM | L417: Hamida | M417: IBU RUMAH TANGGA | N417: Hendri | O417: WIRASWASTA | P417: Komplek ampera raya | Q417: Kubu raya | R417: Kalimantan barat | S417: Kota ponianak | T417: Buku raya | U417: 081549039239 | V417: GOOGLE MAPS
B418: 45574.735 | D418: Muhammad Uwais Putra Aiswan | G418: 43597 | I418: LAKI-LAKI | J418: Belum bisa komunikasi 2 arah fokus belum ada | K418: ISLAM | L418: Sri Aisyah Mulyati | M418: PNS | N418: Ridwansyah | O418: GURU / DOSEN | P418: Jl dr wahidin jl ujung pandang gg hanura no4b | Q418: Sui jawi | R418: Pontianak kota | S418: Kota pontianak | T418: Kalimantan barat | U418: 089694040761 | V418: INSTAGRAM
B419: 45574.754 | D419: QIANDIRGA RAEZIELHAN LUTHGHIBRAN | G419: 44060 | I419: LAKI-LAKI | J419: Bicara masih belum jelas. Kosa kata kurang | K419: ISLAM | L419: RAMADANI ARISTA ASTHIKA | M419: PNS | N419: SUTRISNO | O419: WIRASWASTA | P419: JL. DR.WAHIDIN,BATARA INDAH 1,NO. P22 | Q419: SUNGAI JAWI | R419: PONTIANAK KOTA | S419: KOTA PONTIANAK | T419: KALIMANTAN BARAT | U419: 08115781182 | V419: INSTAGRAM
B420: 45575.492 | D420: Muhammad Arga hermawan | G420: 43678 | I420: LAKI-LAKI | J420: Susah fokus | K420: ISLAM | L420: Farlina Sari | M420: IBU RUMAH TANGGA | N420: Heri kurniawan | O420: WIRASWASTA | P420: Jl.komyos soedarso gg.palawija 1 no.16 | Q420: Sungai jawi luar | R420: Pontianak Barat | S420: Pontianak kota | T420: Kalbar | U420: 085654202099 | V420: INFORMASI KERABAT
B421: 45576.586 | D421: MUHAMMAD ZAINI ASSYAFI | G421: 45359 | I421: LAKI-LAKI | J421: TERAPI MOTORIK KASAR | K421: ISLAM | L421: FRASISKA PUJI HERMAWATI | M421: IBU RUMAH TANGGA | N421: FRENDI KENDINATA | O421: WIRASWASTA | P421: Jl. KONYOL SUDARSO GG SAPTA MARGA V NO. 1B | Q421: SUNGAI BELIUNG | R421: PONTIANAK BARAT | S421: PONTIANAK | T421: KALIMANTAN BARAT | U421: 0895366972067 | V421: INFORMASI KERABAT
B422: 45576.966 | D422: SHEO JECHEL GENATHAN | G422: 44775 | I422: LAKI-LAKI | J422: Kosa kata terbatas & picky eater | K422: ISLAM | L422: Natasha | M422: IBU RUMAH TANGGA | N422: Sandi | O422: PNS | P422: Jalan anggrek gang tatae ngarot A 6 | Q422: Ilir kota | R422: kapuas | S422: Sanggau | T422: Kalimantan Barat | U422: 08986768318 | V422: GOOGLE MAPS
... B561: 45731.701 | D561: Muhammad Xavier saputra | G561: 45022 | I561: LAKI-LAKI | J561: Wicara | K561: ISLAM | L561: Rara Istiqomah Rahayu | M561: IBU RUMAH TANGGA | N561: Agus Saputra | O561: Pegawai honorer | P561: Jl Tanjung Raya II komp bali lestari no h5 | Q561: Saigon | R561: Pontianak timur | S561: PONTIANAK | T561: KALIMANTAN BARAT | U561: 087716804878 | V561: INFORMASI KERABAT
...

Sheet 🙎‍♂️ Pasien
C1: DATA PASIEN GRIYA ANAK GANG SEHAT
B3: Timestamp | C3: Tanggal | D3: Nama Anak | E3: Nama Panggilan | F3: No. RM | G3: Tanggal Lahir | H3: Usia | I3: Jenis Kelamin | J3: Keluhan | K3: Agama | L3: Nama Ibu | M3: Pekerjaan Ibu | N3: Nama Ayah | O3: Pekerjaan Ayah | P3: Alamat | Q3: Kel./Desa | R3: Kecamatan | S3: Kab./Kota | T3: Provinsi | U3: No. WA | V3: Sumber Pasien
F4: {=if(C4:C633="","",left(D4:D633,"1")&text(C4:C633,"yy")&text(C4:C633,"mm"&text(G4:G633,"yy"))&right(U4:U633,"2"))} | H4: {=if(C4:C633="","",(floor((today()-G4:G633)/365,1)&" th "&FLOOR((today()-G4:G633)/(365/12),1)-(floor((today()-G4:G633)/365,1)*12)&" bl"))}
D5: OFF
D6: TA
D7: SYS
D8: MANAJEMEN
B9: 13/06/2023 10:21:22 | C9: 45090.432 | D9: KHALID IBRAHIM AL KAHFI | F9: K23062065 | G9: 30/07/2020 | H9: 6 th 1 bl | I9: LAKI-LAKI | J9: FISIOTERAPI MOTORIK | K9: ISLAM | L9: DINDA FIRLIANSARI | M9: IBU RUMAH TANGGA | U9: 082231905665
B10: 13/06/2023 20:30:32 | C10: 45090.855 | D10: MUHAMMAD AMMAR | F10: M23062033 | G10: 24/10/2020 | H10: 5 th 10 bl | I10: LAKI-LAKI | J10: SENSORIK INTEGRASI & TERAPI WICARA | K10: ISLAM | L10: NADYA ULFA | M10: IBU RUMAH TANGGA | U10: 081328347009/0895702479833
B11: 13/06/2023 20:33:25 | C11: 45090.857 | D11: RIFQI SYAFIQ SYAHPUTRA | F11: R23061781 | G11: 21/11/2017 | H11: 8 th 9 bl | I11: LAKI-LAKI | J11: FISIOTERAPI | K11: ISLAM | L11: DESY ARIANI NASUTION | M11: ASN | U11: 08115706881
B12: 13/06/2023 20:33:28 | C12: 45090.857 | D12: JORDAN GABRIAN | F12: J23061916 | G12: 11/11/2019 | H12: 6 th 9 bl | I12: LAKI-LAKI | J12: SENSORIK INTEGRASI & TERAPI WICARA | K12: PROTESTAN | L12: LIA ANDRIANI | M12: IBU RUMAH TANGGA | U12: 089622447016
B13: 13/06/2023 20:34:10 | C13: 45090.857 | D13: ARSYA KHAIRUL FATIH | F13: A23062069 | G13: 07/12/2020 | H13: 5 th 8 bl | I13: LAKI-LAKI | J13: TERAPI WICARA | K13: ISLAM | L13: DEASY NOVITA SARI | M13: IBU RUMAH TANGGA | U13: 085658366269
B14: 13/06/2023 20:34:28 | C14: 45090.857 | D14: RAISYA RAHMA SYAHIRA | F14: R23062081 | G14: 23/01/2020 | H14: 6 th 7 bl | I14: PEREMPUAN | J14: FISIOTERAPI | K14: ISLAM | L14: DESY ARIANI NASUTION | M14: ASN | U14: 08115706881
B15: 13/06/2023 20:40:42 | C15: 45090.862 | D15: AHMAD LATIF SAFULLAH | F15: A23060939 | G15: 03/02/2009 | H15: 17 th 6 bl | I15: LAKI-LAKI | J15: FISIOTERAPI | K15: ISLAM | L15: DARWANTI | M15: IBU RUMAH TANGGA | U15: 082252116339
B16: 13/06/2023 20:40:53 | C16: 45090.862 | D16: KHALID IBRAHIM AL KAHFI | F16: K23062065 | G16: 30/07/2020 | H16: 6 th 1 bl | I16: LAKI-LAKI | J16: FISIOTERAPI | K16: ISLAM | L16: DINDA FIRLIANSARI | M16: IRT | U16: 082231905665
B17: 13/06/2023 20:42:52 | C17: 45090.863 | D17: DAVID CHRISTIAN | F17: D23061921 | G17: 19/02/2019 | H17: 7 th 6 bl | I17: LAKI-LAKI | J17: SENSORIK INTEGRASI & TERAPI WICARA | K17: PROTESTAN | L17: DESSY | M17: WIRASWASTA | U17: 085248068221
B18: 13/06/2023 20:44:35 | C18: 45090.864 | D18: CELINE ZOEY HEARTILLY | F18: C23061877 | G18: 27/11/2018 | H18: 7 th 9 bl | I18: PEREMPUAN | J18: SENSORIK INTEGRASI & TERAPI WICARA | K18: BUDDHA | L18: SYLVIA VERONIKA | M18: IBU RUMAH TANGGA | U18: 085245070077
B19: 13/06/2023 20:49:30 | C19: 45090.868 | D19: KENZO ALFA AS-SIDDIQ | F19: K23062142 | G19: 23/01/2021 | H19: 5 th 7 bl | I19: LAKI-LAKI | J19: TERAPI WICARA | K19: ISLAM | L19: TARA CHAIRUNISA | M19: GURU | U19: 081362524442
B20: 13/06/2023 20:51:33 | C20: 45090.869 | D20: RAYYA FATIHAH RAZAANA | F20: R23061383 | G20: 15/04/2013 | H20: 13 th 4 bl | I20: PEREMPUAN | J20: FISIOTERAPI | K20: ISLAM | L20: EVA NOVIANTI HESTI VERA | M20: PNS | U20: 08152234183
... B65: 22/08/2023 10:00:51 | C65: 45160.417 | D65: JASPER GABRIEL | F65: J23081719 | G65: 31/10/2017 | H65: 8 th 10 bl | I65: LAKI-LAKI | J65: SENSORIK INTEGRASI & TERAPI WICARA | K65: PROTESTAN | L65: YENNY | M65: IBU RUMAH TANGGA | U65: 081917142519
B66: 02/09/2023 17:37:54 | C66: 45171.735 | D66: FAYK KAIVAN SERGUERO | F66: F23092263 | G66: 07/06/2022 | H66: 4 th 2 bl | I66: LAKI-LAKI | J66: BANYAK OMONG | K66: ISLAM | L66: ETRI YULIA ANDINI | M66: IRT | N66: DANI FAHRIZAL | O66: SWASTA | P66: JL. P. H. HUSIN 2 GG. WISUDA NO. 23A | U66: 082158963663
B67: 02/09/2023 17:52:01 | C67: 45171.744 | D67: AHMAD SYAKIR | F67: A23092248 | G67: 21/08/2022 | H67: 4 th 0 bl | I67: LAKI-LAKI | J67: PILEK BATUK | K67: ISLAM | L67: IRMA RISKIMA | M67: SWASTA | N67: SYEKH ARPI | O67: WIRAUSAHA | P67: JALAN ARTERI SUPADIO CABANG KIRI | U67: 08981380248
B68: 03/09/2023 14:15:18 | C68: 45172.594 | D68: RAINA AISYAH SUPRIADI | F68: R23091326 | G68: 18/05/2013 | H68: 13 th 3 bl | I68: PEREMPUAN | J68: CP | K68: ISLAM | L68: KARTINI APRILYANI | M68: IBU RUMAH TANGGA | N68: DENNY SUPRIADI | O68: PNS | P68: JL.PEMDA KOMP.GRIYA MAYOR A.26 | U68: 082353828426
B69: 03/09/2023 14:20:58 | C69: 45172.598 | D69: RAISSA FATIMAH SUPRIADI | F69: R23091326 | G69: 18/05/2013 | H69: 13 th 3 bl | I69: PEREMPUAN | J69: CP | K69: ISLAM | L69: KARTINI APRILYANI | M69: IBU RUMAH TANGGA | N69: DENNY SUPRIADI | O69: PNS | P69: JL.PEMDA.KOMP GRIYA MAYOR A.26 | U69: 082353828426
B70: 03/09/2023 14:21:12 | C70: 45172.598 | D70: RAINA AISYAH SUPRIADI | F70: R23091326 | G70: 18/05/2013 | H70: 13 th 3 bl | I70: PEREMPUAN | J70: CP | K70: ISLAM | L70: KARTINI APRILYANI | M70: IBU RUMAH TANGGA | N70: DENNY SUPRIADI | O70: PNS | P70: JL.PEMDA KOMP.GRIYA MAYOR A.26 | U70: 082353828426
B71: 03/09/2023 14:26:24 | C71: 45172.602 | D71: SYARIF MUHAMMAD ALFATEH | F71: S23092005 | G71: 31/12/2020 | H71: 5 th 7 bl | I71: LAKI-LAKI | J71: SERING KAGET, SESAK SAAT MALAM HARI KARENA LENDIR SEHINGGA POLA TIDUR BERUBAH | K71: ISLAM | L71: SYARIFAH FIFI MARIANI ALKADRIE | M71: HONORER | N71: SY. ADHY | O71: KARYAWAN SWASTA | P71: JALAN TRITURA NO. 10 KEL. DALAM BUGIS KEC. PONTIANAK TIMUR | U71: 085754395905
B72: 04/09/2023 17:26:00 | C72: 45173.726 | D72: MUHAMMAD AZZAM ACO | F72: M23091609 | G72: 14/09/2016 | H72: 9 th 11 bl | I72: LAKI-LAKI | J72: LAMBAT BICARA DIAGNOSA DR ADHD | K72: ISLAM | L72: IRA NIA | M72: IBU RUMAH TANGGA | N72: MAMAN ACO | O72: BURUH HARIAN LEPAS | P72: JALAN KOM YOS SUDARSO GANG ALPOKAT INDAH, JALUR 0 | U72: 081255816909
B73: 04/09/2023 17:27:17 | C73: 45173.727 | D73: ELZEVAREL ZERKHA AZARYA | F73: E23092188 | G73: 18/08/2021 | H73: 5 th 0 bl | I73: LAKI-LAKI | J73: SPEECH DELAY | K73: PROTESTAN | L73: KRISYESIKA | M73: DOSEN | N73: EBEN HEIZER | O73: WIRASWASTA | P73: JLN. TRANS KALIMANTAN GG. BUDAYA NO. 1 | U73: 085346807788
B74: 04/09/2023 17:32:45 | C74: 45173.731 | D74: AMIR SYAKIR | F74: A23091810 | G74: 21/09/2018 | H74: 7 th 11 bl | I74: LAKI-LAKI | J74: TIDAK FOKUS | K74: ISLAM | L74: WAHYULI ASTUTI | M74: IBU RUMAH TANGGA | N74: SUWARDI | O74: KARYAWAN SWASTA | P74: JL KOMYO SUDARSO GG SRIKAYA 2 NO 19 | U74: 082148665510
B75: 04/09/2023 17:34:53 | C75: 45173.733 | D75: MUHAMMAD ZAFRAN MAERAD | F75: M23092183 | G75: 09/03/2021 | H75: 5 th 5 bl | I75: LAKI-LAKI | J75: SPEACH DELAY | K75: ISLAM | L75: DEWI SULISTIANINGSIH | M75: KARYAWAN SWASTA | N75: HAFITDIN | O75: KARYAWAN SWASTA | P75: JL M SOHOR GG SEDERHANA | U75: 08998092083
B76: 04/09/2023 17:44:10 | C76: 45173.739 | D76: MARCELLO | F76: M23092030 | G76: 10/04/2020 | H76: 6 th 4 bl | I76: LAKI-LAKI | J76: TELAT BICARA | K76: BUDDHA | L76: HIE FUI NA | M76: IBU RUMAH TANGGA | N76: PET HO | O76: WIRASWASTA | P76: JL NAWAWI HASAN 3 NO 342 | U76: 082158815530
B77: 04/09/2023 17:48:15 | C77: 45173.742 | D77: AZQEEYA ELNARA RACAISHA | F77: A23092156 | G77: 13/03/2021 | H77: 5 th 5 bl | I77: PEREMPUAN | J77: SPEECH DELAY | K77: ISLAM | L77: URAY YUCA ERGAIASHA | M77: IRT | N77: RAHMAT RAZULY HIDAYAT | O77: SWASTA | P77: JL. KARYA KOMP. FAJAR ASRI 3 A-28 | U77: 08982292556
... B176: 28/12/2023 9:48:15 | C176: 45288.409 | D176: IMRAN HANIF PRIBADI | F176: I23129261 | G176: 07/06/1992 | H176: 34 th 3 bl | I176: LAKI-LAKI | J176: ADD | K176: ISLAM | L176: ENI DIAN PERTIWI | M176: IBU RUMAH TANGGA | N176: CITRA TEGUH IMAN PRIBADI | O176: PEGAWAI SWASTA | P176: JALAN WONOBARU GG REMAJA 2 NO 30 | U176: 082139121261
B177: 02/01/2024 12:00:48 | C177: 45293.501 | D177: FAYK KAIVAN SERGUERO | F177: F24012288 | G177: 07/06/2022 | H177: 4 th 2 bl | I177: LAKI-LAKI | J177: BANYAK OMONG | K177: ISLAM | L177: ETRI YULIA ANDINI | M177: IBU RUMAH TANGGA | N177: DANI FAHRIZAL | O177: TENAGA KESEHATAN | P177: JL. P. H. HUSIN 2 GG.WISUDA NO. 23A | Q177: BANGKA BELITUNG DARAT | R177: PONTIANAK TENGGARA | S177: PONTIANAK | T177: KALIMANTAN BARAT | U177: 081333668688
B178: 02/01/2024 12:11:02 | C178: 45293.508 | D178: AHMAD SYAKIR ARISTAMA | F178: A24012248 | G178: 21/08/2022 | H178: 4 th 0 bl | I178: LAKI-LAKI | J178: BANYAK OMONG | K178: ISLAM | L178: IRMA RISKIMA | M178: TENAGA KESEHATAN | N178: SYEKH ARPI | O178: PENGUSAHA | P178: CABANG KIRI GG. SEDERHANA | Q178: PARIT BARU | R178: SUNGAI RAYA | S178: KUBU RAYA | T178: KALIMANTAN BARAT | U178: 08981380248
B179: 03/01/2024 10:46:11 | C179: 45294.449 | D179: MUHAMMAD AKRAM ZAYDAN | F179: M24011880 | G179: 07/03/2018 | H179: 8 th 5 bl | I179: LAKI-LAKI | J179: KURANG FOKUS | K179: ISLAM | L179: MIERANDHA EDWARD LUBIS | M179: IBU RUMAH TANGGA | N179: NOFIANDY SURYA | O179: WIRASWASTA | P179: DESA KAPUR, KOMPLEK STAR BHAYANGKARA RESIDANCE BLOCK H NO.5 | Q179: MEKAR BARU | R179: SUNGAI RAYA | S179: KUBURAYA | T179: KALIMANTAN BARAT | U179: 0817202880
B180: 03/01/2024 12:45:15 | C180: 45294.531 | D180: MANUEL ERNANDO HALIM. | F180: M24011888 | G180: 11/09/2018 | H180: 7 th 11 bl | I180: LAKI-LAKI | J180: SPEED DELAY | K180: KATOLIK | L180: SARI YOHANA | M180: IBU RUMAH TANGGA | N180: FRENDY | O180: KARYAWAN | P180: JL.WONODADI 3 | Q180: KOTA BARU | S180: PONTIANAK | T180: KALBAR | U180: 081288306888
B181: 03/01/2024 16:00:59 | C181: 45294.667 | D181: LABIB RAZAN AL BARRA | F181: L24012270 | G181: 09/09/2022 | H181: 3 th 11 bl | I181: LAKI-LAKI | J181: MASALAH GANGGUAN MAKAN | K181: ISLAM | L181: RISKI LIANA SARI | M181: TENAGA KESEHATAN | N181: MUHAMMAD IQBAL FARIZQI | O181: PNS | P181: KOMPLEK BTN SEKAYAM INDAH. DUSUN BALAIKARANGAN 3 | Q181: BALAI KARANGAN | R181: SEKAYAM | S181: SANGGAU | T181: KALBAR | U181: 085250805070
B182: 04/01/2024 11:28:32 | C182: 45295.478 | D182: DAREV CHRISTIAN ZEGA | F182: D24012128 | G182: 16/02/2021 | H182: 5 th 6 bl | I182: LAKI-LAKI | J182: BELUM BISA LANCAR BICARA & HIPERAKTIF | K182: PROTESTAN | L182: JEEMA HERRERA EVELINA SINAGA | M182: IBU RUMAH TANGGA | N182: DARMIN USMAN ZEGA | O182: WIRASWASTA | P182: JL MADYOSARI 1 DALAM NO 51 | Q182: AKCAYA | R182: PONTIANAK | S182: PONTIANAK SELATAN | T182: KALBAR | U182: 089603315528
B183: 04/01/2024 14:18:15 | C183: 45295.596 | D183: ARVAN RAYHAN DIANDITA | F183: A24012160 | G183: 19/08/2021 | H183: 5 th 0 bl | I183: LAKI-LAKI | J183: TERAPI PERILAKU DAN TERAPI WICARA | K183: ISLAM | L183: RESSY SERLIANDARI | M183: IBU RUMAH TANGGA | N183: BAGUS DIANDITA | O183: PNS | P183: SUNGAI RAYA DALAM KOMP. SRIKANDI 06 | Q183: SUNGAI RAYA | R183: SUNGAI RAYA | S183: KUBU RAYA | T183: KALIMANTAN BARAT | U183: 085654550060
B184: 04/01/2024 20:07:59 | C184: 45295.839 | D184: JEVANO ANG | F184: J24012186 | G184: 07/07/2021 | H184: 5 th 1 bl | I184: LAKI-LAKI | J184: BELUM BISA NGOMONG, HANYA BISA MANGGIL PAPA MAMA KOKO DADAH GAK YA | K184: KATOLIK | L184: SILVIA | M184: IBU RUMAH TANGGA | N184: HENDRA | O184: WIRASWASTA | P184: JL SRIKANDI KOMP HOSANA FHILEO BLOK BB22 | Q184: SUNGAI RAYA DALAM | R184: SUNGAI RAYA | S184: KUBU RAYA | T184: KALIMANTAN BARAT | U184: 089625550586
B185: 06/01/2024 16:37:43 | C185: 45297.693 | D185: HAFIZH AL FARREL DAMARIO | F185: H24011797 | G185: 22/12/2017 | H185: 8 th 8 bl | I185: LAKI-LAKI | J185: BICARA KURANG JELAS | K185: ISLAM | L185: RAWAN TRI SULISTYA | M185: IBU RUMAH TANGGA | N185: LUSINANTO HARTADI | O185: SWASTA | P185: JL. KARYA PERUMAHAN GRAHA KIRANA 13 NO.A4 | Q185: SUNGAI KAKAP | R185: KOTA BARU | S185: KOTA BARU | T185: PONTIANAK | U185: 081286995997
B186: 07/01/2024 17:23:41 | C186: 45298.725 | D186: ARKAN SUBHAN ALFARIZI | F186: A24011631 | G186: 21/01/2016 | H186: 10 th 7 bl | I186: LAKI-LAKI | J186: CEREBRAL PALSY, BELUM BISA BERJALAN | K186: ISLAM | L186: EKA LESTARI | M186: PNS | N186: DWI RACHMAWAN | O186: PNS | P186: JL. UJUNG PANDANG GG. BALA ARUNG NO 17 | Q186: KELURAHAN SUNGAI JAWI | R186: PONTIANAK KOTA | S186: KOTA PONTIANAK | T186: KALIMANTAN BARAT | U186: 085820410031
B187: 07/01/2024 17:37:36 | C187: 45298.734 | D187: TALINO CASSIUS SILSLAHI | F187: T24012146 | G187: 04/01/2021 | H187: 5 th 7 bl | I187: LAKI-LAKI | J187: SPEECH DELAY | K187: KATOLIK | L187: FLORENSIA INDAN STEPANI | M187: KARYAWAN SWASTA | N187: BENNY PERNANDO SILALAHI | O187: KARYAWAN SWASTA | P187: JALAN DANAU SENTARUM GG. KALI BENING (RUMAH KE-10) | Q187: SUNGAI BANGKONG | R187: PONTIANAK KOTA | S187: PONTIANAK | T187: KALIMANTAN BARAT | U187: 081286234546
B188: 07/01/2024 19:11:28 | C188: 45298.8 | D188: MACK KIO JUANSON | F188: M24012123 | G188: 23/09/2021 | H188: 4 th 11 bl | I188: LAKI-LAKI | J188: UMUR 2 TAHUN 4 BULAN MALAS BICARA | K188: KATOLIK | L188: JULIANA | M188: IBU RUMAH TANGGA | N188: ANDY | O188: KARYAWAN | P188: JL. MERDEKA NO.506 | Q188: MARIANA | R188: PONTIANAK KOTA | S188: KOTA PONTIANAK | T188: KALIMANTAN BARAT | U188: 085247179223
B189: 08/01/2024 16:02:53 | C189: 45299.669 | D189: DHARSATA INDIRA | F189: D24012374 | G189: 16/03/2023 | H189: 3 th 5 bl | I189: PEREMPUAN | J189: LEHER BELUM TEGAK DAN BADAN SERING DIKAKUKAN | K189: ISLAM | L189: DITA OCTAVIA | M189: IBU RUMAH TANGGA | N189: JARNO | O189: BURUH | P189: DUSUN SUMBER REJO RT 003 RW 002 | Q189: PINANG DALAM | R189: KUBU | S189: KUBU RAYA/PONTIANAK | T189: KALIMANTAN BARAT | U189: 085787680674
B190: 09/01/2024 11:45:22 | C190: 45300.49 | D190: AZRAQI ELFATHAN SANDI | F190: A24012258 | G190: 02/11/2022 | H190: 3 th 9 bl | I190: LAKI-LAKI | J190: LEHER BELUM KUAT DALAM KEADAAN TEGAK, BELUM BISA DUDUK | K190: ISLAM | L190: NURBAITI | M190: PEGAWAI BUMN | N190: FARISSANDI | O190: WIRASWASTA | P190: JALAN RASAU, PERUMAHAN TALITHA CLUSTER NO 26A | Q190: KUALA DUA | R190: SUNGAI RAYA | S190: KUBU RAYA | T190: KALIMANTAN BARAT | U190: 089693802558
B191: 09/01/2024 15:07:20 | C191: 45300.63 | D191: AIDILIA SHAFA MARWAH | F191: A24012108 | G191: 19/07/2021 | H191: 5 th 1 bl | I191: PEREMPUAN | J191: TERLAMBAT BICARA | K191: ISLAM | L191: OKTAVI INDAHSARI | M191: IBU RUMAH TANGGA | N191: BUDI | O191: WIRASWASTA | P191: KOMPLEK BHAYANGKARA ASRI BLOK C NO. 7 | Q191: DESA KAPUR | R191: SEI RAYA | S191: KUBU RAYA | T191: KALIMANTAN BARAT | U191: 081347167808
B192: 09/01/2024 18:00:16 | C192: 45300.75 | D192: SYECH MUHAMMAD SALMAN | F192: S24011975 | G192: 23/12/2019 | H192: 6 th 8 bl | I192: LAKI-LAKI | J192: SPEECH DISORDER | K192: ISLAM | L192: PRATIWI RAMELIA | M192: PEGAWAI PEMERINTAH | N192: SYECH SADAM HUSIN | O192: WIRASWASTA | P192: KOMP. BERDIKARI INDAH 2, NO. D6 | Q192: PAL LIMA | R192: PONTIANAK BARAT | S192: PONTIANAK | T192: KALIMANTAN BARAT | U192: 089531735775
... B224: 26/02/2024 16:15:32 | C224: 45348.677 | D224: MAFAZA RAFI SALONG | F224: M24022037 | G224: 24/11/2020 | H224: 5 th 9 bl | I224: LAKI-LAKI | J224: SPEAK DELAY DAN HIPERAKTIF | K224: ISLAM | L224: DESSY | M224: PNS | N224: M. SALEH SALONG | O224: TNI AD | P224: JALAN PARIT MAKMUR | Q224: SIANTAN TENGAH | R224: PONTIANAK UTARA | S224: KOTA PONTIANAK | T224: KALIMANTAN BARAT | U224: 081256657537
B225: 01/03/2024 19:43:34 | C225: 45352.822 | D225: NOEL GABRIEL | F225: N24032267 | G225: 03/12/2022 | H225: 3 th 8 bl | I225: LAKI-LAKI | J225: BELUM BISA BERDIRI TRS BERJALAN | K225: PROTESTAN | L225: RENI | M225: IBU RUMAH TANGGA | N225: HENDRA | O225: WIRASWASTA | P225: JL PARIT PANGERAN | Q225: SIANTAN HULU | R225: PONTIANAK UTARA | S225: PONTIANAK | T225: KALIMANTAN BARAT | U225: 089644134567 | V225: GOOGLE MAPS
B226: 02/03/2024 11:38:46 | C226: 45353.485 | D226: MUHAMMAD SIROJUL MUNIR | F226: M24031896 | G226: 18/08/2018 | H226: 8 th 0 bl | I226: LAKI-LAKI | J226: TIDAK FOKUS, TIDAK BISA DI AJAK BERKOMUNIKASI | K226: ISLAM | L226: SRI DEWI INDRIANI | M226: IBU RUMAH TANGGA | N226: ABDUL AZIZ MS | O226: WIRASWASTA | P226: JL. H. RAIS A RAHMAN GG. SAMPANG NO.2 | Q226: SUNGAI JAWI DALAM | R226: PONTIANAK BARAT | S226: PONTIANAK | T226: KALIMANTAN BARAT | U226: 082152187296 | V226: INSTAGRAM
B227: 03/03/2024 12:13:58 | C227: 45354.51 | D227: EIRYN WINELLA | F227: E24032109 | G227: 29/12/2021 | H227: 4 th 8 bl | I227: PEREMPUAN | J227: TIDAK BISA MENGUNYAH | K227: KATOLIK | L227: AGNES VERONIKA | M227: KARYAWAN SWASTA | N227: KENNY ADITYA | O227: WIRASWASTA | P227: JL KH AHMAD DAHLAN GG MARGOSARI NO 19 | Q227: SEI BANGKONG | R227: PONTIANAK KOTA | S227: KOTA PONTIANAK | T227: KALIMANTAN BARAT | U227: 085795728209 | V227: INSTAGRAM
B228: 03/03/2024 14:47:49 | C228: 45354.617 | D228: WEWA ALFHARIZQI | F228: W24031649 | G228: 29/12/2016 | H228: 9 th 8 bl | I228: LAKI-LAKI | J228: LAMBAT BICARA | K228: ISLAM | L228: WENNI HERVIANI S.PD,M.PD | M228: GURU / DOSEN | N228: I WAYAN SUDHARMA | O228: GASMAN BULOG | P228: JALAN KAPTEN PIERE TENDEAN KETAPANG KALBAR | Q228: SUKAHARJA | R228: DELTA PAWAN | S228: KETAPANG | T228: KALBAR | U228: 082246391149 | V228: INSTAGRAM
B229: 04/03/2024 17:23:44 | C229: 45355.725 | D229: ABANG ACHMAD AZKA ALFARIZQI | F229: A24032090 | G229: 10/04/2020 | H229: 6 th 4 bl | I229: LAKI-LAKI | J229: SPEECH DELAY, TANTRUM, HIPERAKTIF DAN GANGGUAN FOKUS | K229: ISLAM | L229: FITRI | M229: PNS | N229: BERRY | O229: PNS | P229: PUTUSSIBAU | Q229: HILIR KANTOR | R229: PUTUSSIBAU UTARA | S229: KAPUAS HULU | T229: KALIMANTAN BARAT | U229: 081258160190 | V229: INFORMASI KERABAT
B230: 05/03/2024 12:32:22 | C230: 45356.522 | D230: GALISTA CANDRA | F230: G24032079 | G230: 18/06/2020 | H230: 6 th 2 bl | I230: PEREMPUAN | J230: SAKIT LEHER | K230: BUDDHA | L230: JENNYLIA CHRISTYANIE | M230: PENGUSAHA | N230: CANDRA HENDI | O230: PENGUSAHA | P230: JL DR WAHIDIN | Q230: SUNGAI JAWI | R230: PONTIANAK KOTA | S230: KOTA PONTIANAK | T230: KALIMANTAN BARAT | U230: 087818298879 | V230: INFORMASI KERABAT
B231: 07/03/2024 18:13:31 | C231: 45358.759 | D231: M.KHOIRUL AZAM | F231: M24032159 | G231: 15/02/2021 | H231: 5 th 6 bl | I231: LAKI-LAKI | J231: DALAM BUGIS | K231: ISLAM | L231: INAROTUL HASANAH | M231: IBU RUMAH TANGGA | N231: ABDULLAH | O231: SWASTA | P231: JL. TQNJUNG RAYA 1 GG PERMAI NO.12B | Q231: DALAM BUGIS | R231: PONTIANAK TIMUR | S231: PONTIANAK | T231: KALBAR | U231: 081230390559 | V231: GOOGLE MAPS
B232: 13/03/2024 12:05:29 | C232: 45364.504 | D232: DHEFIN AL QARNI AKBARSADHANA | F232: D24032194 | G232: 22/04/2021 | H232: 5 th 4 bl | I232: LAKI-LAKI | J232: KELUHAN: 1. KEMAMPUAN BAHASA. ANAK BELUM BISA BERBICARA DALAM BENTUK KALIMAT DAN BERKOMUNIKASI 2 ARAH. 2. ⁠FOKUS. ANAK TERKADANG MASIH BELUM FOKUS KETIKA DIAJAK BERKOMUNIKASI ATAU SAAT SEDANG BACA BUKU SUKA MEMBALIK KE HALAMAN YANG PALING DISUKAI AJA. 3. ⁠EMOSI. PENDALIAN EMOSI MASIH BELUM MAKSIMAL DIKARENAKAN ANAK MASIH BELUM BISA MENYAMPAIKAN APA YANG DIRASAKANNYA, BIASANYA DISAMPAIKAN DGN CARA NANGIS. 4. ⁠SEPARATION ANXIETY. AWAL2 PINDAH KE PONTIANAK, ANAK TIDAK MAU LEPAS DR MAMA/AYAHNYA, KECUALI SAAT SEDANG FOKUS BERMAIN TIDAK AKAN LANGSUNG MENCARI ORGTUANYA. 5. ⁠SENSORI MOTORIK. DR HASIL SCREENING SBLMNYA, ANAK MEMILIKI KENDALA REFLEKS YG BELUM OPTIMAL SEHINGGA MENGHAMBAT KEMAMPUAN DI KELUHAN 1-4. | K232: ISLAM | L232: DITA | M232: IBU RUMAH TANGGA | N232: DIRGA | O232: PNS | P232: JL BINTANGOR II NO. 20 | Q232: TANJUNG HULU | R232: PONTIANAK TIMUR | S232: KOTA PONTIANAK | T232: KALIMANTAN BARAT | U232: 081315791994 | V232: GOOGLE MAPS
B233: 15/03/2024 17:43:40 | C233: 45366.739 | D233: SHANUM ALMAHYRA ADHISTY | F233: S24032322 | G233: 08/10/2023 | H233: 2 th 10 bl | I233: PEREMPUAN | J233: LINGKAR KEPALA KECIL | K233: ISLAM | L233: DA'IMATUL HASANAH | M233: TENAGA KESEHATAN | N233: AGUSTIANSYAH | O233: TENAGA KESEHATAN | P233: JALAN KENARI GG MERAK 2 DALAM | Q233: MARIANA | R233: PONTIANAK KOTA | S233: PONTIANAK | T233: KALIMANTAN BARAT | U233: 082352039722 | V233: INFORMASI KERABAT
B234: 18/03/2024 15:28:01 | C234: 45369.644 | D234: DARREN LIU | F234: D24031882 | G234: 25/10/2018 | H234: 7 th 10 bl | I234: LAKI-LAKI | J234: BICARA BELUM LANCAR, TIDAK MAU MENGUNYAH, BELUM BISA PEGANG PENSIL DENGAN BENAR | K234: KHONGHUCU | L234: NOVITA YULIANA | M234: IBU RUMAH TANGGA | N234: AGUS SUHENDRA | O234: KARYAWAN | P234: JL NIRBAYA GG TATA KOTA NO 32B | Q234: KOTA BARU | R234: PONTIANAK SELATAN | S234: PONTIANAK | T234: KALIMANTAN BARAT | U234: 085845532882 | V234: INSTAGRAM
B235: 21/03/2024 3:18:14 | C235: 45372.138 | D235: MUHAMMAD FAREL DAFFA | F235: M24032177 | G235: 13/11/2021 | H235: 4 th 9 bl | I235: LAKI-LAKI | J235: KOSA KATA SEDIKIT | K235: ISLAM | L235: EMIL FIRMANIA | M235: WIRASWASTA | N235: MUHAMMAD RIZKI ARDIANSYAH | O235: TENAGA KESEHATAN | P235: JL PETANI KOMPLEK IQHSAN PETANI NO 12 | Q235: SUNGAI JAWI | R235: PONTIANAK KOTA | S235: PONTIANAK | T235: KALIMANTAN BARAT | U235: 085820465677 | V235: INFORMASI KERABAT
B236: 21/03/2024 14:20:42 | C236: 45372.598 | D236: SHEA XAVIERA RENGKUAN | F236: S24032136 | G236: 30/04/2021 | H236: 5 th 4 bl | I236: PEREMPUAN | J236: BELUM LANCAR BICARA | K236: PROTESTAN | L236: YULIANA | M236: WIRASWASTA | N236: YORIS RENGKUAN | O236: WIRASWASTA | P236: JALAN PADAT KARYA KOMPLEK SBR 7 NO I 20 | Q236: SAIGON | R236: PONTIANAK TIMUR | S236: PONTIANAK | T236: KALBAR | U236: 089689556336 | V236: INSTAGRAM
... B625: 19/05/2025 19:51:32 | C625: 45796.827 | D625: SHAFIQA AZMYA FAIZA | F625: S25051887 | G625: 05/11/0018 | H625: 7 th 9 bl | I625: PEREMPUAN | J625: BELUM BISA MENYEBUT HURUF R DENGAN BENAR | K625: ISLAM | L625: RISKA DEWINDA | M625: PNS | N625: FAUZI MUBARAK | O625: PNS | P625: JALAN PAK BENCENG | Q625: SEI BANGKONG | R625: PONTIANAK KOTA | S625: PONTIANAK | T625: KALIMANTAN BARAT | U625: 085245991987 | V625: INSTAGRAM
B626: 21/05/2025 14:19:10 | C626: 45798 | D626: ARSHAKA ZAID ALKHALIFI | E626: SHAKA | F626: A25052113 | G626: 22/11/2021 | H626: 4 th 9 bl | I626: LAKI-LAKI | J626: UMUR 3THN 6 BLN BELUM ADA KOSA KATA,MATA TIDAK FOKUS KETIKA DI AJAK BERBICARA,KADANG TIBA² KETAWA SENDIRI,SUKA NGOCEH SENDIRI,KALAU MARAH SUKA LEMPAR BARANG, | K626: ISLAM | L626: TRI WAHYU DANTI | M626: IBU RUMAH TANGGA | N626: MOHTAR PRAWONO | O626: WIRASWASTA | P626: AMBOYO INTI,RT 2 RW 3,NGABANG,LANDAK , KALIMANTAN BARAT | Q626: AMBOYO INTI | R626: NGABANG | S626: LANDAK | T626: KALIMANTAN BARAT | U626: 081253318813 | V626: INFORMASI KERABAT
B627: 22/05/2025 8:49:00 | D627: MUHAMMAD NABIL NUGRAHA | E627: NABIL | G627: 24/01/2020 | I627: LAKI-LAKI | J627: GANGGUAN BAHASA EKSPRESIF, ADHD | K627: ISLAM | L627: ADRIYANTIKA | M627: GURU / DOSEN | N627: YUGO | O627: KARYAWAN SWASTA | P627: JL. KH. ABDURAHMAN WAHID | Q627: KUALA DUA | R627: SUNGAI RAYA | S627: KUBU RAYA | T627: KALIMANTAN BARAT | U627: 085705373223 | V627: INSTAGRAM
B628: 22/05/2025 12:33:14 | D628: ADTIYA ZAINUL MUTTAQIN | E628: KIKI | G628: 08/08/2021 | I628: LAKI-LAKI | J628: TIDAK MERESPON DAN TIDAK BERBICARA | K628: ISLAM | L628: WIWINA SATRIYA | M628: IBU RUMAH TANGGA | N628: ISKANDAR | O628: PETANI | P628: DESA TRATI | Q628: DUSUN SIPAN JAYA | R628: JANG KANG | S628: SANGGAU | T628: KALIMANTAN BARAT | U628: 081255566597 | V628: INFORMASI KERABAT
B629: 22/05/2025 14:30:52 | D629: GAVIN ELVANO SMITH | E629: GEVIN | G629: 09/10/2023 | I629: LAKI-LAKI | J629: BELUM BISA MEMANGGIL PAPA MAMA,AMBIL BARANG PAKAI TARIK TANGAN, | K629: BUDDHA | L629: SUSY | M629: WIRASWASTA | N629: FEDY | O629: WIRASWASTA | P629: JALAN PERINTIS KEMERDEKAAN KOMPLEK GERBANG PERMATA ASRI D.4 | Q629: DALAM BUGIS | R629: PONTIANAK TIMUR | S629: PONTIANAK | T629: KALIMANTAN BARAT | U629: 081351869327 | V629: DOKTER
B630: 22/05/2025 8:49:00 | D630: MUHAMMAD NABIL NUGRAHA | E630: NABIL | G630: 24/01/2020 | I630: LAKI-LAKI | J630: GANGGUAN BAHASA EKSPRESIF, ADHD | K630: ISLAM | L630: ADRIYANTIKA | M630: GURU / DOSEN | N630: YUGO | O630: KARYAWAN SWASTA | P630: JL. KH. ABDURAHMAN WAHID | Q630: KUALA DUA | R630: SUNGAI RAYA | S630: KUBU RAYA | T630: KALIMANTAN BARAT | U630: 085705373223 | V630: INSTAGRAM
B631: 22/05/2025 19:46:57 | D631: MUHAMMAD UWAIS AL QORNI | E631: UWAIS | G631: 31/01/2023 | I631: LAKI-LAKI | J631: JIKA DIPANGGIL NAMA TIDAK MENOLEH, SENYUM2 SENDIRI TANPA SEBAB DAN SUKA MELAMUN | K631: ISLAM | L631: DYANI AGA INAYAH | M631: IBU RUMAH TANGGA | N631: WAHYU SULISTIONO | O631: WIRASWASTA | P631: JL. YA'M SABRAN GG. 91 NO. 15 | Q631: TANJUNG HULU | R631: PONTIANAK TIMUR | S631: PONTIANAK | T631: KALIMANTAN BARAT | U631: 082253341625 | V631: INSTAGRAM
B632: 05/06/2025 10:45:03 | D632: JAYDEN DEON ARSENIO | E632: JAYDEN | G632: 12/05/2020 | I632: LAKI-LAKI | J632: SUSAH FOKUS, TERKADANG TAKUT/RISIH DGN SUARA HUJAN/BERISIK | K632: KATOLIK | L632: DWI NOVIANTI | M632: KARYAWAN SWASTA | N632: JERY | O632: KARYAWAN SWASTA | P632: JL. TANJUNG RAYA II KOMP. LATISHA TERRACE B5 | Q632: SAIGON | R632: PONTIANAK TIMUR | S632: PONTIANAK | T632: KALIMANTAN BARAT | U632: 085252515217 | V632: INSTAGRAM

Sheet AMBIL DATA PENGGAJIAN

Sheet JADWAL RAMADHAN 2026
B1: JADWAL GRIYA ANAK GANG SEHAT
D3: FT | J3: TW | O3: BT | R3: PSI
E4: MISWI | F4: EDO | G4: IRMA | H4: LULU | I4: TIA | K4: ADEL | L4: CHITA | P4: IRA | Q4: STEFY | S4: ISTI
B5: 46097 | D5: =$B$5 -> 46097
B6: =$B$5 -> 46097 | C6: 08.00 | D6: SYS | E6: DINDA ANGELICA DOMINIQUE | F6: OFF | G6: OFF | H6: OFF | I6: OFF | J6: SYS | K6: ALEENA MARIZA | L6: OFF | M6: OFF | N6: OFF | O6: SYS | P6: OFF | Q6: ALICE GLIONA DARCHELLE | R6: SYS | S6: OFF
C7: 09.00 | D7: SYS | E7: ATTHAR ADAM PRASETYA | F7: OFF | G7: OFF | H7: OFF | I7: OFF | J7: SYS | K7: ALEXANDER OTTO | L7: OFF | M7: OFF | N7: OFF | O7: SYS | P7: OFF | Q7: MUHAMMAD ALFATIH | R7: SYS | S7: off
B8: =$B$5 -> 46097 | C8: 10.00 | D8: SYS | E8: KAIRO GANENDRA CATRA | F8: OFF | G8: OFF | H8: off | I8: OFF | J8: SYS | K8: SHAQUEENA ALESHA MECCAYLA | L8: OFF | M8: OFF | N8: OFF | O8: SYS | P8: OFF | Q8: GEORGHINO GABRIELLO BRIO | R8: SYS | S8: OFF
B9: =$B$5 -> 46097 | C9: 11.00 | D9: SYS | E9: OFF | F9: MUHAMMAD DZAKY ALMAIR | G9: OFF | H9: KEENAN PRADIPA CHANDRA | I9: off | J9: SYS | K9: ISTIRAHAT | L9: ARSYA SHAKA SANJAYA | M9: OFF | N9: OFF | O9: SYS | P9: FATHIYA SYAFFIRA CRISTANDI | Q9: OFF | R9: SYS | S9: OFF
B10: =$B$5 -> 46097 | C10: 12.00 | D10: SYS | F10: OFF | G10: OFF | I10: OFF | J10: SYS | L10: ARETHA ZAIBA ALMIRA | M10: OFF | N10: off | O10: SYS | P10: MIKAIL LARRY | Q10: ZAYN KHALIFA ABBASY | R10: SYS | S10: OFF
B11: =$B$5 -> 46097 | C11: 13.00 | D11: SYS | E11: FIRDAUS AL QAADIRI | F11: OFF | G11: OFF | H11: MUHAMMAD AL FATIH (SUI ASAM) | I11: OFF | J11: SYS | K11: MUHAMMAD ALMEER IZHAR | L11: MIKAEL SEPTIAN ADAM MAHENDRA | M11: OFF | N11: off | O11: SYS | P11: MUHAMMAD ALFAHREZY RAHMAN | R11: SYS | S11: OFF
B12: =$B$5 -> 46097 | C12: 14.00 | D12: SYS | E12: OFF | F12: OFF | G12: OFF | H12: OFF | I12: OFF | J12: SYS | K12: OFF | L12: OFF | M12: OFF | N12: off | O12: SYS | P12: OFF | Q12: OFF | R12: SYS | S12: OFF
B13: =$B$5 -> 46097 | C13: 15.00 | D13: SYS | E13: OFF | F13: OFF | G13: OFF | H13: JESLYN YOVELA | I13: OFF | J13: SYS | K13: OFF | M13: OFF | N13: OFF | O13: SYS | Q13: OFF | R13: SYS | S13: OFF
B14: =$B$5 -> 46097 | C14: 16.00 | D14: SYS | E14: OFF | F14: OFF | G14: OFF | H14: JENNAIRA SHAHIA | I14: OFF | J14: SYS | K14: OFF | L14: JOSH GEVARIEL WIJAYA | M14: OFF | N14: off | O14: SYS | P14: HADZIQ ABRAR RAMLI | Q14: OFF | R14: SYS | S14: OFF
B15: =$B$5 -> 46097 | C15: 17.00 | D15: SYS | E15: OFF | F15: OFF | G15: OFF | H15: OFF | I15: OFF | J15: SYS | K15: OFF | L15: OFF | M15: OFF | N15: off | O15: SYS | P15: OFF | Q15: OFF | R15: SYS | S15: OFF
B16: 46098 | D16: =$B$16 -> 46098
B17: =$B$16 -> 46098 | C17: 08.00 | D17: SYS | E17: ARCHIO GREYSEN BOWMAN | F17: OFF | G17: OFF | H17: OFF | I17: OFF | J17: SYS | K17: ABIZARD BILAL WARDANY | L17: OFF | M17: OFF | N17: OFF | O17: SYS | P17: OFF | Q17: DARREN CLAY EVANO | R17: SYS | S17: OFF
B18: =$B$16 -> 46098 | C18: 09.00 | D18: SYS | E18: RIFQI SYAFIQ SYAHPUTRA | F18: OFF | G18: off | H18: OFF | I18: OFF | J18: SYS | K18: AHMAD ASHIF BARKHIYA | L18: OFF | M18: OFF | N18: OFF | O18: SYS | P18: off | Q18: ALEXANDER OTTO | R18: SYS
B19: =$B$16 -> 46098 | C19: 10.00 | D19: SYS | E19: GEORGHINO GABRIELLO BRIO | F19: off | G19: MUHAMMAD FARHAN FAJRIN | H19: OFF | I19: OFF | J19: SYS | K19: KAIRO GANENDRA CATRA | L19: OFF | M19: OFF | N19: OFF | O19: SYS | P19: OFF | Q19: Crisiant Fredrich Liu | R19: SYS | S19: OFF
B20: =$B$16 -> 46098 | C20: 11.00 | D20: SYS | E20: OFF | F20: off | G20: SHANUM ALMAHYRA ADHISTY | H20: Amira Zahra Anvini | I20: OFF | J20: SYS | K20: OFF | M20: OFF | N20: OFF | O20: SYS | P20: FATHIYA SYAFFIRA CRISTANDI | Q20: OFF | R20: SYS | S20: OFF
B21: =$B$16 -> 46098 | C21: 12.00 | D21: SYS | F21: OFF | G21: OFF | I21: OFF | J21: SYS | K21: Amira Zahra Anvini | L21: M. UWAIS KHAIRUNNAFIS ARIFIN | M21: OFF | N21: OFF | O21: SYS | P21: MIKAEL SEPTIAN ADAM MAHENDRA | R21: SYS | S21: OFF
B22: =$B$16 -> 46098 | C22: 13.00 | D22: SYS | E22: M. UWAIS KHAIRUNNAFIS ARIFIN | F22: OFF | G22: OFF | H22: MUHAMMAD AL FATIH (SUI ASAM) | I22: OFF | J22: SYS | M22: OFF | N22: OFF | O22: SYS | P22: RIVALDI RUDIANTO | Q22: EDWIN HOWARD | R22: SYS | S22: OFF
B23: =$B$16 -> 46098 | C23: 14.00 | D23: SYS | E23: OFF | F23: OFF | G23: ASSYIFA LAVANYA AZZAHRA | H23: OFF | I23: OFF | J23: SYS | K23: OFF | L23: OFF | M23: OFF | N23: OFF | O23: SYS | P23: OFF | Q23: OFF | R23: SYS | S23: OFF
B24: =$B$16 -> 46098 | C24: 15.00 | D24: SYS | E24: OFF | F24: OFF | G24: OFF | H24: REMIEL STEPHANO TAN | I24: OFF | J24: SYS | K24: OFF | M24: OFF | N24: OFF | O24: SYS | P24: JENNAIRA SHAHIA | Q24: OFF | R24: SYS | S24: OFF
B25: =$B$16 -> 46098 | C25: 16.00 | D25: SYS | E25: OFF | F25: OFF | G25: OFF | H25: RAISYA RAHMA SYAHIRA | I25: OFF | J25: SYS | K25: OFF | M25: OFF | N25: OFF | O25: SYS | P25: shafwan Abdillah | Q25: OFF | R25: SYS | S25: OFF
B26: =$B$16 -> 46098 | C26: 17.00 | D26: SYS | E26: OFF | F26: OFF | G26: OFF | H26: OFF | I26: OFF | J26: SYS | K26: OFF | L26: OFF | M26: OFF | N26: OFF | O26: SYS | P26: OFF | Q26: OFF | R26: SYS | S26: OFF
B27: 46099 | D27: =$B$27 -> 46099
B28: =$B$27 -> 46099 | C28: 08.00 | D28: SYS | E28: DINDA ANGELICA DOMINIQUE | F28: OFF | G28: OFF | H28: OFF | I28: OFF | J28: SYS | K28: MIKAEL SEPTIAN ADAM MAHENDRA | L28: OFF | M28: OFF | N28: OFF | O28: SYS | Q28: OFF | R28: SYS | S28: OFF
B29: =$B$27 -> 46099 | C29: 09.00 | D29: SYS | E29: MUHAMMAD NABIL NUGRAHA | F29: MUHAMMAD FARHAN FAJRIN | G29: OFF | H29: OFF | I29: ELDIPTHO GALEN SIPAYUNG | J29: SYS | K29: ALICE GLIONA DARCHELLE | L29: OFF | M29: OFF | N29: OFF | O29: SYS | P29: MUHAMMAD ALFATIH | Q29: OFF | R29: SYS | S29: OFF
B30: =$B$27 -> 46099 | C30: 10.00 | D30: SYS | E30: GEORGHINO GABRIELLO BRIO | F30: OFF | G30: SHANUM ALMAHYRA ADHISTY | H30: OFF | I30: OFF | J30: SYS | K30: NAUFAL MELVIANO | L30: OFF | M30: OFF | N30: OFF | O30: SYS | P30: MUHAMMAD DANISH AL FAHREZI KOSASIH | Q30: OFF | R30: SYS | S30: OFF
B31: =$B$27 -> 46099 | C31: 11.00 | D31: SYS | E31: OFF | F31: MUHAMMAD DZAKY ALMAIR | G31: OFF | H31: FATHIYA SYAFFIRA CRISTANDI | I31: OFF | J31: SYS | K31: OFF | M31: off | N31: OFF | O31: SYS | P31: OFF | Q31: KEENAN PRADIPA CHANDRA | R31: SYS | S31: OFF
B32: =$B$27 -> 46099 | C32: 12.00 | D32: SYS | F32: OFF | G32: OFF | I32: OFF | J32: SYS | M32: OFF | N32: off | O32: SYS | P32: MUHAMMAD SHAQUILLE RASENDRIA AKHZA | R32: SYS | S32: OFF
B33: =$B$27 -> 46099 | C33: 13.00 | D33: SYS | E33: HELMIZAR RIZKI DETARA | F33: OFF | G33: OFF | H33: AFIZA GAMILA SUGIYONO | I33: OFF | J33: SYS | M33: OFF | N33: off | O33: SYS | P33: MUHAMMAD AL FATIH (SUI ASAM) | Q33: DEVAN FELICIO KURNIAWAN | R33: SYS | S33: OFF
B34: =$B$27 -> 46099 | C34: 14.00 | D34: SYS | E34: OFF | F34: OFF | G34: OFF | H34: OFF | I34: OFF | J34: SYS | K34: OFF | L34: OFF | M34: OFF | N34: OFF | O34: SYS | P34: OFF | Q34: OFF | R34: SYS | S34: OFF
B35: =$B$27 -> 46099 | C35: 15.00 | D35: SYS | E35: OFF | F35: OFF | G35: OFF | H35: JESLYN YOVELA | I35: OFF | J35: SYS | K35: OFF | L35: JENNAIRA SHAHIA | M35: OFF | N35: OFF | O35: SYS | P35: OFF | Q35: RAISYA RAHMA SYAHIRA | R35: SYS | S35: OFF
B36: =$B$27 -> 46099 | C36: 16.00 | D36: SYS | E36: OFF | F36: OFF | G36: OFF | H36: HADZIQ ABRAR RAMLI | I36: OFF | J36: SYS | K36: OFF | L36: MUHAMMAD ALMEER IZHAR | M36: OFF | N36: off | O36: SYS | P36: HADZIQ ABRAR RAMLI | Q36: AMEERA SHOFIYAH IRAWAN | R36: SYS | S36: OFF
B37: =$B$27 -> 46099 | C37: 17.00 | D37: SYS | E37: OFF | F37: OFF | G37: OFF | H37: OFF | I37: OFF | J37: SYS | K37: OFF | L37: OFF | M37: OFF | N37: off | O37: SYS | P37: OFF | Q37: OFF | R37: SYS | S37: OFF
B38: 46100 | D38: =$B$38 -> 46100
B39: =$B$38 -> 46100 | C39: 08.00 | D39: SYS | E39: MARYAM AZKIA AZMA MAIZA | F39: OFF | G39: OFF | H39: OFF | I39: OFF | J39: SYS | K39: MIKAEL SEPTIAN ADAM MAHENDRA | L39: OFF | M39: OFF | N39: OFF | O39: SYS | P39: GEORGHINO GABRIELLO BRIO | Q39: OFF | R39: SYS | S39: OFF
B40: =$B$38 -> 46100 | C40: 09.00 | D40: SYS | E40: RIFQI SYAFIQ SYAHPUTRA | F40: OFF | G40: OFF | H40: OFF | I40: ELDIPTHO GALEN SIPAYUNG | J40: SYS | K40: AZQEEYA ELNARA RACAISHA | L40: OFF | M40: OFF | N40: OFF | O40: SYS | P40: AHMAD ASHIF BARKHIYA | Q40: OFF | R40: SYS | S40: OFF
B41: =$B$38 -> 46100 | C41: 10.00 | D41: SYS | E41: MUHAMMAD RAFFASYA ALFARIZQI | F41: OFF | G41: SHANUM ALMAHYRA ADHISTY | H41: OFF | I41: KHALID DIBILAL | J41: SYS | K41: Azka Zlatan | L41: OFF | M41: OFF | N41: OFF | O41: SYS | P41: MIKAEL SEPTIAN ADAM MAHENDRA | Q41: OFF | R41: SYS | S41: OFF
B42: =$B$38 -> 46100 | C42: 11.00 | D42: SYS | E42: OFF | F42: OFF | G42: OFF | H42: ATTHAR ADAM PRASETYA | I42: OFF | J42: SYS | K42: OFF | L42: Amira Zahra Anvini | M42: off | N42: OFF | O42: SYS | P42: OFF | R42: SYS | S42: OFF
B43: =$B$38 -> 46100 | C43: 12.00 | D43: SYS | E43: Amira Zahra Anvini | F43: OFF | G43: off | H43: GAVRIEL FRITZ LIU | I43: ISTIRAHAT | J43: SYS | K43: MIKAIL LARRY | L43: MUHAMMAD SHAQUILLE RASENDRIA AKHZA | M43: off | N43: off | O43: SYS | P43: DARREN CLAY EVANO | Q43: EDWIN HOWARD | R43: SYS | S43: OFF
B44: =$B$38 -> 46100 | C44: 13.00 | D44: SYS | F44: OFF | G44: OFF | H44: ADAM AL FATIH | I44: OFF | J44: SYS | L44: ARETHA ZAIBA ALMIRA | M44: OFF | N44: off | O44: SYS | P44: MUHAMMAD AL FATIH (SUI ASAM) | Q44: M. KHALID AL BIRUNI PRIVATI | R44: SYS | S44: OFF
B45: =$B$38 -> 46100 | C45: 14.00 | D45: SYS | E45: OFF | F45: OFF | G45: ASSYIFA LAVANYA AZZAHRA | H45: OFF | I45: M. KHALID AL BIRUNI PRIVATI | J45: SYS | K45: OFF | L45: OFF | M45: OFF | N45: OFF | O45: SYS | P45: OFF | Q45: OFF | R45: SYS | S45: OFF
B46: =$B$38 -> 46100 | C46: 15.00 | D46: SYS | E46: OFF | F46: OFF | G46: OFF | I46: OFF | J46: SYS | K46: OFF | M46: OFF | N46: OFF | O46: SYS | P46: OFF | Q46: ARCHIO GREYSEN BOWMAN | R46: SYS | S46: OFF
B47: =$B$38 -> 46100 | C47: 16.00 | D47: SYS | E47: OFF | F47: OFF | G47: OFF | I47: OFF | J47: SYS | K47: OFF | L47: ALETTA AMEERA SYAZANI | M47: OFF | N47: off | O47: SYS | P47: OFF | Q47: CLEON WILSON CHEN | R47: SYS | S47: OFF
B48: =$B$38 -> 46100 | C48: 17.00 | D48: SYS | E48: OFF | F48: OFF | G48: OFF | H48: OFF | I48: OFF | J48: SYS | K48: OFF | L48: OFF | M48: OFF | N48: off | O48: SYS | P48: OFF | Q48: OFF | R48: SYS | S48: OFF
B49: 46101 | D49: =$B$49 -> 46101
B50: =$B$49 -> 46101 | C50: 08.00 | D50: SYS | E50: OFF | F50: OFF | G50: OFF | H50: OFF | I50: OFF | J50: SYS | K50: OFF | L50: OFF | M50: OFF | N50: OFF | O50: SYS | P50: GEORGHINO GABRIELLO BRIO | Q50: OFF | R50: SYS | S50: OFF
B51: =$B$49 -> 46101 | C51: 09.00 | D51: SYS | E51: OFF | F51: OFF | G51: OFF | H51: OFF | I51: OFF | J51: SYS | K51: OFF | L51: OFF | M51: OFF | N51: OFF | O51: SYS | P51: AZQEEYA ELNARA RACAISHA | Q51: off | R51: SYS | S51: OFF
B52: =$B$49 -> 46101 | C52: 10.00 | D52: SYS | E52: OFF | F52: OFF | G52: OFF | H52: OFF | I52: OFF | J52: SYS | K52: OFF | L52: OFF | M52: OFF | N52: OFF | O52: SYS | P52: Crisiant Fredrich Liu | Q52: OFF | R52: SYS | S52: OFF
B53: =$B$49 -> 46101 | C53: 11.00 | D53: SYS | E53: OFF | F53: OFF | G53: OFF | H53: FATHIYA SYAFFIRA CRISTANDI | I53: off | J53: SYS | K53: OFF | L53: AHMAD HAZIQ FAHLEVI | M53: off | N53: OFF | O53: SYS | P53: OFF | Q53: OFF | R53: SYS | S53: OFF
B54: =$B$49 -> 46101 | C54: 12.00 | D54: SYS | E54: OFF | F54: OFF | G54: OFF | H54: MUHAMMAD AL FATIH (SUI ASAM) | I54: ISTIRAHAT | J54: SYS | K54: OFF | M54: off | N54: off | O54: SYS | Q54: OFF | R54: SYS | S54: OFF
B55: =$B$49 -> 46101 | C55: 13.00 | D55: SYS | E55: OFF | F55: OFF | G55: OFF | I55: OFF | J55: SYS | K55: OFF | L55: MUHAMMAD FARHAN FAJRIN | M55: OFF | N55: off | O55: SYS | P55: DEVAN FELICIO KURNIAWAN | Q55: OFF | R55: SYS | S55: OFF
B56: =$B$49 -> 46101 | C56: 14.00 | D56: SYS | E56: OFF | F56: OFF | G56: OFF | H56: OFF | I56: OFF | J56: SYS | K56: OFF | L56: OFF | M56: OFF | N56: OFF | O56: SYS | P56: OFF | Q56: OFF | R56: SYS | S56: OFF
B57: =$B$49 -> 46101 | C57: 15.00 | D57: SYS | E57: OFF | F57: OFF | G57: OFF | H57: IMTIYAZ SYAFID HENMAS KHALIFI | I57: OFF | J57: SYS | K57: OFF | L57: M. KHALID AL BIRUNI PRIVATI | M57: OFF | N57: OFF | O57: SYS | P57: OFF | Q57: OFF | R57: SYS | S57: OFF
B58: =$B$49 -> 46101 | C58: 16.00 | D58: SYS | E58: OFF | F58: OFF | G58: OFF | I58: OFF | J58: SYS | K58: OFF | L58: ARAFAH ZAHRA SYAHPUTRI | M58: OFF | N58: off | O58: SYS | P58: OFF | Q58: OFF | R58: SYS | S58: OFF
B59: =$B$49 -> 46101 | C59: 17.00 | D59: SYS | E59: OFF | F59: OFF | G59: OFF | H59: OFF | I59: OFF | J59: SYS | K59: OFF | L59: OFF | M59: OFF | N59: off | O59: SYS | P59: OFF | Q59: OFF | R59: SYS | S59: OFF
B60: 46095 | D60: =$B$60 -> 46095
B61: =$B$60 -> 46095 | C61: 08.00 | D61: SYS | E61: DINDA ANGELICA DOMINIQUE | F61: OFF | G61: OFF | H61: OFF | I61: OFF | J61: SYS | K61: DZAKY AMIR | L61: OFF | M61: OFF | N61: OFF | O61: SYS | P61: OFF | Q61: OFF | R61: SYS | S61: OFF
B62: =$B$60 -> 46095 | C62: 09.00 | D62: SYS | E62: FIRDAUS AL QAADIRI | F62: OFF | G62: BARRAN MUHAMMAD ANGGARA | H62: OFF | I62: OFF | J62: SYS | K62: Shafwan Abdillah | L62: OFF | M62: OFF | N62: OFF | O62: SYS | P62: OFF | Q62: OFF | R62: SYS | S62: ADENDI TES IQ
B63: =$B$60 -> 46095 | C63: 10.00 | D63: SYS | E63: MUHAMMAD RAFFASYA ALFARIZQI | F63: OFF | G63: OFF | H63: OFF | I63: OFF | J63: SYS | K63: MUHAMMAD DANISH AL FAHREZI KOSASIH | L63: OFF | M63: OFF | N63: OFF | O63: SYS | P63: OFF | Q63: OFF | R63: SYS | S63: OFF
B64: =$B$60 -> 46095 | C64: 11.00 | D64: SYS | E64: OFF | F64: CHARISE AMARIS LAVINA | G64: OFF | H64: REMIEL STEPHANO TAN | I64: OFF | J64: SYS | K64: off | L64: Azka Zlatan | M64: off | N64: OFF | O64: SYS | P64: OFF | Q64: ADAM AL FATIH | R64: SYS | S64: OFF
B65: =$B$60 -> 46095 | C65: 12.00 | D65: SYS | E65: GAVRIEL FRITZ LIU | F65: OFF | G65: OFF | H65: HELMIZAR RIZKI DETARA | I65: BERWYN JAVIER KHO | J65: SYS | K65: ARETHA ZAIBA ALMIRA | L65: AOZORA VALI INDICA | M65: off | N65: off | O65: SYS | P65: OFF | Q65: EDWIN HOWARD | R65: SYS | S65: OFF
B66: =$B$60 -> 46095 | C66: 13.00 | D66: SYS | E66: SALDIVYA JENNAIRA | F66: OFF | G66: AFIZA GAMILA SUGIYONO | H66: ALEEYA RABBANI ZANNATA PUTRI | I66: MIKAEL SEPTIAN ADAM MAHENDRA | J66: SYS | L66: HABIBI FARIZ WAHYUDI | M66: OFF | N66: off | O66: SYS | P66: DEVAN FELICIO KURNIAWAN | Q66: TALINO CASSIUS SILSLAHI | R66: SYS | S66: OFF
B67: =$B$60 -> 46095 | C67: 14.00 | D67: SYS | E67: OFF | F67: OFF | G67: OFF | H67: OFF | J67: SYS | K67: OFF | L67: OFF | M67: OFF | N67: OFF | O67: SYS | P67: OFF | Q67: OFF | R67: SYS | S67: OFF
B68: =$B$60 -> 46095 | C68: 15.00 | D68: SYS | E68: OFF | F68: OFF | G68: OFF | H68: HAFIZ ARKANANTA | I68: LOUIE OSWYTH LAMBERT | J68: SYS | K68: OFF | L68: ABIZARD BILAL WARDANY | M68: OFF | N68: OFF | O68: SYS | P68: OFF | Q68: ALETTA AMEERA SYAZANI | R68: SYS | S68: OFF
B69: =$B$60 -> 46095 | C69: 16.00 | D69: SYS | E69: OFF | F69: OFF | G69: OFF | H69: TRIAZKA EKY SUWISNO | I69: OFF | J69: SYS | K69: OFF | L69: IBRAHIM DERA RAFFAZA | M69: OFF | N69: off | O69: SYS | P69: OFF | Q69: DZAKY AMIR | R69: SYS | S69: OFF
B70: =$B$60 -> 46095 | C70: 17.00 | D70: SYS | E70: OFF | F70: OFF | G70: OFF | H70: OFF | I70: OFF | J70: SYS | K70: OFF | L70: OFF | M70: OFF | N70: off | O70: SYS | P70: OFF | Q70: OFF | R70: SYS | S70: OFF
B71: 46082 | D71: =$B$71 -> 46082
B72: =$B$71 -> 46082 | C72: 08.00 | D72: SYS | E72: OFF | F72: OFF | G72: OFF | H72: OFF | I72: OFF | J72: SYS | K72: DZAKY AMIR | L72: OFF | M72: OFF | N72: OFF | O72: SYS | P72: Nizam | Q72: OFF | R72: SYS | S72: OFF
B73: =$B$71 -> 46082 | C73: 09.00 | D73: SYS | E73: OFF | F73: OFF | G73: OFF | H73: OFF | I73: OFF | J73: SYS | K73: ABIZARD BILAL WARDANY | L73: OFF | M73: OFF | N73: OFF | O73: SYS | P73: AMEERA SHOFIYAH IRAWAN | Q73: OFF | R73: SYS | S73: OFF
B74: =$B$71 -> 46082 | C74: 10.00 | D74: SYS | E74: OFF | F74: OFF | G74: OFF | H74: OFF | I74: OFF | J74: SYS | K74: HABIBI FARIZ WAHYUDI | L74: OFF | M74: OFF | N74: OFF | O74: SYS | P74: JOSH GEVARIEL WIJAYA | Q74: OFF | R74: SYS | S74: OFF
B75: =$B$71 -> 46082 | C75: 11.00 | D75: SYS | E75: OFF | F75: OFF | G75: JUSTIN CLAUDIO | H75: JUSTIN CLAUDIO | I75: OFF | J75: SYS | K75: OFF | L75: OFF | M75: off | N75: OFF | O75: SYS | P75: off | Q75: AOZORA VALI INDICA | R75: SYS | S75: OFF
B76: =$B$71 -> 46082 | C76: 12.00 | D76: SYS | E76: OFF | F76: OFF | G76: RAYYA FATIHAH RAZAANA | I76: OFF | J76: SYS | K76: MIKAEL SEPTIAN ADAM MAHENDRA | L76: OFF | M76: off | N76: off | O76: SYS | P76: MUHAMMAD RAFAEYZA RYANDRIE | Q76: BERWYN JAVIER KHO | R76: SYS | S76: OFF
B77: =$B$71 -> 46082 | C77: 13.00 | D77: SYS | E77: OFF | F77: OFF | I77: OFF | J77: SYS | K77: CAYSON OSWALD LIYARDI | L77: OFF | M77: OFF | N77: off | O77: SYS | P77: NAUFAL MELVIANO | Q77: TALINO CASSIUS SILSLAHI | R77: SYS | S77: OFF
B78: =$B$71 -> 46082 | C78: 14.00 | D78: SYS | E78: OFF | F78: OFF | G78: OFF | H78: OFF | I78: OFF | J78: SYS | K78: OFF | L78: OFF | M78: OFF | N78: OFF | O78: SYS | P78: OFF | Q78: OFF | R78: SYS | S78: OFF
B79: =$B$71 -> 46082 | C79: 15.00 | D79: SYS | E79: OFF | F79: OFF | G79: BARRAN MUHAMMAD ANGGARA | H79: REFINKHA ZETYA ARNINDHA | I79: OFF | J79: SYS | K79: OFF | L79: OFF | M79: OFF | N79: OFF | O79: SYS | P79: OFF | Q79: RATU ELEANOR RONAULI SITORUS | R79: SYS | S79: OFF
B80: =$B$71 -> 46082 | C80: 16.00 | D80: SYS | E80: OFF | F80: OFF | G80: REFINKHA ZETYA ARNINDHA | I80: OFF | J80: SYS | K80: OFF | L80: OFF | M80: OFF | N80: off | O80: SYS | P80: OFF | Q80: Keenan Gianov Victor | R80: SYS | S80: OFF
B81: =$B$71 -> 46082 | C81: 17.00 | D81: SYS | E81: OFF | F81: OFF | G81: OFF | H81: OFF | I81: OFF | J81: SYS | K81: OFF | L81: OFF | M81: OFF | N81: off | O81: SYS | P81: OFF | Q81: OFF | R81: SYS | S81: OFF

Sheet JADWAL TERAPI BARU
B1: JADWAL GRIYA ANAK GANG SEHAT
D3: FT | J3: TW | O3: BT | R3: PSI
E4: MISWI | F4: EDO | G4: IRMA | H4: LULU | I4: TIA | K4: ADEL | L4: CHITA | P4: IRA | Q4: STEFY | S4: ISTI
B5: 46118 | D5: =$B$5 -> 46118
B6: =$B$5 -> 46118 | C6: 08.00 | D6: SYS | E6: DINDA ANGELICA DOMINIQUE | F6: OFF | G6: OFF | H6: OFF | I6: OFF | J6: SYS | K6: off | L6: ARSYA SHAKA SANJAYA | M6: OFF | N6: OFF | O6: SYS | P6: OFF | Q6: MUHAMMAD RAYA ALSAKI | R6: SYS | S6: OFF
C7: 09.00 | D7: SYS | E7: ATTHAR ADAM PRASETYA | F7: OFF | G7: off | H7: OFF | I7: GEORGHINO GABRIELLO BRIO | J7: SYS | K7: off | L7: MUHAMMAD RAYA ALSAKI | M7: OFF | N7: OFF | O7: SYS | P7: OFF | Q7: MUHAMMAD ALFATIH | R7: SYS | S7: OFF
B8: =$B$5 -> 46118 | C8: 10.00 | D8: SYS | E8: KEENAN PRADIPA CHANDRA | F8: OFF | G8: OFF | H8: OFF | I8: SHAQUEENA ALESHA MECCAYLA | J8: SYS | K8: OFF | L8: RAYYA AZZAHRA SULISTIONO | M8: OFF | N8: OFF | O8: SYS | P8: OFF | Q8: arsakha kanchana | R8: SYS | S8: KAIRO GANENDRA CATRA
B9: =$B$5 -> 46118 | C9: 11.00 | D9: SYS | E9: OFF | F9: MUHAMMAD DZAKY ALMAIR | G9: off | H9: OFF | I9: OFF | J9: SYS | K9: off | L9: OFF | M9: OFF | N9: OFF | O9: SYS | P9: OFF | Q9: OFF | R9: SYS | S9: OFF
B10: =$B$5 -> 46118 | C10: 12.00 | D10: SYS | F10: OFF | G10: OFF | H10: ZAYN KHALIFA ABBASY | I10: OFF | J10: SYS | K10: thoriq | L10: MUHAMMAD ARTANABIL MAUZA | M10: ARETHA ZAIBA ALMIRA | N10: OFF | O10: SYS | P10: FATHIYA SYAFFIRA CRISTANDI | Q10: GLORY | R10: SYS | S10: MIKAIL LARRY
B11: =$B$5 -> 46118 | C11: 13.00 | D11: SYS | E11: FIRDAUS AL QAADIRI | F11: OFF | G11: OFF | H11: MUHAMMAD AL FATIH (SUI ASAM) | I11: OFF | J11: SYS | K11: OFF | L11: LATIFA JAWHARA | M11: MUHAMMAD ALMEER IZHAR | N11: off | O11: SYS | P11: ELRIC LEONARD THE | Q11: MUHAMMAD ALFAHREZY RAHMAN | R11: SYS | S11: FARHAT OZKAN ATTHALLAH
B12: =$B$5 -> 46118 | C12: 14.00 | D12: SYS | E12: off | F12: OFF | G12: OFF | H12: JESLYN YOVELA | I12: OFF | J12: SYS | K12: OFF | L12: OFF | M12: IGNATIUS HANSEL TANDILINO | N12: off | O12: SYS | P12: mariana rumi | Q12: OFF | R12: SYS | S12: M.AL HANAN SYAH
B13: =$B$5 -> 46118 | C13: 15.00 | D13: SYS | E13: OFF | F13: OFF | G13: OFF | H13: OFF | I13: OFF | J13: SYS | K13: OFF | L13: OFF | M13: OFF | N13: OFF | O13: SYS | P13: OFF | Q13: OFF | R13: SYS
B14: =$B$5 -> 46118 | C14: 16.00 | D14: SYS | E14: OFF | F14: OFF | G14: OFF | H14: NELSEN ALVERO PRATAMA | I14: OFF | J14: SYS | K14: OFF | L14: OFF | M14: JOSH | N14: off | O14: SYS | P14: ALEENA | Q14: off | R14: SYS | S14: OFF
B15: =$B$5 -> 46118 | C15: 17.00 | D15: SYS | E15: OFF | F15: OFF | G15: OFF | H15: MAIZA | I15: OFF | J15: SYS | K15: OFF | L15: OFF | M15: Azka Zlatan | N15: off | O15: SYS | P15: ALEXANDER OTTO | Q15: OFF | R15: SYS | S15: OFF
B16: 46119 | D16: =$B$16 -> 46119
B17: =$B$16 -> 46119 | C17: 08.00 | D17: SYS | E17: OFF | F17: OFF | G17: OFF | H17: MIKAEL SEPTIAN ADAM MAHENDRA | I17: OFF | J17: SYS | K17: OFF | L17: ABIZARD BILAL WARDANY | M17: OFF | N17: OFF | O17: SYS | P17: MAUZAN ARFIZ ALFARIZKY | Q17: OFF | R17: SYS | S17: OFF
B18: =$B$16 -> 46119 | C18: 09.00 | D18: SYS | E18: off | F18: OFF | G18: SHANUM ALMAHYRA ADHISTY | H18: AHMAD LATIF SAFULLAH | I18: OFF | J18: SYS | K18: off | L18: AHMAD ASHIF BARKHIYA | M18: OFF | N18: OFF | O18: SYS | P18: RIFQI SYAFIQ SYAHPUTRA | Q18: OFF | R18: SYS | S18: OFF
B19: =$B$16 -> 46119 | C19: 10.00 | D19: SYS | E19: OFF | F19: OFF | G19: MUHAMMAD FARHAN FAJRIN | H19: GEORGHINO GABRIELLO BRIO | I19: OFF | J19: SYS | K19: off | L19: KAIRO GANENDRA CATRA | M19: OFF | N19: OFF | O19: SYS | P19: Crisiant Fredrich Liu | Q19: OFF | R19: SYS | S19: MATTEW BRAYENALBERGA LIE
B20: =$B$16 -> 46119 | C20: 11.00 | D20: SYS | E20: OFF | F20: OFF | G20: OFF | H20: OFF | I20: OFF | J20: SYS | K20: off | L20: OFF | M20: OFF | N20: OFF | O20: SYS | P20: OFF | Q20: OFF | R20: SYS | S20: OFF
B21: =$B$16 -> 46119 | C21: 12.00 | D21: SYS | E21: Amira Zahra Anvini | F21: OFF | G21: OFF | I21: OFF | J21: SYS | K21: off | L21: AHMAD ZAYN | M21: MUHAMMAD RAYA ALSAKI | N21: off | O21: SYS | P21: LATIFA JAWHARA | Q21: DARREN CLAY | R21: SYS
B22: =$B$16 -> 46119 | C22: 13.00 | D22: SYS | E22: LATIFA JAWHARA | F22: OFF | G22: OFF | H22: MUHAMMAD AL FATIH (SUI ASAM) | I22: OFF | J22: SYS | K22: off | L22: Amira Zahra Anvini | M22: KENIZIO ALLUCA XAVIELLE | N22: OFF | O22: SYS | P22: ELRIC LEONARD THE | Q22: MUHAMMAD RAYA ALSAKI | R22: SYS
B23: =$B$16 -> 46119 | C23: 14.00 | D23: SYS | E23: M. UWAIS KHAIRUNNAFIS ARIFIN | F23: OFF | G23: ASSYIFA LAVANYA AZZAHRA | H23: OFF | I23: off | J23: SYS | K23: OFF | L23: OFF | M23: SALIANA RALINE MARYAM | N23: OFF | O23: SYS | P23: OFF | Q23: RIVALDI RUDIANTO | R23: SYS | S23: EDWIN HOWARD
B24: =$B$16 -> 46119 | C24: 15.00 | D24: SYS | E24: OFF | F24: OFF | G24: OFF | H24: OFF | I24: OFF | J24: SYS | K24: OFF | L24: OFF | M24: OFF | N24: OFF | O24: SYS | P24: OFF | Q24: OFF | R24: SYS
B25: =$B$16 -> 46119 | C25: 16.00 | D25: SYS | E25: RAISYA RAHMA SYAHIRA | F25: OFF | G25: off | H25: OFF | I25: OFF | J25: SYS | K25: OFF | L25: OFF | M25: M.AL HANAN SYAH | N25: off | O25: SYS | P25: OFF | Q25: SHAFWAN | R25: SYS | S25: OFF
B26: =$B$16 -> 46119 | C26: 17.00 | D26: SYS | E26: REMIEL STEPHANO TAN | F26: OFF | G26: OFF | H26: off | I26: OFF | J26: SYS | K26: OFF | L26: OFF | M26: ALEXANDER OTTO | N26: off | O26: SYS | P26: AZQEEYA ELNARA RACAISHA | Q26: BENNETT HANZEL CLARENCE | R26: SYS | S26: OFF
B27: 46120 | D27: =$B$27 -> 46120
B28: =$B$27 -> 46120 | C28: 08.00 | D28: SYS | E28: OFF | F28: OFF | G28: OFF | H28: DINDA ANGELICA DOMINIQUE | I28: OFF | J28: SYS | K28: OFF | L28: EMERSON | M28: OFF | N28: OFF | O28: SYS | P28: OFF | Q28: MIKAEL SEPTIAN ADAM MAHENDRA | R28: SYS | S28: OFF
B29: =$B$27 -> 46120 | C29: 09.00 | D29: SYS | E29: OFF | F29: MUHAMMAD FARHAN FAJRIN | G29: OFF | H29: KEENAN PRADIPA | I29: ALICE | J29: SYS | K29: OFF | L29: MUHAMMAD ALFATIH | M29: off | N29: OFF | O29: SYS | P29: OFF | Q29: MAUZAN | R29: SYS | S29: OFF
B30: =$B$27 -> 46120 | C30: 10.00 | D30: SYS | E30: OFF | F30: OFF | G30: SHANUM ALMAHYRA ADHISTY | H30: GEORGHINO GABRIELLO BRIO | I30: OFF | J30: SYS | K30: off | L30: JENNAIRA SHAHIA | M30: OFF | N30: OFF | O30: SYS | P30: OFF | Q30: MUHAMMAD DANISH AL FAHREZI KOSASIH | R30: SYS | S30: ALEENA MARIZA
B31: =$B$27 -> 46120 | C31: 11.00 | D31: SYS | E31: OFF | F31: MUHAMMAD DZAKY ALMAIR | G31: OFF | H31: OFF | I31: OFF | J31: SYS | K31: OFF | L31: OFF | M31: off | N31: OFF | O31: SYS | P31: OFF | Q31: OFF | R31: SYS | S31: OFF
B32: =$B$27 -> 46120 | C32: 12.00 | D32: SYS | F32: OFF | G32: GAVRIEL FRITZ LIU | I32: OFF | J32: SYS | K32: MUHAMMAD SHAQUILLE RASENDRIA AKHZA | L32: FATHIYAH SYAFFIRA | M32: OFF | N32: off | O32: SYS | P32: GHIBRAN UMAIR ALFATIH | Q32: MUHAMMAD SHAQUILLE RASENDRIA AKHZA | R32: SYS
B33: =$B$27 -> 46120 | C33: 13.00 | D33: SYS | E33: MUHAMMAD AL FATIH (SUI ASAM) | F33: OFF | G33: OFF | H33: HELMIZAR RIZKI DETARA | I33: OFF | J33: SYS | K33: DAFFI ETWAN PRAYOGO | L33: MUHAMMAD RAYA ALSAKI | M33: off | N33: off | O33: SYS | P33: DEVAN FELICIO KURNIAWAN | Q33: ELRIC LEONARD THE | R33: SYS
B34: =$B$27 -> 46120 | C34: 14.00 | D34: SYS | E34: JESLYN YOVELA | F34: OFF | G34: OFF | H34: OFF | I34: OFF | J34: SYS | K34: MUHAMMAD ADAM | L34: OFF | M34: OFF | N34: OFF | O34: SYS | P34: MUHAMMAD RAYA ALSAKI | Q34: OFF | R34: SYS
B35: =$B$27 -> 46120 | C35: 15.00 | D35: SYS | E35: OFF | F35: OFF | G35: OFF | H35: OFF | I35: OFF | J35: SYS | K35: OFF | L35: OFF | M35: OFF | N35: OFF | O35: SYS | P35: OFF | Q35: OFF | R35: SYS | S35: AMEERA SHOFIYAH IRAWAN
B36: =$B$27 -> 46120 | C36: 16.00 | D36: SYS | E36: CASVAL YAHYA NAWASENA | F36: OFF | G36: OFF | H36: OFF | I36: OFF | J36: SYS | K36: ALETTA AMEERA SYAZANI | L36: NELSEN ALVERO PRATAMA | M36: off | N36: off | O36: SYS | P36: RAISYA RAHMA SYAHIRA | Q36: OFF | R36: SYS | S36: OFF
B37: =$B$27 -> 46120 | C37: 17.00 | D37: SYS | F37: OFF | G37: OFF | H37: OFF | I37: OFF | J37: SYS | K37: MUHAMMAD ALMEER IZHAR | L37: off | M37: OFF | N37: off | O37: SYS | P37: HADZIQ ABRAR RAMLI | Q37: OFF | R37: SYS | S37: OFF
B38: 46121 | D38: =$B$38 -> 46121
B39: =$B$38 -> 46121 | C39: 08.00 | D39: SYS | E39: OFF | F39: OFF | G39: OFF | I39: OFF | J39: SYS | K39: off | L39: GHAMIDI AYDIN PUTRA HARIBOWO | M39: OFF | N39: OFF | O39: SYS | P39: OFF | Q39: GEORGHINO GABRIELLO BRIO | R39: SYS | S39: OFF
B40: =$B$38 -> 46121 | C40: 09.00 | D40: SYS | E40: OFF | F40: OFF | G40: OFF | H40: RIFQI SYAFIQ SYAHPUTRA | I40: AZQEEYA | J40: SYS | K40: off | L40: ALICE GLIONA DARCHELLE | M40: OFF | N40: OFF | O40: SYS | P40: OFF | Q40: AHMAD ASHIF BARKHIYA | R40: SYS | S40: OFF
B41: =$B$38 -> 46121 | C41: 10.00 | D41: SYS | E41: OFF | F41: OFF | G41: SHANUM ALMAHYRA ADHISTY | H41: MUHAMMAD RAFFASYA ALFARIZQI | I41: KHALID DIBILAL | J41: SYS | K41: OFF | L41: NAUFAL MELVIANO | M41: off | N41: OFF | O41: SYS | P41: OFF | Q41: ARSAKHA KANCHANA FAHRIZAL | R41: SYS | S41: ATTHAR ADAM PRASETYA
B42: =$B$38 -> 46121 | C42: 11.00 | D42: SYS | E42: OFF | F42: OFF | G42: OFF | H42: OFF | I42: OFF | J42: SYS | K42: OFF | L42: OFF | M42: OFF | N42: OFF | O42: SYS | P42: OFF | Q42: OFF | R42: SYS | S42: OFF
B43: =$B$38 -> 46121 | C43: 12.00 | D43: SYS | E43: GAVRIEL FRITZ LIU | F43: OFF | G43: OFF | H43: Amira Zahra Anvini | I43: mikael septian adam | J43: SYS | K43: OFF | L43: mikael septian adam | M43: MUHAMMAD SHAQUILLE RASENDRIA AKHZA | N43: off | O43: SYS | P43: ELRIC LEONARD THE | Q43: GLORY NATA WIJAYA | R43: SYS
B44: =$B$38 -> 46121 | C44: 13.00 | D44: SYS | E44: MUHAMMAD AL FATIH (SUI ASAM) | F44: OFF | G44: OFF | H44: ZAYN KHALIFA ABBASY | I44: OFF | J44: SYS | K44: OFF | L44: DAFFI ETWAN PRAYOGO | M44: Amira Zahra Anvini | N44: OFF | O44: SYS | P44: raya alsaki | Q44: MIKAIL LARRY | R44: SYS | S44: DEVAN
B45: =$B$38 -> 46121 | C45: 14.00 | D45: SYS | E45: ADAM AL FATIH | F45: OFF | G45: ASSYIFA LAVANYA AZZAHRA | H45: OFF | I45: OFF | J45: SYS | K45: OFF | L45: OFF | M45: raya alsaki | N45: off | O45: SYS | P45: M. KHALID AL BIRUNI PRIVATI | Q45: OFF | R45: SYS
B46: =$B$38 -> 46121 | C46: 15.00 | D46: SYS | E46: OFF | F46: OFF | G46: OFF | H46: OFF | I46: OFF | J46: SYS | K46: OFF | L46: OFF | M46: OFF | N46: OFF | O46: SYS | P46: OFF | Q46: OFF | R46: SYS
B47: =$B$38 -> 46121 | C47: 16.00 | D47: SYS | F47: OFF | G47: OFF | H47: OFF | I47: OFF | J47: SYS | K47: OFF | L47: off | M47: ARSYA SHAKA SANJAYA | N47: off | O47: SYS | P47: HADZIQ ABRAR RAMLI | Q47: OFF | R47: SYS | S47: OFF
B48: =$B$38 -> 46121 | C48: 17.00 | D48: SYS | E48: BENNETT HANZEL CLARENCE | F48: OFF | G48: OFF | H48: OFF | I48: OFF | J48: SYS | K48: OFF | L48: OFF | M48: ALETTA AMEERA SYAZANI | N48: off | O48: SYS | P48: hanan syah | Q48: OFF | R48: SYS | S48: OFF
B49: 46122 | D49: =$B$49 -> 46122
B50: =$B$49 -> 46122 | C50: 08.00 | D50: SYS | E50: OFF | F50: OFF | G50: OFF | H50: OFF | I50: OFF | J50: SYS | K50: OFF | L50: OFF | N50: OFF | O50: SYS | P50: GEORGHINO GABRIELLO BRIO | Q50: OFF | R50: SYS | S50: OFF
B51: =$B$49 -> 46122 | C51: 09.00 | D51: SYS | E51: OFF | F51: OFF | G51: OFF | H51: off | I51: off | J51: SYS | K51: OFF | L51: OFF | M51: ALEENA MARIZA | N51: OFF | O51: SYS | P51: AZQEEYA ELNARA RACAISHA | Q51: OFF | R51: SYS | S51: OFF
B52: =$B$49 -> 46122 | C52: 10.00 | D52: SYS | E52: OFF | F52: OFF | G52: OFF | H52: OFF | I52: OFF | J52: SYS | K52: OFF | L52: OFF | M52: AOZORA VALI INDICA | N52: OFF | O52: SYS | P52: Crisiant Fredrich Liu | Q52: OFF | R52: SYS | S52: OFF
B53: =$B$49 -> 46122 | C53: 11.00 | D53: SYS | E53: OFF | F53: OFF | G53: OFF | H53: OFF | I53: OFF | J53: SYS | K53: OFF | L53: OFF | N53: OFF | O53: SYS | Q53: OFF | R53: SYS | S53: OFF
B54: =$B$49 -> 46122 | C54: 12.00 | D54: SYS | E54: FATHIYA SYAFFIRA CRISTANDI | F54: OFF | G54: OFF | H54: OFF | I54: OFF | J54: SYS | K54: off | L54: ALMEER | M54: off | N54: OFF | O54: SYS | P54: OFF | Q54: OFF | R54: SYS | S54: OFF
B55: =$B$49 -> 46122 | C55: 13.00 | D55: SYS | E55: MUHAMMAD AL FATIH (SUI ASAM) | F55: OFF | G55: OFF | H55: OFF | I55: off | J55: SYS | K55: off | L55: aretha | M55: MUHAMMAD FARHAN FAJRIN | N55: OFF | O55: SYS | P55: EDWIN HOWARD | Q55: OFF | R55: SYS | S55: OFF
B56: =$B$49 -> 46122 | C56: 14.00 | D56: SYS | E56: VINCENTIUS PIERRE | F56: OFF | G56: OFF | H56: OFF | I56: OFF | J56: SYS | K56: off | L56: Azka Zlatan | M56: off | N56: OFF | O56: SYS | P56: OFF | Q56: OFF | R56: SYS | S56: OFF
B57: =$B$49 -> 46122 | C57: 15.00 | D57: SYS | E57: OFF | F57: OFF | G57: OFF | H57: OFF | I57: off | J57: SYS | K57: OFF | L57: OFF | M57: OFF | N57: OFF | O57: SYS | P57: OFF | Q57: OFF | R57: SYS | S57: OFF
B58: =$B$49 -> 46122 | C58: 16.00 | D58: SYS | E58: MAIZA | F58: OFF | G58: OFF | H58: OFF | I58: OFF | J58: SYS | K58: off | L58: ARAFAH ZAHRA SYAHPUTRI | M58: OFF | N58: OFF | O58: SYS | P58: OFF | Q58: OFF | R58: SYS | S58: OFF
B59: =$B$49 -> 46122 | C59: 17.00 | D59: SYS | E59: imtiyaz | F59: OFF | G59: OFF | H59: OFF | I59: OFF | J59: SYS | K59: off | L59: DZAKY AMIR | M59: OFF | N59: OFF | O59: SYS | P59: OFF | Q59: OFF | R59: SYS | S59: OFF
B60: 46123 | D60: =$B$60 -> 46123
B61: =$B$60 -> 46123 | C61: 08.00 | D61: SYS | E61: DINDA ANGELICA DOMINIQUE | F61: OFF | G61: OFF | H61: OFF | I61: OFF | J61: SYS | K61: OFF | L61: DZAKY AMIR | M61: OFF | N61: OFF | O61: SYS | P61: OFF | Q61: OFF | R61: SYS | S61: off
B62: =$B$60 -> 46123 | C62: 09.00 | D62: SYS | E62: GHAMIDI AYDIN PUTRA HARIBOWO | F62: TA | G62: lavanya zahra | H62: OFF | I62: OFF | J62: SYS | K62: OFF | L62: Shafwan Abdillah | M62: OFF | N62: off | O62: SYS | P62: OFF | Q62: OFF | R62: SYS | S62: OFF
B63: =$B$60 -> 46123 | C63: 10.00 | D63: SYS | E63: MUHAMMAD RAFFASYA ALFARIZQI | F63: OFF | G63: SHANUM ALMAHIRA | H63: off | I63: OFF | J63: SYS | K63: OFF | L63: MUHAMMAD DANISH AL FAHREZI KOSASIH | M63: OFF | N63: OFF | O63: SYS | P63: OFF | Q63: OFF | R63: SYS | S63: RIFKAH HOSHANA AFFANDI
B64: =$B$60 -> 46123 | C64: 11.00 | D64: SYS | E64: OFF | F64: CHARISE AMARIS LAVINA | G64: OFF | H64: OFF | I64: OFF | J64: SYS | K64: OFF | L64: OFF | M64: OFF | N64: OFF | O64: SYS | P64: OFF | Q64: OFF | R64: SYS | S64: OFF
B65: =$B$60 -> 46123 | C65: 12.00 | D65: SYS | E65: HELMIZAR RIZKI DETARA | F65: OFF | G65: OFF | H65: REMIEL STEPHANO TAN | I65: OFF | J65: SYS | K65: AOZORA VALI INDICA | L65: DZAKY AMIR | M65: OFF | N65: off | O65: SYS | P65: BERWYN JAVIER KHO | Q65: OFF | R65: SYS | S65: MAULANA MALIK IBRAHIM
B66: =$B$60 -> 46123 | C66: 13.00 | D66: SYS | E66: FIRDAUS AL QAADIRI | F66: OFF | G66: OFF | H66: MUHAMMAD ATHAR AR RAFIF | I66: OFF | J66: SYS | K66: TALINO CASSIUS SILSLAHI | L66: ARETHA ZAIBA ALMIRA | M66: OFF | N66: OFF | O66: SYS | P66: EDWIN HOWARD | Q66: OFF | R66: SYS | S66: DEVAN FELICIO KURNIAWAN
B67: =$B$60 -> 46123 | C67: 14.00 | D67: SYS | E67: OFF | F67: OFF | G67: OFF | H67: ALEEYA RABBANI ZANNATA PUTRI | I67: MUHAMMAD RAYA ALSAKI | J67: SYS | K67: MIKAEL adam | L67: OFF | M67: OFF | N67: OFF | O67: SYS | P67: ADAM AL FATIH | Q67: OFF | R67: SYS | S67: MIKAEL SEPTIAN ADAM MAHENDRA
B68: =$B$60 -> 46123 | C68: 15.00 | D68: SYS | E68: OFF | F68: OFF | G68: BARRAN MUHAMMAD ANGGARA | H68: OFF | I68: OFF | J68: SYS | K68: OFF | L68: OFF | M68: OFF | N68: OFF | O68: SYS | P68: OFF | Q68: OFF | R68: SYS | S68: LOUIE OSWYTH LAMBERT
B69: =$B$60 -> 46123 | C69: 16.00 | D69: SYS | E69: OFF | F69: OFF | G69: OFF | H69: TRIAZKA EKY SUWISNO | I69: TA | J69: SYS | K69: habibi fariz wahyudi | L69: OFF | M69: OFF | N69: OFF | O69: SYS | P69: DZAKY AMIR | Q69: OFF | R69: SYS | S69: OFF
B70: =$B$60 -> 46123 | C70: 17.00 | D70: SYS | E70: OFF | F70: OFF | G70: OFF | H70: TA | I70: OFF | J70: SYS | K70: ABIZARD BILAL | L70: OFF | M70: OFF | N70: OFF | O70: SYS | P70: HAFIZ ARKANANTA | Q70: OFF | R70: SYS | S70: OFF
B71: 46124 | D71: =$B$71 -> 46124
B72: =$B$71 -> 46124 | C72: 08.00 | D72: SYS | E72: OFF | F72: OFF | G72: OFF | H72: OFF | I72: OFF | J72: SYS | K72: DZAKY AMIR | L72: OFF | M72: OFF | N72: OFF | O72: SYS | P72: OFF | Q72: OFF | R72: SYS | S72: off
B73: =$B$71 -> 46124 | C73: 09.00 | D73: SYS | E73: OFF | F73: OFF | G73: OFF | H73: OFF | I73: OFF | J73: SYS | K73: ABIZARD BILAL WARDANY | L73: OFF | M73: OFF | N73: OFF | O73: SYS | P73: OFF | Q73: OFF | R73: SYS | S73: OFF
B74: =$B$71 -> 46124 | C74: 10.00 | D74: SYS | E74: OFF | F74: OFF | G74: OFF | H74: OFF | I74: OFF | J74: SYS | K74: HABIBI FARIZ WAHYUDI | L74: OFF | M74: OFF | N74: OFF | O74: SYS | P74: OFF | Q74: OFF | R74: SYS | S74: yusuf hanan
B75: =$B$71 -> 46124 | C75: 11.00 | D75: SYS | E75: OFF | F75: OFF | G75: OFF | H75: OFF | I75: OFF | J75: SYS | K75: OFF | L75: OFF | M75: OFF | N75: OFF | O75: SYS | P75: JOSH GEVARIEL WIJAYA | Q75: OFF | R75: SYS | S75: OFF
B76: =$B$71 -> 46124 | C76: 12.00 | D76: SYS | E76: JUSTIN CLAUDIO | F76: OFF | G76: RAYYA FATIHAH RAZAANA | H76: OFF | I76: OFF | J76: SYS | K76: RILAND JANU ANDRIAN | L76: OFF | M76: OFF | N76: OFF | O76: SYS | P76: off | Q76: BERWYN JAVIER KHO | R76: SYS | S76: NABIL NUGRAHA
B77: =$B$71 -> 46124 | C77: 13.00 | D77: SYS | E77: RAINA AISYAH SUPRIADI | F77: OFF | G77: RAISSA FATIMAH SUPRIADI | H77: OFF | I77: OFF | J77: SYS | K77: CAYSON OSWALD LIYARDI | L77: OFF | M77: OFF | N77: OFF | O77: SYS | P77: RATU ELEANOR RONAULI SITORUS | Q77: NAUFAL MELVIANO | R77: SYS | S77: MAULANA MALIK
B78: =$B$71 -> 46124 | C78: 14.00 | D78: SYS | E78: FARANZA | F78: OFF | G78: OFF | H78: OFF | I78: OFF | J78: SYS | K78: OFF | L78: OFF | M78: OFF | N78: OFF | O78: SYS | P78: talino | Q78: AOZORA VALI INDICA | R78: SYS | S78: TA
B79: =$B$71 -> 46124 | C79: 15.00 | D79: SYS | E79: off | F79: OFF | G79: BARRAN MUHAMMAD ANGGARA | H79: OFF | I79: OFF | J79: SYS | K79: OFF | L79: OFF | M79: OFF | N79: OFF | O79: SYS | P79: OFF | Q79: OFF | R79: SYS
B80: =$B$71 -> 46124 | C80: 16.00 | D80: SYS | E80: REFINKHA ZETYA ARNINDHA | F80: OFF | G80: OFF | H80: OFF | I80: OFF | J80: SYS | K80: OFF | L80: off | M80: OFF | N80: OFF | O80: SYS | P80: OFF | Q80: Keenan Gianov Victor | R80: SYS | S80: OFF
B81: =$B$71 -> 46124 | C81: 17.00 | D81: SYS | E81: DARREN FRANSCESSCO ARSON | F81: off | G81: OFF | H81: OFF | I81: OFF | J81: SYS | K81: OFF | L81: OFF | M81: OFF | N81: OFF | O81: SYS | P81: OFF | Q81: Nizam | R81: SYS | S81: OFF

Sheet 📑 Pendaftaran
A1: f | B1: Timestamp | C1: Tanggal | D1: Nama Anak | E1: Nama Panggilan | F1: No. RM | G1: Tanggal Lahir | H1: Usia | I1: Jenis Kelamin | J1: Keluhan | K1: Agama | L1: Nama Ibu | M1: Pekerjaan Ibu | N1: Nama Ayah | O1: Pekerjaan Ayah | P1: Alamat | Q1: Kel./Desa | R1: Kecamatan | S1: Kab./Kota | T1: Provinsi | U1: No. WA | V1: Sumber Pasien
B2: {=UPPER('INPUTAN PASIEN'!B2:B1226)} -> 13/06/2023 10:21:22 | C2: {=UPPER('INPUTAN PASIEN'!C2:C1226)} | D2: {=UPPER('INPUTAN PASIEN'!D2:D1226)} -> KHALID IBRAHIM AL KAHFI | E2: {=UPPER('INPUTAN PASIEN'!E2:E1226)} | G2: {=UPPER('INPUTAN PASIEN'!G2:G1226)} -> 30/07/2020 | I2: {=UPPER('INPUTAN PASIEN'!I2:I1226)} -> LAKI-LAKI | J2: {=UPPER('INPUTAN PASIEN'!J2:J1226)} -> FISIOTERAPI MOTORIK | K2: {=UPPER('INPUTAN PASIEN'!K2:K1226)} -> ISLAM | L2: {=UPPER('INPUTAN PASIEN'!L2:L1226)} -> DINDA FIRLIANSARI | M2: {=UPPER('INPUTAN PASIEN'!M2:M1226)} -> IBU RUMAH TANGGA | N2: {=UPPER('INPUTAN PASIEN'!N2:N1226)} | O2: {=UPPER('INPUTAN PASIEN'!O2:O1226)} | P2: {=UPPER('INPUTAN PASIEN'!P2:P1226)} | ... V2: {=UPPER('INPUTAN PASIEN'!V2:V1226)}
B3: 13/06/2023 20:30:32 | D3: MUHAMMAD AMMAR | G3: 24/10/2020 | I3: LAKI-LAKI | J3: SENSORIK INTEGRASI & TERAPI WICARA | K3: ISLAM | L3: NADYA ULFA | M3: IBU RUMAH TANGGA | U3: 081328347009/0895702479833
B4: 13/06/2023 20:33:25 | D4: RIFQI SYAFIQ SYAHPUTRA | G4: 21/11/2017 | I4: LAKI-LAKI | J4: FISIOTERAPI | K4: ISLAM | L4: DESY ARIANI NASUTION | M4: ASN | U4: 08115706881
B5: 13/06/2023 20:33:28 | D5: JORDAN GABRIAN | G5: 11/11/2019 | I5: LAKI-LAKI | J5: SENSORIK INTEGRASI & TERAPI WICARA | K5: PROTESTAN | L5: LIA ANDRIANI | M5: IBU RUMAH TANGGA | U5: 089622447016
B6: 13/06/2023 20:34:10 | D6: ARSYA KHAIRUL FATIH | G6: 07/12/2020 | I6: LAKI-LAKI | J6: TERAPI WICARA | K6: ISLAM | L6: DEASY NOVITA SARI | M6: IBU RUMAH TANGGA | U6: 085658366269
B7: 13/06/2023 20:34:28 | D7: RAISYA RAHMA SYAHIRA | G7: 23/01/2020 | I7: PEREMPUAN | J7: FISIOTERAPI | K7: ISLAM | L7: DESY ARIANI NASUTION | M7: ASN | U7: 08115706881
B8: 13/06/2023 20:40:42 | D8: AHMAD LATIF SAFULLAH | G8: 03/02/2009 | I8: LAKI-LAKI | J8: FISIOTERAPI | K8: ISLAM | L8: DARWANTI | M8: IBU RUMAH TANGGA | U8: 082252116339
B9: 13/06/2023 20:40:53 | D9: KHALID IBRAHIM AL KAHFI | G9: 30/07/2020 | I9: LAKI-LAKI | J9: FISIOTERAPI | K9: ISLAM | L9: DINDA FIRLIANSARI | M9: IRT | U9: 082231905665
B10: 13/06/2023 20:42:52 | D10: DAVID CHRISTIAN | G10: 19/02/2019 | I10: LAKI-LAKI | J10: SENSORIK INTEGRASI & TERAPI WICARA | K10: PROTESTAN | L10: DESSY | M10: WIRASWASTA | U10: 085248068221
B11: 13/06/2023 20:44:35 | D11: CELINE ZOEY HEARTILLY | G11: 27/11/2018 | I11: PEREMPUAN | J11: SENSORIK INTEGRASI & TERAPI WICARA | K11: BUDDHA | L11: SYLVIA VERONIKA | M11: IBU RUMAH TANGGA | U11: 085245070077
B12: 13/06/2023 20:49:30 | D12: KENZO ALFA AS-SIDDIQ | G12: 23/01/2021 | I12: LAKI-LAKI | J12: TERAPI WICARA | K12: ISLAM | L12: TARA CHAIRUNISA | M12: GURU | U12: 081362524442
B13: 13/06/2023 20:51:33 | D13: RAYYA FATIHAH RAZAANA | G13: 15/04/2013 | I13: PEREMPUAN | J13: FISIOTERAPI | K13: ISLAM | L13: EVA NOVIANTI HESTI VERA | M13: PNS | U13: 08152234183
B14: 13/06/2023 20:52:20 | D14: RAINA AISYAH SUPRIADI | G14: 18/05/2013 | I14: PEREMPUAN | J14: FISIOTERAPI | K14: ISLAM | L14: KARTINI APRILYANI | M14: IBU RUMAH TQNGGA | U14: 082353828426
... B58: 22/08/2023 10:00:51 | D58: JASPER GABRIEL | G58: 31/10/2017 | I58: LAKI-LAKI | J58: SENSORIK INTEGRASI & TERAPI WICARA | K58: PROTESTAN | L58: YENNY | M58: IBU RUMAH TANGGA | U58: 081917142519
B59: 02/09/2023 17:37:54 | D59: FAYK KAIVAN SERGUERO | G59: 07/06/2022 | I59: LAKI-LAKI | J59: BANYAK OMONG | K59: ISLAM | L59: ETRI YULIA ANDINI | M59: IRT | N59: DANI FAHRIZAL | O59: SWASTA | P59: JL. P. H. HUSIN 2 GG. WISUDA NO. 23A | U59: 082158963663
B60: 02/09/2023 17:52:01 | D60: AHMAD SYAKIR | G60: 21/08/2022 | I60: LAKI-LAKI | J60: PILEK BATUK | K60: ISLAM | L60: IRMA RISKIMA | M60: SWASTA | N60: SYEKH ARPI | O60: WIRAUSAHA | P60: JALAN ARTERI SUPADIO CABANG KIRI | U60: 08981380248
B61: 03/09/2023 14:15:18 | D61: RAINA AISYAH SUPRIADI | G61: 18/05/2013 | I61: PEREMPUAN | J61: CP | K61: ISLAM | L61: KARTINI APRILYANI | M61: IBU RUMAH TANGGA | N61: DENNY SUPRIADI | O61: PNS | P61: JL.PEMDA KOMP.GRIYA MAYOR A.26 | U61: 082353828426
B62: 03/09/2023 14:20:58 | D62: RAISSA FATIMAH SUPRIADI | G62: 18/05/2013 | I62: PEREMPUAN | J62: CP | K62: ISLAM | L62: KARTINI APRILYANI | M62: IBU RUMAH TANGGA | N62: DENNY SUPRIADI | O62: PNS | P62: JL.PEMDA.KOMP GRIYA MAYOR A.26 | U62: 082353828426
B63: 03/09/2023 14:21:12 | D63: RAINA AISYAH SUPRIADI | G63: 18/05/2013 | I63: PEREMPUAN | J63: CP | K63: ISLAM | L63: KARTINI APRILYANI | M63: IBU RUMAH TANGGA | N63: DENNY SUPRIADI | O63: PNS | P63: JL.PEMDA KOMP.GRIYA MAYOR A.26 | U63: 082353828426
B64: 03/09/2023 14:26:24 | D64: SYARIF MUHAMMAD ALFATEH | G64: 31/12/2020 | I64: LAKI-LAKI | J64: SERING KAGET, SESAK SAAT MALAM HARI KARENA LENDIR SEHINGGA POLA TIDUR BERUBAH | K64: ISLAM | L64: SYARIFAH FIFI MARIANI ALKADRIE | M64: HONORER | N64: SY. ADHY | O64: KARYAWAN SWASTA | P64: JALAN TRITURA NO. 10 KEL. DALAM BUGIS KEC. PONTIANAK TIMUR | U64: 085754395905
B65: 04/09/2023 17:26:00 | D65: MUHAMMAD AZZAM ACO | G65: 14/09/2016 | I65: LAKI-LAKI | J65: LAMBAT BICARA DIAGNOSA DR ADHD | K65: ISLAM | L65: IRA NIA | M65: IBU RUMAH TANGGA | N65: MAMAN ACO | O65: BURUH HARIAN LEPAS | P65: JALAN KOM YOS SUDARSO GANG ALPOKAT INDAH, JALUR 0 | U65: 081255816909
B66: 04/09/2023 17:27:17 | D66: ELZEVAREL ZERKHA AZARYA | G66: 18/08/2021 | I66: LAKI-LAKI | J66: SPEECH DELAY | K66: PROTESTAN | L66: KRISYESIKA | M66: DOSEN | N66: EBEN HEIZER | O66: WIRASWASTA | P66: JLN. TRANS KALIMANTAN GG. BUDAYA NO. 1 | U66: 085346807788
B67: 04/09/2023 17:32:45 | D67: AMIR SYAKIR | G67: 21/09/2018 | I67: LAKI-LAKI | J67: TIDAK FOKUS | K67: ISLAM | L67: WAHYULI ASTUTI | M67: IBU RUMAH TANGGA | N67: SUWARDI | O67: KARYAWAN SWASTA | P67: JL KOMYO SUDARSO GG SRIKAYA 2 NO 19 | U67: 082148665510
B68: 04/09/2023 17:34:53 | D68: MUHAMMAD ZAFRAN MAERAD | G68: 09/03/2021 | I68: LAKI-LAKI | J68: SPEACH DELAY | K68: ISLAM | L68: DEWI SULISTIANINGSIH | M68: KARYAWAN SWASTA | N68: HAFITDIN | O68: KARYAWAN SWASTA | P68: JL M SOHOR GG SEDERHANA | U68: 08998092083
B69: 04/09/2023 17:44:10 | D69: MARCELLO | G69: 10/04/2020 | I69: LAKI-LAKI | J69: TELAT BICARA | K69: BUDDHA | L69: HIE FUI NA | M69: IBU RUMAH TANGGA | N69: PET HO | O69: WIRASWASTA | P69: JL NAWAWI HASAN 3 NO 342 | U69: 082158815530
B70: 04/09/2023 17:48:15 | D70: AZQEEYA ELNARA RACAISHA | G70: 13/03/2021 | I70: PEREMPUAN | J70: SPEECH DELAY | K70: ISLAM | L70: URAY YUCA ERGAIASHA | M70: IRT | N70: RAHMAT RAZULY HIDAYAT | O70: SWASTA | P70: JL. KARYA KOMP. FAJAR ASRI 3 A-28 | U70: 08982292556
... B169: 28/12/2023 9:48:15 | D169: IMRAN HANIF PRIBADI | G169: 07/06/1992 | I169: LAKI-LAKI | J169: ADD | K169: ISLAM | L169: ENI DIAN PERTIWI | M169: IBU RUMAH TANGGA | N169: CITRA TEGUH IMAN PRIBADI | O169: PEGAWAI SWASTA | P169: JALAN WONOBARU GG REMAJA 2 NO 30 | U169: 082139121261
B170: 02/01/2024 12:00:48 | D170: FAYK KAIVAN SERGUERO | G170: 07/06/2022 | I170: LAKI-LAKI | J170: BANYAK OMONG | K170: ISLAM | L170: ETRI YULIA ANDINI | M170: IBU RUMAH TANGGA | N170: DANI FAHRIZAL | O170: TENAGA KESEHATAN | P170: JL. P. H. HUSIN 2 GG.WISUDA NO. 23A | Q170: BANGKA BELITUNG DARAT | R170: PONTIANAK TENGGARA | S170: PONTIANAK | T170: KALIMANTAN BARAT | U170: 081333668688
B171: 02/01/2024 12:11:02 | D171: AHMAD SYAKIR ARISTAMA | G171: 21/08/2022 | I171: LAKI-LAKI | J171: BANYAK OMONG | K171: ISLAM | L171: IRMA RISKIMA | M171: TENAGA KESEHATAN | N171: SYEKH ARPI | O171: PENGUSAHA | P171: CABANG KIRI GG. SEDERHANA | Q171: PARIT BARU | R171: SUNGAI RAYA | S171: KUBU RAYA | T171: KALIMANTAN BARAT | U171: 08981380248
B172: 03/01/2024 10:46:11 | D172: MUHAMMAD AKRAM ZAYDAN | G172: 07/03/2018 | I172: LAKI-LAKI | J172: KURANG FOKUS | K172: ISLAM | L172: MIERANDHA EDWARD LUBIS | M172: IBU RUMAH TANGGA | N172: NOFIANDY SURYA | O172: WIRASWASTA | P172: DESA KAPUR, KOMPLEK STAR BHAYANGKARA RESIDANCE BLOCK H NO.5 | Q172: MEKAR BARU | R172: SUNGAI RAYA | S172: KUBURAYA | T172: KALIMANTAN BARAT | U172: 0817202880
B173: 03/01/2024 12:45:15 | D173: MANUEL ERNANDO HALIM. | G173: 11/09/2018 | I173: LAKI-LAKI | J173: SPEED DELAY | K173: KATOLIK | L173: SARI YOHANA | M173: IBU RUMAH TANGGA | N173: FRENDY | O173: KARYAWAN | P173: JL.WONODADI 3 | Q173: KOTA BARU | S173: PONTIANAK | T173: KALBAR | U173: 081288306888
B174: 03/01/2024 16:00:59 | D174: LABIB RAZAN AL BARRA | G174: 09/09/2022 | I174: LAKI-LAKI | J174: MASALAH GANGGUAN MAKAN | K174: ISLAM | L174: RISKI LIANA SARI | M174: TENAGA KESEHATAN | N174: MUHAMMAD IQBAL FARIZQI | O174: PNS | P174: KOMPLEK BTN SEKAYAM INDAH. DUSUN BALAIKARANGAN 3 | Q174: BALAI KARANGAN | R174: SEKAYAM | S174: SANGGAU | T174: KALBAR | U174: 085250805070
B175: 04/01/2024 11:28:32 | D175: DAREV CHRISTIAN ZEGA | G175: 16/02/2021 | I175: LAKI-LAKI | J175: BELUM BISA LANCAR BICARA & HIPERAKTIF | K175: PROTESTAN | L175: JEEMA HERRERA EVELINA SINAGA | M175: IBU RUMAH TANGGA | N175: DARMIN USMAN ZEGA | O175: WIRASWASTA | P175: JL MADYOSARI 1 DALAM NO 51 | Q175: AKCAYA | R175: PONTIANAK | S175: PONTIANAK SELATAN | T175: KALBAR | U175: 089603315528
B176: 04/01/2024 14:18:15 | D176: ARVAN RAYHAN DIANDITA | G176: 19/08/2021 | I176: LAKI-LAKI | J176: TERAPI PERILAKU DAN TERAPI WICARA | K176: ISLAM | L176: RESSY SERLIANDARI | M176: IBU RUMAH TANGGA | N176: BAGUS DIANDITA | O176: PNS | P176: SUNGAI RAYA DALAM KOMP. SRIKANDI 06 | Q176: SUNGAI RAYA | R176: SUNGAI RAYA | S176: KUBU RAYA | T176: KALIMANTAN BARAT | U176: 085654550060
B177: 04/01/2024 20:07:59 | D177: JEVANO ANG | G177: 07/07/2021 | I177: LAKI-LAKI | J177: BELUM BISA NGOMONG, HANYA BISA MANGGIL PAPA MAMA KOKO DADAH GAK YA | K177: KATOLIK | L177: SILVIA | M177: IBU RUMAH TANGGA | N177: HENDRA | O177: WIRASWASTA | P177: JL SRIKANDI KOMP HOSANA FHILEO BLOK BB22 | Q177: SUNGAI RAYA DALAM | R177: SUNGAI RAYA | S177: KUBU RAYA | T177: KALIMANTAN BARAT | U177: 089625550586
B178: 06/01/2024 16:37:43 | D178: HAFIZH AL FARREL DAMARIO | G178: 22/12/2017 | I178: LAKI-LAKI | J178: BICARA KURANG JELAS | K178: ISLAM | L178: RAWAN TRI SULISTYA | M178: IBU RUMAH TANGGA | N178: LUSINANTO HARTADI | O178: SWASTA | P178: JL. KARYA PERUMAHAN GRAHA KIRANA 13 NO.A4 | Q178: SUNGAI KAKAP | R178: KOTA BARU | S178: KOTA BARU | T178: PONTIANAK | U178: 081286995997
B179: 07/01/2024 17:23:41 | D179: ARKAN SUBHAN ALFARIZI | G179: 21/01/2016 | I179: LAKI-LAKI | J179: CEREBRAL PALSY, BELUM BISA BERJALAN | K179: ISLAM | L179: EKA LESTARI | M179: PNS | N179: DWI RACHMAWAN | O179: PNS | P179: JL. UJUNG PANDANG GG. BALA ARUNG NO 17 | Q179: KELURAHAN SUNGAI JAWI | R179: PONTIANAK KOTA | S179: KOTA PONTIANAK | T179: KALIMANTAN BARAT | U179: 085820410031
B180: 07/01/2024 17:37:36 | D180: TALINO CASSIUS SILSLAHI | G180: 04/01/2021 | I180: LAKI-LAKI | J180: SPEECH DELAY | K180: KATOLIK | L180: FLORENSIA INDAN STEPANI | M180: KARYAWAN SWASTA | N180: BENNY PERNANDO SILALAHI | O180: KARYAWAN SWASTA | P180: JALAN DANAU SENTARUM GG. KALI BENING (RUMAH KE-10) | Q180: SUNGAI BANGKONG | R180: PONTIANAK KOTA | S180: PONTIANAK | T180: KALIMANTAN BARAT | U180: 081286234546
B181: 07/01/2024 19:11:28 | D181: MACK KIO JUANSON | G181: 23/09/2021 | I181: LAKI-LAKI | J181: UMUR 2 TAHUN 4 BULAN MALAS BICARA | K181: KATOLIK | L181: JULIANA | M181: IBU RUMAH TANGGA | N181: ANDY | O181: KARYAWAN | P181: JL. MERDEKA NO.506 | Q181: MARIANA | R181: PONTIANAK KOTA | S181: KOTA PONTIANAK | T181: KALIMANTAN BARAT | U181: 085247179223
B182: 08/01/2024 16:02:53 | D182: DHARSATA INDIRA | G182: 16/03/2023 | I182: PEREMPUAN | J182: LEHER BELUM TEGAK DAN BADAN SERING DIKAKUKAN | K182: ISLAM | L182: DITA OCTAVIA | M182: IBU RUMAH TANGGA | N182: JARNO | O182: BURUH | P182: DUSUN SUMBER REJO RT 003 RW 002 | Q182: PINANG DALAM | R182: KUBU | S182: KUBU RAYA/PONTIANAK | T182: KALIMANTAN BARAT | U182: 085787680674
B183: 09/01/2024 11:45:22 | D183: AZRAQI ELFATHAN SANDI | G183: 02/11/2022 | I183: LAKI-LAKI | J183: LEHER BELUM KUAT DALAM KEADAAN TEGAK, BELUM BISA DUDUK | K183: ISLAM | L183: NURBAITI | M183: PEGAWAI BUMN | N183: FARISSANDI | O183: WIRASWASTA | P183: JALAN RASAU, PERUMAHAN TALITHA CLUSTER NO 26A | Q183: KUALA DUA | R183: SUNGAI RAYA | S183: KUBU RAYA | T183: KALIMANTAN BARAT | U183: 089693802558
B184: 09/01/2024 15:07:20 | D184: AIDILIA SHAFA MARWAH | G184: 19/07/2021 | I184: PEREMPUAN | J184: TERLAMBAT BICARA | K184: ISLAM | L184: OKTAVI INDAHSARI | M184: IBU RUMAH TANGGA | N184: BUDI | O184: WIRASWASTA | P184: KOMPLEK BHAYANGKARA ASRI BLOK C NO. 7 | Q184: DESA KAPUR | R184: SEI RAYA | S184: KUBU RAYA | T184: KALIMANTAN BARAT | U184: 081347167808
B185: 09/01/2024 18:00:16 | D185: SYECH MUHAMMAD SALMAN | G185: 23/12/2019 | I185: LAKI-LAKI | J185: SPEECH DISORDER | K185: ISLAM | L185: PRATIWI RAMELIA | M185: PEGAWAI PEMERINTAH | N185: SYECH SADAM HUSIN | O185: WIRASWASTA | P185: KOMP. BERDIKARI INDAH 2, NO. D6 | Q185: PAL LIMA | R185: PONTIANAK BARAT | S185: PONTIANAK | T185: KALIMANTAN BARAT | U185: 089531735775
... B217: 26/02/2024 16:15:32 | D217: MAFAZA RAFI SALONG | G217: 24/11/2020 | I217: LAKI-LAKI | J217: SPEAK DELAY DAN HIPERAKTIF | K217: ISLAM | L217: DESSY | M217: PNS | N217: M. SALEH SALONG | O217: TNI AD | P217: JALAN PARIT MAKMUR | Q217: SIANTAN TENGAH | R217: PONTIANAK UTARA | S217: KOTA PONTIANAK | T217: KALIMANTAN BARAT | U217: 081256657537
B218: 01/03/2024 19:43:34 | D218: NOEL GABRIEL | G218: 03/12/2022 | I218: LAKI-LAKI | J218: BELUM BISA BERDIRI TRS BERJALAN | K218: PROTESTAN | L218: RENI | M218: IBU RUMAH TANGGA | N218: HENDRA | O218: WIRASWASTA | P218: JL PARIT PANGERAN | Q218: SIANTAN HULU | R218: PONTIANAK UTARA | S218: PONTIANAK | T218: KALIMANTAN BARAT | U218: 089644134567 | V218: GOOGLE MAPS
B219: 02/03/2024 11:38:46 | D219: MUHAMMAD SIROJUL MUNIR | G219: 18/08/2018 | I219: LAKI-LAKI | J219: TIDAK FOKUS, TIDAK BISA DI AJAK BERKOMUNIKASI | K219: ISLAM | L219: SRI DEWI INDRIANI | M219: IBU RUMAH TANGGA | N219: ABDUL AZIZ MS | O219: WIRASWASTA | P219: JL. H. RAIS A RAHMAN GG. SAMPANG NO.2 | Q219: SUNGAI JAWI DALAM | R219: PONTIANAK BARAT | S219: PONTIANAK | T219: KALIMANTAN BARAT | U219: 082152187296 | V219: INSTAGRAM
B220: 03/03/2024 12:13:58 | D220: EIRYN WINELLA | G220: 29/12/2021 | I220: PEREMPUAN | J220: TIDAK BISA MENGUNYAH | K220: KATOLIK | L220: AGNES VERONIKA | M220: KARYAWAN SWASTA | N220: KENNY ADITYA | O220: WIRASWASTA | P220: JL KH AHMAD DAHLAN GG MARGOSARI NO 19 | Q220: SEI BANGKONG | R220: PONTIANAK KOTA | S220: KOTA PONTIANAK | T220: KALIMANTAN BARAT | U220: 085795728209 | V220: INSTAGRAM
B221: 03/03/2024 14:47:49 | D221: WEWA ALFHARIZQI | G221: 29/12/2016 | I221: LAKI-LAKI | J221: LAMBAT BICARA | K221: ISLAM | L221: WENNI HERVIANI S.PD,M.PD | M221: GURU / DOSEN | N221: I WAYAN SUDHARMA | O221: GASMAN BULOG | P221: JALAN KAPTEN PIERE TENDEAN KETAPANG KALBAR | Q221: SUKAHARJA | R221: DELTA PAWAN | S221: KETAPANG | T221: KALBAR | U221: 082246391149 | V221: INSTAGRAM
B222: 04/03/2024 17:23:44 | D222: ABANG ACHMAD AZKA ALFARIZQI | G222: 10/04/2020 | I222: LAKI-LAKI | J222: SPEECH DELAY, TANTRUM, HIPERAKTIF DAN GANGGUAN FOKUS | K222: ISLAM | L222: FITRI | M222: PNS | N222: BERRY | O222: PNS | P222: PUTUSSIBAU | Q222: HILIR KANTOR | R222: PUTUSSIBAU UTARA | S222: KAPUAS HULU | T222: KALIMANTAN BARAT | U222: 081258160190 | V222: INFORMASI KERABAT
B223: 05/03/2024 12:32:22 | D223: GALISTA CANDRA | G223: 18/06/2020 | I223: PEREMPUAN | J223: SAKIT LEHER | K223: BUDDHA | L223: JENNYLIA CHRISTYANIE | M223: PENGUSAHA | N223: CANDRA HENDI | O223: PENGUSAHA | P223: JL DR WAHIDIN | Q223: SUNGAI JAWI | R223: PONTIANAK KOTA | S223: KOTA PONTIANAK | T223: KALIMANTAN BARAT | U223: 087818298879 | V223: INFORMASI KERABAT
B224: 07/03/2024 18:13:31 | D224: M.KHOIRUL AZAM | G224: 15/02/2021 | I224: LAKI-LAKI | J224: DALAM BUGIS | K224: ISLAM | L224: INAROTUL HASANAH | M224: IBU RUMAH TANGGA | N224: ABDULLAH | O224: SWASTA | P224: JL. TQNJUNG RAYA 1 GG PERMAI NO.12B | Q224: DALAM BUGIS | R224: PONTIANAK TIMUR | S224: PONTIANAK | T224: KALBAR | U224: 081230390559 | V224: GOOGLE MAPS
B225: 13/03/2024 12:05:29 | D225: DHEFIN AL QARNI AKBARSADHANA | G225: 22/04/2021 | I225: LAKI-LAKI | J225: KELUHAN: 1. KEMAMPUAN BAHASA. ANAK BELUM BISA BERBICARA DALAM BENTUK KALIMAT DAN BERKOMUNIKASI 2 ARAH. 2. ⁠FOKUS. ANAK TERKADANG MASIH BELUM FOKUS KETIKA DIAJAK BERKOMUNIKASI ATAU SAAT SEDANG BACA BUKU SUKA MEMBALIK KE HALAMAN YANG PALING DISUKAI AJA. 3. ⁠EMOSI. PENDALIAN EMOSI MASIH BELUM MAKSIMAL DIKARENAKAN ANAK MASIH BELUM BISA MENYAMPAIKAN APA YANG DIRASAKANNYA, BIASANYA DISAMPAIKAN DGN CARA NANGIS. 4. ⁠SEPARATION ANXIETY. AWAL2 PINDAH KE PONTIANAK, ANAK TIDAK MAU LEPAS DR MAMA/AYAHNYA, KECUALI SAAT SEDANG FOKUS BERMAIN TIDAK AKAN LANGSUNG MENCARI ORGTUANYA. 5. ⁠SENSORI MOTORIK. DR HASIL SCREENING SBLMNYA, ANAK MEMILIKI KENDALA REFLEKS YG BELUM OPTIMAL SEHINGGA MENGHAMBAT KEMAMPUAN DI KELUHAN 1-4. | K225: ISLAM | L225: DITA | M225: IBU RUMAH TANGGA | N225: DIRGA | O225: PNS | P225: JL BINTANGOR II NO. 20 | Q225: TANJUNG HULU | R225: PONTIANAK TIMUR | S225: KOTA PONTIANAK | T225: KALIMANTAN BARAT | U225: 081315791994 | V225: GOOGLE MAPS
B226: 15/03/2024 17:43:40 | D226: SHANUM ALMAHYRA ADHISTY | G226: 08/10/2023 | I226: PEREMPUAN | J226: LINGKAR KEPALA KECIL | K226: ISLAM | L226: DA'IMATUL HASANAH | M226: TENAGA KESEHATAN | N226: AGUSTIANSYAH | O226: TENAGA KESEHATAN | P226: JALAN KENARI GG MERAK 2 DALAM | Q226: MARIANA | R226: PONTIANAK KOTA | S226: PONTIANAK | T226: KALIMANTAN BARAT | U226: 082352039722 | V226: INFORMASI KERABAT
B227: 18/03/2024 15:28:01 | D227: DARREN LIU | G227: 25/10/2018 | I227: LAKI-LAKI | J227: BICARA BELUM LANCAR, TIDAK MAU MENGUNYAH, BELUM BISA PEGANG PENSIL DENGAN BENAR | K227: KHONGHUCU | L227: NOVITA YULIANA | M227: IBU RUMAH TANGGA | N227: AGUS SUHENDRA | O227: KARYAWAN | P227: JL NIRBAYA GG TATA KOTA NO 32B | Q227: KOTA BARU | R227: PONTIANAK SELATAN | S227: PONTIANAK | T227: KALIMANTAN BARAT | U227: 085845532882 | V227: INSTAGRAM
B228: 21/03/2024 3:18:14 | D228: MUHAMMAD FAREL DAFFA | G228: 13/11/2021 | I228: LAKI-LAKI | J228: KOSA KATA SEDIKIT | K228: ISLAM | L228: EMIL FIRMANIA | M228: WIRASWASTA | N228: MUHAMMAD RIZKI ARDIANSYAH | O228: TENAGA KESEHATAN | P228: JL PETANI KOMPLEK IQHSAN PETANI NO 12 | Q228: SUNGAI JAWI | R228: PONTIANAK KOTA | S228: PONTIANAK | T228: KALIMANTAN BARAT | U228: 085820465677 | V228: INFORMASI KERABAT
B229: 21/03/2024 14:20:42 | D229: SHEA XAVIERA RENGKUAN | G229: 30/04/2021 | I229: PEREMPUAN | J229: BELUM LANCAR BICARA | K229: PROTESTAN | L229: YULIANA | M229: WIRASWASTA | N229: YORIS RENGKUAN | O229: WIRASWASTA | P229: JALAN PADAT KARYA KOMPLEK SBR 7 NO I 20 | Q229: SAIGON | R229: PONTIANAK TIMUR | S229: PONTIANAK | T229: KALBAR | U229: 089689556336 | V229: INSTAGRAM
... B618: 19/05/2025 19:51:32 | D618: SHAFIQA AZMYA FAIZA | G618: 05/11/0018 | I618: PEREMPUAN | J618: BELUM BISA MENYEBUT HURUF R DENGAN BENAR | K618: ISLAM | L618: RISKA DEWINDA | M618: PNS | N618: FAUZI MUBARAK | O618: PNS | P618: JALAN PAK BENCENG | Q618: SEI BANGKONG | R618: PONTIANAK KOTA | S618: PONTIANAK | T618: KALIMANTAN BARAT | U618: 085245991987 | V618: INSTAGRAM
B619: 21/05/2025 14:19:10 | D619: ARSHAKA ZAID ALKHALIFI | E619: SHAKA | G619: 22/11/2021 | I619: LAKI-LAKI | J619: UMUR 3THN 6 BLN BELUM ADA KOSA KATA,MATA TIDAK FOKUS KETIKA DI AJAK BERBICARA,KADANG TIBA² KETAWA SENDIRI,SUKA NGOCEH SENDIRI,KALAU MARAH SUKA LEMPAR BARANG, | K619: ISLAM | L619: TRI WAHYU DANTI | M619: IBU RUMAH TANGGA | N619: MOHTAR PRAWONO | O619: WIRASWASTA | P619: AMBOYO INTI,RT 2 RW 3,NGABANG,LANDAK , KALIMANTAN BARAT | Q619: AMBOYO INTI | R619: NGABANG | S619: LANDAK | T619: KALIMANTAN BARAT | U619: 081253318813 | V619: INFORMASI KERABAT
B620: 22/05/2025 6:54:04 | D620: SAKHA KHALID | E620: SAKHA | G620: 02/02/2022 | I620: LAKI-LAKI | J620: - | K620: ISLAM | L620: - | M620: - | N620: - | O620: - | P620: - | Q620: - | R620: - | S620: SINGKAWANG | T620: KALIMANTAN BARAT | U620: 000 | V620: INFORMASI KERABAT
B621: 22/05/2025 7:33:02 | D621: KAMRAN | E621: KAMRAN | G621: 02/02/0022 | I621: LAKI-LAKI | J621: - | K621: ISLAM | L621: - | M621: - | N621: - | O621: - | P621: - | Q621: - | R621: - | S621: PONTIANAK | T621: KALIMANTAN BARAT | U621: 0000 | V621: 0UTDOOR CLASS
B622: 22/05/2025 8:01:19 | D622: ABBYAN SYAUQI | E622: ABBYAN | G622: 02/02/2022 | I622: LAKI-LAKI | J622: - | K622: ISLAM | L622: - | M622: IBU RUMAH TANGGA | N622: - | O622: - | P622: - | Q622: - | R622: - | S622: PONTIANAK | T622: KALIMANTAN BARAT | U622: 0 | V622: OUTDOOR CLASS
B623: 22/05/2025 8:03:16 | D623: ABBYAN SYAUQI | E623: ABBYAN | G623: 02/02/2002 | I623: LAKI-LAKI | J623: - | K623: ISLAM | L623: - | M623: IBU RUMAH TANGGA | N623: - | O623: - | P623: - | Q623: - | R623: - | S623: PONTIANAK | T623: KALIMANTAN BARAT | U623: 0 | V623: INSTAGRAM
B624: 22/05/2025 8:10:47 | D624: JAMES WARREN | E624: JAMES | G624: 02/02/2022 | I624: LAKI-LAKI | J624: - | K624: BUDDHA | L624: - | M624: IBU RUMAH TANGGA | N624: - | O624: - | P624: - | Q624: - | R624: - | S624: PONTIANAK | T624: KALIMANTAN BARAT | U624: 0 | V624: INSTAGRAM
B625: 22/05/2025 8:14:06 | D625: DARA ADIBA | E625: DARA | G625: 02/02/2022 | I625: PEREMPUAN | J625: - | K625: ISLAM | L625: - | M625: IBU RUMAH TANGGA | N625: - | O625: - | P625: - | Q625: - | R625: - | S625: PONTIANAK | T625: KALIMANTAN BARAT | U625: 0 | V625: INSTAGRAM
B626: 22/05/2025 8:21:00 | D626: DIXON | E626: DIXON | G626: 02/02/2022 | I626: LAKI-LAKI | J626: - | K626: BUDDHA | L626: - | M626: - | N626: - | O626: - | P626: - | Q626: - | R626: - | S626: PONTIANAK | T626: KALIMANTAN BARAT | U626: 0 | V626: INSTAGRAM
B627: 22/05/2025 8:34:37 | D627: ARI YANUARIF | E627: ARI | G627: 01/01/0001 | I627: LAKI-LAKI | J627: STROKE | K627: ISLAM | L627: - | M627: IBU RUMAH TANGGA | N627: - | O627: - | P627: - | Q627: - | R627: - | S627: PONTIANAK | T627: KALIMANTAN BARAT | U627: 0 | V627: INFORMASI KERABAT
B628: 22/05/2025 8:49:00 | D628: MUHAMMAD NABIL NUGRAHA | E628: NABIL | G628: 24/01/2020 | I628: LAKI-LAKI | J628: GANGGUAN BAHASA EKSPRESIF, ADHD | K628: ISLAM | L628: ADRIYANTIKA | M628: GURU / DOSEN | N628: YUGO | O628: KARYAWAN SWASTA | P628: JL. KH. ABDURAHMAN WAHID | Q628: KUALA DUA | R628: SUNGAI RAYA | S628: KUBU RAYA | T628: KALIMANTAN BARAT | U628: 085705373223 | V628: INSTAGRAM
B629: 22/05/2025 12:33:14 | D629: ADTIYA ZAINUL MUTTAQIN | E629: KIKI | G629: 08/08/2021 | I629: LAKI-LAKI | J629: TIDAK MERESPON DAN TIDAK BERBICARA | K629: ISLAM | L629: WIWINA SATRIYA | M629: IBU RUMAH TANGGA | N629: ISKANDAR | O629: PETANI | P629: DESA TRATI | Q629: DUSUN SIPAN JAYA | R629: JANG KANG | S629: SANGGAU | T629: KALIMANTAN BARAT | U629: 081255566597 | V629: INFORMASI KERABAT
B630: 22/05/2025 14:30:52 | D630: GAVIN ELVANO SMITH | E630: GEVIN | G630: 09/10/2023 | I630: LAKI-LAKI | J630: BELUM BISA MEMANGGIL PAPA MAMA,AMBIL BARANG PAKAI TARIK TANGAN, | K630: BUDDHA | L630: SUSY | M630: WIRASWASTA | N630: FEDY | O630: WIRASWASTA | P630: JALAN PERINTIS KEMERDEKAAN KOMPLEK GERBANG PERMATA ASRI D.4 | Q630: DALAM BUGIS | R630: PONTIANAK TIMUR | S630: PONTIANAK | T630: KALIMANTAN BARAT | U630: 081351869327 | V630: DOKTER
... B1115: 29/08/2026 18:00:47 | D1115: KAYNARA DANNEN TOTALIANTO | E1115: YAYA | G1115: 16/11/2013 | I1115: PEREMPUAN | J1115: ARTIKULASI BICARA KURANG JELAS | K1115: ISLAM | L1115: YUNTARI | M1115: IBU RUMAH TANGGA | N1115: BOY FRANCISCO TOTALIANTO | O1115: TNI | P1115: JLN UJUNG PANDANG 2 KOMPLEK MEGA GRIYA 3 NO.18 | Q1115: SUNGAI JAWI | R1115: SUNGAI JAWI | S1115: PONTIANAK | T1115: KALIMANTAN BARAT | U1115: 082351678644 | V1115: GOOGLE MAPS

Sheet PASIEN
B1: Timestamp | C1: f | D1: Nama Anak | E1: Column 21 | F1: No. RM | G1: Tgl. Lahir | H1: Usia (Thn.) | I1: Jens Kelamin | J1: Keluhan | K1: Agama | L1: Nama Ibu | M1: Pekerjaan Ibu | N1: Nama Ayah | O1: Pekerjaan Ayah | P1: Alamat | Q1: Kelurahan/Desa | R1: Kecamatan | S1: Kabupaten/Kota | T1: Provinsi | U1: No. HP/WA | V1: Sumber | W1: Column 20 | X1: Column 1 | Y1: Column 2 | Z1: Column 3
D2: OFF
D3: TA
D4: ISTIRAHAT
D5: SYS
F6: {=if(D6:D1110="","",left(D6:D1110,"1")&text(B6:B1110,"yy")&text(B6:B1110,"mm")&text(G6:G1110,"yy")&right(U6:U1110,2))} -> #REF! | H6: {=if(G6:G1110="","",rounddown((today()-G6:G1110)/365,0))} -> #REF!
B7: 45090.432 | D7: KHALID IBRAHIM AL KAHFI | G7: 44042 | I7: LAKI-LAKI | J7: FISIOTERAPI MOTORIK | K7: ISLAM | L7: DINDA FIRLIANSARI | M7: IBU RUMAH TANGGA | U7: 082231905665
B8: 45090.855 | D8: MUHAMMAD AMMAR | G8: 44128 | I8: LAKI-LAKI | J8: SENSORIK INTEGRASI & TERAPI WICARA | K8: ISLAM | L8: NADYA ULFA | M8: IBU RUMAH TANGGA | U8: 081328347009/0895702479833
B9: 45090.857 | D9: RIFQI SYAFIQ SYAHPUTRA | G9: 43060 | I9: LAKI-LAKI | J9: FISIOTERAPI | K9: ISLAM | L9: DESY ARIANI NASUTION | M9: ASN | U9: 08115706881
B10: 45090.857 | D10: JORDAN GABRIAN | G10: 43780 | I10: LAKI-LAKI | J10: SENSORIK INTEGRASI & TERAPI WICARA | K10: PROTESTAN | L10: LIA ANDRIANI | M10: IBU RUMAH TANGGA | U10: 089622447016
B11: 45090.857 | D11: ARSYA KHAIRUL FATIH | G11: 44172 | I11: LAKI-LAKI | J11: TERAPI WICARA | K11: ISLAM | L11: DEASY NOVITA SARI | M11: IBU RUMAH TANGGA | U11: 085658366269
B12: 45090.857 | D12: RAISYA RAHMA SYAHIRA | G12: 43853 | I12: PEREMPUAN | J12: FISIOTERAPI | K12: ISLAM | L12: DESY ARIANI NASUTION | M12: ASN | U12: 08115706881
B13: 45090.862 | D13: AHMAD LATIF SAFULLAH | G13: 39847 | I13: LAKI-LAKI | J13: FISIOTERAPI | K13: ISLAM | L13: DARWANTI | M13: IBU RUMAH TANGGA | U13: 082252116339
B14: 45090.862 | D14: KHALID IBRAHIM AL KAHFI | G14: 44042 | I14: LAKI-LAKI | J14: FISIOTERAPI | K14: ISLAM | L14: DINDA FIRLIANSARI | M14: IRT | U14: 082231905665
B15: 45090.863 | D15: DAVID CHRISTIAN | G15: 43515 | I15: LAKI-LAKI | J15: SENSORIK INTEGRASI & TERAPI WICARAA | K15: PROTESTAN | L15: DESSY | M15: WIRASWASTA | U15: 085248068221
B16: 45090.864 | D16: CELINE ZOEY HEARTILLY | G16: 43431 | I16: PEREMPUAN | J16: SENSORIK INTEGRASI & TERAPI WICARA | K16: BUDDHA | L16: SYLVIA VERONIKA | M16: IBU RUMAH TANGGA | U16: 085245070077
B17: 45090.868 | D17: KENZO ALFA AS-SIDDIQ | G17: 44219 | I17: LAKI-LAKI | J17: TERAPI WICARA | K17: ISLAM | L17: TARA CHAIRUNISA | M17: GURU | U17: 081362524442
B18: 45090.869 | D18: RAYYA FATIHAH RAZAANA | G18: 41379 | I18: PEREMPUAN | J18: FISIOTERAPI | K18: ISLAM | L18: EVA NOVIANTI HESTI VERA | M18: PNS | U18: 08152234183
... B63: 45160.417 | D63: JASPER GABRIEL | G63: 43039 | I63: LAKI-LAKI | J63: SENSORIK INTEGRASI & TERAPI WICARA | K63: PROTESTAN | L63: YENNY | M63: IBU RUMAH TANGGA | U63: 081917142519
B64: 45171.735 | D64: FAYK KAIVAN SERGUERO | G64: 44719 | I64: LAKI-LAKI | J64: BANYAK OMONG | K64: ISLAM | L64: ETRI YULIA ANDINI | M64: IRT | N64: DANI FAHRIZAL | O64: SWASTA | P64: JL. P. H. HUSIN 2 GG. WISUDA NO. 23A | U64: 082158963663
B65: 45171.744 | D65: AHMAD SYAKIR | G65: 44794 | I65: LAKI-LAKI | J65: PILEK BATUK | K65: ISLAM | L65: IRMA RISKIMA | M65: SWASTA | N65: SYEKH ARPI | O65: WIRAUSAHA | P65: JALAN ARTERI SUPADIO CABANG KIRI | U65: 08981380248
B66: 45172.594 | D66: RAINA AISYAH SUPRIADI | G66: 41412 | I66: PEREMPUAN | J66: CP | K66: ISLAM | L66: KARTINI APRILYANI | M66: IBU RUMAH TANGGA | N66: DENNY SUPRIADI | O66: PNS | P66: JL.PEMDA KOMP.GRIYA MAYOR A.26 | U66: 082353828426
B67: 45172.598 | D67: RAISSA FATIMAH SUPRIADI | G67: 41412 | I67: PEREMPUAN | J67: CP | K67: ISLAM | L67: KARTINI APRILYANI | M67: IBU RUMAH TANGGA | N67: DENNY SUPRIADI | O67: PNS | P67: JL.PEMDA.KOMP GRIYA MAYOR A.26 | U67: 082353828426
B68: 45172.598 | D68: RAINA AISYAH SUPRIADI | G68: 41412 | I68: PEREMPUAN | J68: CP | K68: ISLAM | L68: KARTINI APRILYANI | M68: IBU RUMAH TANGGA | N68: DENNY SUPRIADI | O68: PNS | P68: JL.PEMDA KOMP.GRIYA MAYOR A.26 | U68: 082353828426
B69: 45172.602 | D69: SYARIF MUHAMMAD ALFATEH | G69: 44196 | I69: LAKI-LAKI | J69: Sering kaget, sesak saat malam hari karena lendir sehingga pola tidur berubah | K69: ISLAM | L69: SYARIFAH FIFI MARIANI ALKADRIE | M69: HONORER | N69: SY. ADHY | O69: KARYAWAN SWASTA | P69: JALAN TRITURA NO. 10 KEL. DALAM BUGIS KEC. PONTIANAK TIMUR | U69: 085754395905
B70: 45173.726 | D70: MUHAMMAD AZZAM ACO | G70: 42627 | I70: LAKI-LAKI | J70: Lambat bicara diagnosa dr ADHD | K70: ISLAM | L70: IRA NIA | M70: IBU RUMAH TANGGA | N70: MAMAN ACO | O70: BURUH HARIAN LEPAS | P70: JALAN KOM YOS SUDARSO GANG ALPOKAT INDAH, JALUR 0 | U70: 081255816909
B71: 45173.727 | D71: ELZEVAREL ZERKHA AZARYA | G71: 44426 | I71: LAKI-LAKI | J71: SPEECH DELAY | K71: PROTESTAN | L71: KRISYESIKA | M71: DOSEN | N71: EBEN HEIZER | O71: WIRASWASTA | P71: JLN. TRANS KALIMANTAN GG. BUDAYA NO. 1 | U71: 085346807788
B72: 45173.731 | D72: AMIR SYAKIR | G72: 43364 | I72: LAKI-LAKI | J72: Tidak fokus | K72: ISLAM | L72: WAHYULI ASTUTI | M72: IBU RUMAH TANGGA | N72: SUWARDI | O72: KARYAWAN SWASTA | P72: JL KOMYO SUDARSO GG SRIKAYA 2 NO 19 | U72: 082148665510
B73: 45173.733 | D73: MUHAMMAD ZAFRAN MAERAD | G73: 44264 | I73: LAKI-LAKI | J73: speach delay | K73: ISLAM | L73: DEWI SULISTIANINGSIH | M73: KARYAWAN SWASTA | N73: HAFITDIN | O73: KARYAWAN SWASTA | P73: JL M SOHOR GG SEDERHANA | U73: 08998092083
B74: 45173.739 | D74: MARCELLO | G74: 43931 | I74: LAKI-LAKI | J74: telat bicara | K74: BUDDHA | L74: HIE FUI NA | M74: IBU RUMAH TANGGA | N74: PET HO | O74: WIRASWASTA | P74: JL NAWAWI HASAN 3 NO 342 | U74: 082158815530
B75: 45173.742 | D75: AZQEEYA ELNARA RACAISHA | G75: 44268 | I75: PEREMPUAN | J75: SPEECH DELAY | K75: ISLAM | L75: URAY YUCA ERGAIASHA | M75: IRT | N75: RAHMAT RAZULY HIDAYAT | O75: SWASTA | P75: JL. KARYA KOMP. FAJAR ASRI 3 A-28 | U75: 08982292556
... B174: 45288.409 | D174: IMRAN HANIF PRIBADI | G174: 33762 | I174: LAKI-LAKI | J174: Add | K174: ISLAM | L174: ENI DIAN PERTIWI | M174: IBU RUMAH TANGGA | N174: CITRA TEGUH IMAN PRIBADI | O174: PEGAWAI SWASTA | P174: JALAN WONOBARU GG REMAJA 2 NO 30 | U174: 082139121261
B175: 45293.501 | D175: FAYK KAIVAN SERGUERO | G175: 44719 | I175: LAKI-LAKI | J175: BANYAK OMONG | K175: ISLAM | L175: ETRI YULIA ANDINI | M175: IBU RUMAH TANGGA | N175: DANI FAHRIZAL | O175: TENAGA KESEHATAN | P175: JL. P. H. HUSIN 2 GG.WISUDA NO. 23A | Q175: BANGKA BELITUNG DARAT | R175: PONTIANAK TENGGARA | S175: PONTIANAK | T175: KALIMANTAN BARAT | U175: 081333668688
B176: 45293.508 | D176: AHMAD SYAKIR ARISTAMA | G176: 44794 | I176: LAKI-LAKI | J176: BANYAK OMONG | K176: ISLAM | L176: IRMA RISKIMA | M176: TENAGA KESEHATAN | N176: SYEKH ARPI | O176: PENGUSAHA | P176: CABANG KIRI GG. SEDERHANA | Q176: PARIT BARU | R176: SUNGAI RAYA | S176: KUBU RAYA | T176: KALIMANTAN BARAT | U176: 08981380248
B177: 45294.449 | D177: MUHAMMAD AKRAM ZAYDAN | G177: 43166 | I177: LAKI-LAKI | J177: Kurang fokus | K177: ISLAM | L177: MIERANDHA EDWARD LUBIS | M177: IBU RUMAH TANGGA | N177: NOFIANDY SURYA | O177: WIRASWASTA | P177: DESA KAPUR, KOMPLEK STAR BHAYANGKARA RESIDANCE BLOCK H NO.5 | Q177: MEKAR BARU | R177: SUNGAI RAYA | S177: KUBURAYA | T177: KALIMANTAN BARAT | U177: 0817202880
B178: 45294.531 | D178: MANUEL ERNANDO HALIM. | G178: 43354 | I178: LAKI-LAKI | J178: Speed delay | K178: KATOLIK | L178: SARI YOHANA | M178: IBU RUMAH TANGGA | N178: FRENDY | O178: KARYAWAN | P178: JL.WONODADI 3 | Q178: KOTA BARU | S178: PONTIANAK | T178: KALIMANTAN BARAT | U178: 081288306888
B179: 45294.667 | D179: LABIB RAZAN AL BARRA | G179: 44813 | I179: LAKI-LAKI | J179: Masalah gangguan makan | K179: ISLAM | L179: RISKI LIANA SARI | M179: TENAGA KESEHATAN | N179: MUHAMMAD IQBAL FARIZQI | O179: PNS | P179: KOMPLEK BTN SEKAYAM INDAH. DUSUN BALAIKARANGAN 3 | Q179: BALAI KARANGAN | R179: SEKAYAM | S179: SANGGAU | T179: KALIMANTAN BARAT | U179: 085250805070
B180: 45295.478 | D180: DAREV CHRISTIAN ZEGA | G180: 44243 | I180: LAKI-LAKI | J180: Belum bisa lancar bicara & hiperaktif | K180: PROTESTAN | L180: JEEMA HERRERA EVELINA SINAGA | M180: IBU RUMAH TANGGA | N180: DARMIN USMAN ZEGA | O180: WIRASWASTA | P180: JL MADYOSARI 1 DALAM NO 51 | Q180: AKCAYA | R180: PONTIANAK | S180: PONTIANAK SELATAN | T180: KALIMANTAN BARAT | U180: 089603315528
B181: 45295.596 | D181: ARVAN RAYHAN DIANDITA | G181: 44427 | I181: LAKI-LAKI | J181: Terapi perilaku dan terapi wicara | K181: ISLAM | L181: RESSY SERLIANDARI | M181: IBU RUMAH TANGGA | N181: BAGUS DIANDITA | O181: PNS | P181: SUNGAI RAYA DALAM KOMP. SRIKANDI 06 | Q181: SUNGAI RAYA | R181: SUNGAI RAYA | S181: KUBU RAYA | T181: KALIMANTAN BARAT | U181: 085654550060
B182: 45295.839 | D182: JEVANO ANG | G182: 44384 | I182: LAKI-LAKI | J182: Belum bisa ngomong, hanya bisa manggil papa mama koko dadah gak ya | K182: KATOLIK | L182: SILVIA | M182: IBU RUMAH TANGGA | N182: HENDRA | O182: WIRASWASTA | P182: JL SRIKANDI KOMP HOSANA FHILEO BLOK BB22 | Q182: SUNGAI RAYA DALAM | R182: SUNGAI RAYA | S182: KUBU RAYA | T182: KALIMANTAN BARAT | U182: 089625550586
B183: 45297.693 | D183: HAFIZH AL FARREL DAMARIO | G183: 43091 | I183: LAKI-LAKI | J183: BICARA KURANG JELAS | K183: ISLAM | L183: RAWAN TRI SULISTYA | M183: IBU RUMAH TANGGA | N183: LUSINANTO HARTADI | O183: SWASTA | P183: JL. KARYA PERUMAHAN GRAHA KIRANA 13 NO.A4 | Q183: SUNGAI KAKAP | R183: KOTA BARU | S183: KOTA BARU | T183: PONTIANAK | U183: 081286995997
B184: 45298.725 | D184: ARKAN SUBHAN ALFARIZI | G184: 42390 | I184: LAKI-LAKI | J184: cerebral palsy, belum bisa berjalan | K184: ISLAM | L184: EKA LESTARI | M184: PNS | N184: DWI RACHMAWAN | O184: PNS | P184: JL. UJUNG PANDANG GG. BALA ARUNG NO 17 | Q184: KELURAHAN SUNGAI JAWI | R184: PONTIANAK KOTA | S184: KOTA PONTIANAK | T184: KALIMANTAN BARAT | U184: 085820410031
B185: 45298.734 | D185: TALINO CASSIUS SILSLAHI | G185: 44200 | I185: LAKI-LAKI | J185: Speech Delay | K185: KATOLIK | L185: FLORENSIA INDAN STEPANI | M185: KARYAWAN SWASTA | N185: BENNY PERNANDO SILALAHI | O185: KARYAWAN SWASTA | P185: JALAN DANAU SENTARUM GG. KALI BENING (RUMAH KE-10) | Q185: SUNGAI BANGKONG | R185: PONTIANAK KOTA | S185: PONTIANAK | T185: KALIMANTAN BARAT | U185: 081286234546
B186: 45298.8 | D186: MACK KIO JUANSON | G186: 44462 | I186: LAKI-LAKI | J186: UMUR 2 TAHUN 4 BULAN MALAS BICARA | K186: KATOLIK | L186: JULIANA | M186: IBU RUMAH TANGGA | N186: ANDY | O186: KARYAWAN | P186: JL. MERDEKA NO.506 | Q186: MARIANA | R186: PONTIANAK KOTA | S186: KOTA PONTIANAK | T186: KALIMANTAN BARAT | U186: 085247179223
B187: 45299.669 | D187: DHARSATA INDIRA | G187: 45001 | I187: PEREMPUAN | J187: Leher belum tegak dan badan sering dikakukan | K187: ISLAM | L187: DITA OCTAVIA | M187: IBU RUMAH TANGGA | N187: JARNO | O187: BURUH | P187: DUSUN SUMBER REJO RT 003 RW 002 | Q187: PINANG DALAM | R187: KUBU | S187: KUBU RAYA/PONTIANAK | T187: KALIMANTAN BARAT | U187: 085787680674
B188: 45300.49 | D188: AZRAQI ELFATHAN SANDI | G188: 44867 | I188: LAKI-LAKI | J188: leher belum kuat dalam keadaan tegak, belum bisa duduk | K188: ISLAM | L188: NURBAITI | M188: PEGAWAI BUMN | N188: FARISSANDI | O188: WIRASWASTA | P188: JALAN RASAU, PERUMAHAN TALITHA CLUSTER NO 26A | Q188: KUALA DUA | R188: SUNGAI RAYA | S188: KUBU RAYA | T188: KALIMANTAN BARAT | U188: 089693802558
B189: 45300.63 | D189: AIDILIA SHAFA MARWAH | G189: 44396 | I189: PEREMPUAN | J189: Terlambat Bicara | K189: ISLAM | L189: OKTAVI INDAHSARI | M189: IBU RUMAH TANGGA | N189: BUDI | O189: WIRASWASTA | P189: KOMPLEK BHAYANGKARA ASRI BLOK C NO. 7 | Q189: DESA KAPUR | R189: SEI RAYA | S189: KUBU RAYA | T189: KALIMANTAN BARAT | U189: 081347167808
B190: 45300.75 | D190: SYECH MUHAMMAD SALMAN | G190: 43822 | I190: LAKI-LAKI | J190: Speech Disorder | K190: ISLAM | L190: PRATIWI RAMELIA | M190: PEGAWAI PEMERINTAH | N190: SYECH SADAM HUSIN | O190: WIRASWASTA | P190: KOMP. BERDIKARI INDAH 2, NO. D6 | Q190: PAL LIMA | R190: PONTIANAK BARAT | S190: PONTIANAK | T190: KALIMANTAN BARAT | U190: 089531735775
... B222: 45348.677 | D222: MAFAZA RAFI SALONG | G222: 44159 | I222: LAKI-LAKI | J222: Speak delay dan hiperaktif | K222: ISLAM | L222: DESSY | M222: PNS | N222: M. SALEH SALONG | O222: TNI AD | P222: JALAN PARIT MAKMUR | Q222: SIANTAN TENGAH | R222: PONTIANAK UTARA | S222: KOTA PONTIANAK | T222: KALIMANTAN BARAT | U222: 081256657537
B223: 45352.822 | D223: NOEL GABRIEL | G223: 44898 | I223: LAKI-LAKI | J223: Belum bisa berdiri trs berjalan | K223: PROTESTAN | L223: RENI | M223: IBU RUMAH TANGGA | N223: HENDRA | O223: WIRASWASTA | P223: JL PARIT PANGERAN | Q223: SIANTAN HULU | R223: PONTIANAK UTARA | S223: PONTIANAK | T223: KALIMANTAN BARAT | U223: 089644134567 | V223: GOOGLE MAPS
B224: 45353.485 | D224: MUHAMMAD SIROJUL MUNIR | G224: 43330 | I224: LAKI-LAKI | J224: Tidak Fokus, tidak bisa di ajak berkomunikasi | K224: ISLAM | L224: SRI DEWI INDRIANI | M224: IBU RUMAH TANGGA | N224: ABDUL AZIZ MS | O224: WIRASWASTA | P224: JL. H. RAIS A RAHMAN GG. SAMPANG NO.2 | Q224: SUNGAI JAWI DALAM | R224: PONTIANAK BARAT | S224: PONTIANAK | T224: KALIMANTAN BARAT | U224: 082152187296 | V224: INSTAGRAM
B225: 45354.51 | D225: EIRYN WINELLA | G225: 44559 | I225: PEREMPUAN | J225: Tidak bisa mengunyah | K225: KATOLIK | L225: AGNES VERONIKA | M225: KARYAWAN SWASTA | N225: KENNY ADITYA | O225: WIRASWASTA | P225: JL KH AHMAD DAHLAN GG MARGOSARI NO 19 | Q225: SEI BANGKONG | R225: PONTIANAK KOTA | S225: KOTA PONTIANAK | T225: KALIMANTAN BARAT | U225: 085795728209 | V225: INSTAGRAM
B226: 45354.617 | D226: WEWA ALFHARIZQI | G226: 42733 | I226: LAKI-LAKI | J226: Lambat bicara | K226: ISLAM | L226: WENNI HERVIANI S.PD,M.PD | M226: GURU / DOSEN | N226: I WAYAN SUDHARMA | O226: GASMAN BULOG | P226: JALAN KAPTEN PIERE TENDEAN KETAPANG KALBAR | Q226: SUKAHARJA | R226: DELTA PAWAN | S226: KETAPANG | T226: KALIMANTAN BARAT | U226: 082246391149 | V226: INSTAGRAM
B227: 45355.725 | D227: ABANG ACHMAD AZKA ALFARIZQI | G227: 43931 | I227: LAKI-LAKI | J227: Speech delay, tantrum, hiperaktif dan gangguan fokus | K227: ISLAM | L227: FITRI | M227: PNS | N227: BERRY | O227: PNS | P227: PUTUSSIBAU | Q227: HILIR KANTOR | R227: PUTUSSIBAU UTARA | S227: KAPUAS HULU | T227: KALIMANTAN BARAT | U227: 081258160190 | V227: INFORMASI KERABAT
B228: 45356.522 | D228: GALISTA CANDRA | G228: 44000 | I228: PEREMPUAN | J228: Sakit Leher | K228: BUDDHA | L228: JENNYLIA CHRISTYANIE | M228: PENGUSAHA | N228: CANDRA HENDI | O228: PENGUSAHA | P228: JL DR WAHIDIN | Q228: SUNGAI JAWI | R228: PONTIANAK KOTA | S228: KOTA PONTIANAK | T228: KALIMANTAN BARAT | U228: 087818298879 | V228: INFORMASI KERABAT
B229: 45358.759 | D229: M.KHOIRUL AZAM | G229: 44242 | I229: LAKI-LAKI | J229: Dalam bugis | K229: ISLAM | L229: INAROTUL HASANAH | M229: IBU RUMAH TANGGA | N229: ABDULLAH | O229: SWASTA | P229: JL. TQNJUNG RAYA 1 GG PERMAI NO.12B | Q229: DALAM BUGIS | R229: PONTIANAK TIMUR | S229: PONTIANAK | T229: KALIMANTAN BARAT | U229: 081230390559 | V229: GOOGLE MAPS
B230: 45364.504 | D230: DHEFIN AL QARNI AKBARSADHANA | G230: 44308 | I230: LAKI-LAKI | J230: Keluhan: 1. Kemampuan bahasa. Anak belum bisa berbicara dalam bentuk kalimat dan berkomunikasi 2 arah. 2. ⁠Fokus. Anak terkadang masih belum fokus ketika diajak berkomunikasi atau saat sedang baca buku suka membalik ke halaman yang paling disukai aja. 3. ⁠Emosi. Pendalian emosi masih belum maksimal dikarenakan anak masih belum bisa menyampaikan apa yang dirasakannya, biasanya disampaikan dgn cara nangis. 4. ⁠Separation anxiety. Awal2 pindah ke pontianak, anak tidak mau lepas dr mama/ayahnya, kecuali saat sedang fokus bermain tidak akan langsung mencari orgtuanya. 5. ⁠Sensori Motorik. Dr hasil screening sblmnya, anak memiliki kendala refleks yg belum optimal sehingga menghambat kemampuan di keluhan 1-4. | K230: ISLAM | L230: DITA | M230: IBU RUMAH TANGGA | N230: DIRGA | O230: PNS | P230: JL BINTANGOR II NO. 20 | Q230: TANJUNG HULU | R230: PONTIANAK TIMUR | S230: KOTA PONTIANAK | T230: KALIMANTAN BARAT | U230: 081315791994 | V230: GOOGLE MAPS
B231: 45366.739 | D231: SHANUM ALMAHYRA ADHISTY | G231: 45207 | I231: PEREMPUAN | J231: Lingkar kepala kecil | K231: ISLAM | L231: DA'IMATUL HASANAH | M231: TENAGA KESEHATAN | N231: AGUSTIANSYAH | O231: TENAGA KESEHATAN | P231: JALAN KENARI GG MERAK 2 DALAM | Q231: MARIANA | R231: PONTIANAK KOTA | S231: PONTIANAK | T231: KALIMANTAN BARAT | U231: 082352039722 | V231: INFORMASI KERABAT
B232: 45369.644 | D232: DARREN LIU | G232: 43398 | I232: LAKI-LAKI | J232: BICARA BELUM LANCAR, TIDAK MAU MENGUNYAH, BELUM BISA PEGANG PENSIL DENGAN BENAR | K232: KHONGHUCU | L232: NOVITA YULIANA | M232: IBU RUMAH TANGGA | N232: AGUS SUHENDRA | O232: KARYAWAN | P232: JL NIRBAYA GG TATA KOTA NO 32B | Q232: KOTA BARU | R232: PONTIANAK SELATAN | S232: PONTIANAK | T232: KALIMANTAN BARAT | U232: 085845532882 | V232: INSTAGRAM
B233: 45372.138 | D233: MUHAMMAD FAREL DAFFA | G233: 44513 | I233: LAKI-LAKI | J233: Kosa kata sedikit | K233: ISLAM | L233: EMIL FIRMANIA | M233: WIRASWASTA | N233: MUHAMMAD RIZKI ARDIANSYAH | O233: TENAGA KESEHATAN | P233: JL PETANI KOMPLEK IQHSAN PETANI NO 12 | Q233: SUNGAI JAWI | R233: PONTIANAK KOTA | S233: PONTIANAK | T233: KALIMANTAN BARAT | U233: 085820465677 | V233: INFORMASI KERABAT
B234: 45372.598 | D234: SHEA XAVIERA RENGKUAN | G234: 44316 | I234: PEREMPUAN | J234: Belum lancar bicara | K234: PROTESTAN | L234: YULIANA | M234: WIRASWASTA | N234: YORIS RENGKUAN | O234: WIRASWASTA | P234: JALAN PADAT KARYA KOMPLEK SBR 7 NO I 20 | Q234: SAIGON | R234: PONTIANAK TIMUR | S234: PONTIANAK | T234: KALIMANTAN BARAT | U234: 089689556336 | V234: INSTAGRAM
... B252: 45400.477 | D252: HANAN ALGAZA FRANATA | G252: 43929 | I252: LAKI-LAKI | J252: Anak hiperaktif dan lambat bicara | K252: ISLAM | L252: NURUL RAHIMAH | M252: IBU RUMAH TANGGA | N252: BENY ALDO FRANATA | O252: WIRASWASTA | P252: DUSUN HANURA | Q252: SERIMBU | R252: AIR BESAR | S252: LANDAK | T252: KALIMANTAN BARAT | U252: 082251043967 | V252: INFORMASI KERABAT
B253: 45401.408 | D253: TIBERIUS YOSHUA MANDAGIE | G253: 1/31/0024 | I253: LAKI-LAKI | J253: TORTIKOLIS RINGAN | K253: KATOLIK | L253: YASHINTA | M253: PNS | N253: PONCH AGUSTINUS | O253: WIRASWASTA | P253: JL PARIS 2 KOMP PESONA MUTIARA DEWATA NO C 3A | Q253: BANSIR BARAT | R253: PONTIANAK TENGGARA | S253: PONTIANAK | T253: KALIMANTAN BARAT | U253: 085247429004 | V253: GOOGLE MAPS
B254: 45403.472 | D254: ALZEFFANYA CATTLEYA ALRAQEMA | G254: 44704 | I254: PEREMPUAN | J254: Telat bicara tidak responship | K254: ISLAM | L254: MEILY IERIYANTY | M254: WIRASWASTA | N254: M. IBRA MARVIERIZKY | O254: PENGUSAHA | P254: PUNGGUR KECIL | Q254: PUNGGUR KECIL | R254: SUNGAI KAKAP | S254: KUBURAYA | T254: KALIMANTAN BARAT | U254: 082154377072 | V254: INSTAGRAM
B255: 45404.546 | D255: MUHAMMAD NUQADAH AL-ASADI | G255: 43832 | I255: LAKI-LAKI | J255: Belum dapat berbicara,berinteraksi dan kurang fokus,belum bisa merangkai kata | K255: ISLAM | L255: MAYA ERIDANI YOLANDA | M255: IBU RUMAH TANGGA | N255: KOMARUDDIN AMIN | O255: BURUH HARIAN LEPAS | P255: JL.PARIT BUGIS GG.MALINDO NO.11 | Q255: ARANG LIMBUNG | R255: SUNGAI RAYA | S255: KUBU RAYA | T255: KALIMANTAN BARAT | U255: 0895387059411 | V255: INFORMASI KERABAT
B256: 45404.914 | D256: MUHAMMAD ZIDAN BANGUN | G256: 39820 | I256: LAKI-LAKI | J256: Zidan masih pelat ngomongnya,bln bisa normal membaca dan menulis,berhitung sesuai umur | K256: ISLAM | L256: RISWANI | M256: ALM | N256: KHAIRUDDIN BANGUN | O256: ALM | P256: JL TEKAM | Q256: SAIGON | R256: PONTIM | S256: PONTIANAK | T256: KALIMANTAN BARAT | U256: 081346131120 | V256: INFORMASI KERABAT
B257: 45405.322 | D257: GLORY NATA WIJAYA | G257: 43704 | I257: PEREMPUAN | J257: Belum bisa bicara, belum mau pegang pensil , marah | K257: KHONGHUCU | L257: YUNI | M257: IBU RUMAH TANGGA | N257: HARRY WIJAYA | O257: PEDAGANG | P257: JL PUTRIDARANANTE , GG WAKDALEK NO 4D | Q257: SUNGAI BANGKONG | R257: PONTIANAK KOTA | S257: PONTIANAK | T257: KALIMANTAN BARAT | U257: ‪+62 895‑3299‑26668‬ | V257: INSTAGRAM
B258: 45405.548 | D258: RAFFAN ATHAYANUHA PRIATNA | G258: 44351 | I258: LAKI-LAKI | J258: BLM LANCAR BERBICARA | K258: ISLAM | L258: RISA OKTIANA FITRI | M258: IBU RUMAH TANGGA | N258: RUBY PRIATNA | O258: KARYAWAN | P258: KOMP BTN TELUK MULUS BLOK M14 | Q258: TELUK KAPUAS | R258: SUNGAI RAYA | S258: KUBURAYA | T258: KALIMANTAN BARAT | U258: 082154392121 | V258: INFORMASI KERABAT
B259: 45405.795 | D259: RAFFAN ATHAYANUHA PRIATNA | G259: 44351 | I259: LAKI-LAKI | J259: Belum lancar bicara | K259: ISLAM | L259: RISKY DESTIANA SARI | M259: IBU RUMAH TANGGA | N259: RUBBY PRIATNA | O259: WIRASWASTA | P259: JL. PARIT BUGIS | Q259: ARANG LIMBUNG | R259: SUNGAI RAYA | S259: KUBU RAYA | T259: KALIMANTAN BARAT | U259: 081256388678 | V259: INFORMASI KERABAT
B260: 45411.494 | D260: MUHAMMAD RAFFI JULIANSYAH | G260: 42575 | I260: LAKI-LAKI | J260: SUSAH UNTUK FOKUS DAN KONSENTRASI, KALAU DI SEKOLAH SUKA MELAMUN, SUKA MENYENDIRI, MASIH SUKA TANTRUM, BICARA UNTUK MENYAMPAIKAN MAKSUT MASIH TERBATA BATA | K260: ISLAM | L260: TITIN TURNIAWATI | M260: IBU RUMAH TANGGA | N260: WEWEN SUPRIYANTO | O260: WIRASWASTA | P260: DSN.SERAMBAI | Q260: DS.TANJUNG MERPATI | R260: KEC.KEMBAYAN | S260: KAB.SANGGAU | T260: KALIMANTAN BARAT | U260: 081545491091 | V260: INFORMASI KERABAT
B261: 45412.491 | D261: TUBAGUS KHALID AL HAFIZ | G261: 44405 | I261: LAKI-LAKI | J261: tidak fokus , tidak menoleh saat dipanggil , hiperaktif,belum bisa berbicara dan gelian | K261: ISLAM | L261: DEBY MELIANA | M261: IBU RUMAH TANGGA | N261: TUBAGUS HENRY PERMADI | O261: WIRASWASTA | P261: GG KARYA BARU 1 ALAS KUSUMA | Q261: DESA KUALA DUA | R261: SUNGAI RAYA | S261: KUBU RAYA | T261: KALIMANTAN BARAT | U261: 089667326460 | V261: GOOGLE MAPS
B262: 45413.694 | D262: AFSHANA NADIRA TAFAZZANI | G262: 44337 | I262: PEREMPUAN | J262: Kenakalan anak 3th | K262: ISLAM | L262: VIVI DIMITRIO ALBERTINI | M262: IBU RUMAH TANGGA | N262: M NABIL MATTA TAFAZZANI | O262: PILOT | P262: JL PERDAMAIAN , KOMP. GRAVEILA , BLOK A NO. 11 | Q262: KOTA BARU | R262: SUNGAI KAKAP | S262: KUBURAYA | T262: KALIMANTAN BARAT | U262: 082110671157 | V262: INFORMASI KERABAT
B263: 45414.665 | D263: ACE EMMANUEL SHANNON BUDIANTO | G263: 44608 | I263: LAKI-LAKI | J263: KOSA KATA MINIM | K263: PROTESTAN | L263: MELIKA JUVENTIA ROLLO | M263: IBU RUMAH TANGGA | N263: ERICK BUDIANTO | O263: KARYAWAN SWASTA | P263: JL. PAK KASIH NO. 42F | Q263: PONTIANAK KOTA | R263: MARIANA | S263: KOTA PONTIANAK | T263: KALIMANTAN TENGAH | U263: 082219000613 | V263: INSTAGRAM
B264: 45414.798 | D264: HARVEY MARGO | G264: 44629 | I264: LAKI-LAKI | J264: Masalah oromotor | K264: BUDDHA | L264: KELLY SUKARTI | M264: IBU RUMAH TANGGA | N264: ANTON MARGO | O264: WIRASWASTA | P264: JL PATTIMURA NO 8 | Q264: DARAT SEKIP | R264: PONTIANAK KOTA | S264: PONTIANAK | T264: KALIMANTAN BARAT | U264: 082150933839 | V264: INFORMASI KERABAT
B265: 45415.897 | D265: MUHAMMAD FATIH BAIHAQI | G265: 44084 | I265: LAKI-LAKI | J265: belum bisa bicara, kurang fokus, belum bisa komunikasi dua arah, belum terlalu paham perintah. | K265: ISLAM | L265: DESIANA ISTIQOMAH | M265: IBU RUMAH TANGGA | N265: MOCHAMAD YADI NURJAYADI | O265: PNS | P265: JL PADAT KARYA KOMP. DIDIS PERMAI 6 A-B . PERUMAHAN KE 3. | Q265: SAIGON | R265: PONTIANAK TIMUR | S265: PONTIANAK | T265: KALIMANTAN BARAT | U265: 081528900806 | V265: INFORMASI KERABAT
... B286: 45437.706 | D286: ZIA NAVIZA | G286: 43822 | I286: PEREMPUAN | J286: Susah bicara | K286: ISLAM | L286: IDA NURANI | M286: SWASTA | N286: PRAYITNO | O286: BURUH LEPAS | P286: 86 | Q286: TANJUNG HULU | R286: PONTIANAK TIMUR | S286: KOTA PONTIANAK | T286: KALIMANTAN BARAT | U286: 089522081426 | V286: INFORMASI KERABAT
B287: 45438.924 | D287: DELEN GEVARIEL IMANUEL | G287: 43980 | I287: LAKI-LAKI | J287: Lambat berbicara | K287: PROTESTAN | L287: MELIANTI | M287: IBU RUMAH TANGGA | N287: HARYANTO AJO | O287: PETANI | P287: SIMPANG MANDONG ( SOSOK ) RT RW 01 PERAYAAN DANGKU | Q287: SOSOK | R287: TAYAN HULU | S287: KABUPATEN SANGGAU | T287: KALIMANTAN BARAT | U287: 89694768952 | V287: INFORMASI KERABAT
B288: 45439.351 | D288: DAVANKA ARYANDRA SHANKARA | G288: 44764 | I288: LAKI-LAKI | J288: Belum bisa berdiri dan jalan | K288: ISLAM | L288: DWI WAHYU ASRI | M288: IBU RUMAH TANGGA | N288: AGUS SISWANTO | O288: WIRASWASTA | P288: KOMPLEK STAR BORNEO REGENCY 3 | Q288: PAL 9 | R288: SUNGAI KAKAP | S288: KUBU RAYA | T288: KALIMANTAN BARAT | U288: 085706321016 | V288: INSTAGRAM
B289: 45439.771 | D289: SADENDRA AZHAR | G289: 44703 | I289: LAKI-LAKI | J289: Kosa kata nya blm banyak, tidak mau menatap mata saat diajak ngobrol, ngoceh dg bahasa planet yg tidak di mengerti | K289: ISLAM | L289: NUR HALISA | M289: IBU RUMAH TANGGA | N289: ISMAIL MARZUKI | O289: WIRASWASTA | P289: JLN UJUNG PANDANG, GG HANURA 2 NO.29 | Q289: SUNGAI JAWI | R289: PONTIANAK KOTA | S289: PONTIANAK | T289: KALIMANTAN BARAT | U289: 081310538394 | V289: GOOGLE MAPS
B290: 45440.493 | D290: AARRON ATHARRAZKA | G290: 44716 | I290: LAKI-LAKI | J290: SPEECH DELAY, SUSAH MAKAN, SUSAH FOKUS | K290: ISLAM | L290: FIKA RAHMADANI | M290: IBU RUMAH TANGGA | N290: TRI SUTRISNO | O290: SWASTA | P290: JL. PERDANA KOMPLEK BALI AGUNG 2 BLOK K NO 24 | Q290: PARIT TOKAYA | R290: PONTIANAK SELATAN | S290: PONTIANAK | T290: KALIMANTAN BARAT | U290: 085828287204 | V290: INSTAGRAM
B291: 45440.835 | D291: ALUCIO CHARLEY VIANDY | G291: 43930 | I291: LAKI-LAKI | J291: KURANG BISA BERSOSIALISASI, KURANG ADANYA KONTAK MATA KETIKA BERBICARA (PERNAH KONSULTASI DENGAN PSIKOLOG PESONA CONSULTING, DI DIAGNOSA SCD & ADHD | K291: KATOLIK | L291: LIVI PUSPITA SARI | M291: IBU RUMAH TANGGA | N291: WANDI APRIANTO | O291: GURU / DOSEN | P291: JL TEKAM KOMP. HOSANA ALBERTA NO B 18 | Q291: SAIGON | R291: PONTIANAK TIMUR | S291: PONTIANAK | T291: KALIMANTAN BARAT | U291: 089681794248 | V291: INSTAGRAM
B292: 45441.901 | D292: MUHAMMAS ARSYAD AMIRUDIN | G292: 44361 | I292: LAKI-LAKI | J292: Belum pas berbicaranya | K292: ISLAM | L292: SUCI SULISTIYANI | M292: TENAGA KESEHATAN | N292: ZAINUDDIN | O292: PNS | P292: GG TELUK PERMAI DESA TELUK KAPUAS , KUBU RAYA | Q292: TELUK KAPUAS | R292: SUNGAI RAYA | S292: KUBU RAYA | T292: KALIMANTAN BARAT | U292: 089693928704 | V292: INFORMASI KERABAT
B293: 45442.774 | D293: LOUIE OSWYTH LAMBERT | G293: 43670 | I293: LAKI-LAKI | J293: Sering bubbling, kontak mata pndek, ga fokus, dll | K293: BUDDHA | L293: LINDA JUWITA | M293: IBU RUMAH TANGGA | N293: NIKI WIJOYO | O293: KARYAWAN | P293: JLN PERDANA KOMP. BALI AGUNG II BLOK A NO 8 | Q293: PARIT TOKAYA | R293: PONTIANAK SELATAN | S293: PONTIANAK | T293: KALIMANTAN BARAT | U293: 089649458351 | V293: INFORMASI KERABAT
B294: 45445.457 | D294: AYRIN ZEA FACHREZZY | G294: 44701 | I294: PEREMPUAN | J294: Urat tangan kecetit/ pergelangan terklilir | K294: ISLAM | L294: ELMA MARSITA | M294: GURU / DOSEN | N294: MUHAMMAD FACHREZZY | O294: PNS | P294: SERDAM | Q294: SUNGAI RAYA | R294: SUNGAI RAYA | S294: KUBU RAYA | T294: KALIMANTAN BARAT | U294: 082121216801 | V294: INFORMASI KERABAT
B295: 45445.726 | D295: AQILA FAIRUZ PRADIPTA | G295: 42780 | I295: LAKI-LAKI | J295: Masih lambat bicaranya, belum fokus, suka tantrum. | K295: ISLAM | L295: NOVITASARI. M | M295: TENAGA KESEHATAN | N295: PRASASTY NUGROHO | O295: WIRASWASTA | P295: JL PANGLIMA AIM NO.18 | Q295: TANJUNG HULU | R295: PONTIANAK TIMUR | S295: PONTIANAK | T295: KALIMANTAN BARAT | U295: 081258791288 | V295: INSTAGRAM
B296: 45448.751 | D296: JAGAD AR RAYYAN NARENDRA | G296: 44658 | I296: LAKI-LAKI | J296: Belum lancar bicara | K296: ISLAM | L296: IKRIMA ROZA PUTRIANTIWI | M296: KARYAWAN SWASTA | N296: RENDY TESA HENDRAWAN | O296: PNS | P296: JL. P. NATAKUSUMA GG. DELIMA NO. 20A | Q296: SUI. BANGKONG | R296: PONTIANAK KOTA | S296: KOTA PONTIANAK | T296: KALIMANTAN BARAT | U296: 08988881123 | V296: INSTAGRAM
B297: 45449.785 | D297: NAUFAL ARINDRA AL FATIH | G297: 44140 | I297: LAKI-LAKI | J297: TERAPI WICARA | K297: ISLAM | L297: RATIH RAHMAHWATI | M297: GURU / DOSEN | N297: ANDANG FIRMANSYAH | O297: GURU / DOSEN | P297: JL. PROF. M. YAMIN GG MORODADI 3 NO 2 | Q297: SUNGAI BANGKONG | R297: PONTIANAK KOTA | S297: PONTIANAK | T297: KALIMANTAN BARAT | U297: 081802745388 | V297: INSTAGRAM
B298: 45450.805 | D298: ALIZA SALSABILA | G298: 41795 | I298: PEREMPUAN | J298: anak nya udh 10 tahun kelas 3 SD kk, kalau ngomong kayak gagap, saat ngomong buka mulut mangap 1 menit baru bisa ngeluarkan omongan. terus yang di omongkan kadang kebalik balik misal lagi sedang ujan, tapi dia bilang panas. trus kalau belajar dia susah konsentrasi, kalau disekolah nilai selalu jelek. | K298: ISLAM | L298: KAMARIAH | M298: PNS | N298: IWAN | O298: WIRASWASTA | P298: JL SUNGAI RAYA DALAM, SRIKANDI, HOSANA FILEO BLOK AA-BB. NO AA9 | Q298: SUNGAI RAYA DALAM | R298: SUNGAI RAYA | S298: KUBU RAYA | T298: KALIMANTAN BARAT | U298: 085752359195 | V298: INSTAGRAM
B299: 45453.66 | D299: ALIFAH MARYAM PUTRI LUBUS | G299: 44525 | I299: PEREMPUAN | J299: Emosi tidak stabil, memukul | K299: ISLAM | L299: SYARIFAH INDAH RACHMANDA | M299: IBU RUMAH TANGGA | N299: ANGGI FEBRIAN LUBIS | O299: WO | P299: JL DR SUTOMO, KOMPLEK BATARA INDAH 4, NO C8 | Q299: SUNGAI BANGKONG | R299: PONTIANAK KOTA | S299: PONTIANAK | T299: KALIMANTAN BARAT | U299: 085389964665 | V299: INFORMASI KERABAT
... B414: 45565.718 | D414: KHANEZKA ATHAILLAH ASHLEY | G414: 44917 | I414: LAKI-LAKI | J414: Kurang Fokus | K414: ISLAM | L414: URAY IRTA ENGISH | M414: TENAGA KESEHATAN | N414: ARIE SUNANDAR | O414: TENAGA KESEHATAN | P414: JL. AMPERA KOMPLEK BALI ASRI 1 BLOK B1 | Q414: SUI BANGKONG | R414: PONTIANAK KOTA | S414: PONTIANAK | T414: KALIMANTAN BARAT | U414: 081256000087 | V414: INSTAGRAM
B415: 45568.657 | D415: KEAN RIZQI ALATA | G415: 43570 | I415: LAKI-LAKI | J415: Speech delay | K415: ISLAM | L415: KARINTA MAULIVANY | M415: TENAGA KESEHATAN | N415: ALIF RIZQI MUTTAQIN | O415: CHEF | P415: JL SUI RAYA DALAM KOMPLEK PERMATA AGUNG NO 33 | Q415: BANGKA BELITUNG DARAT | R415: PONTIANAJ TENGGARA | S415: PONTIANAK | T415: KALIMANTAN BARAT | U415: 61420559711 | V415: INSTAGRAM
B416: 45569.4 | D416: NATHANAEL BENEDICT | G416: 42346 | I416: LAKI-LAKI | J416: Kurang bisa konsentrasi dan kurang bisa berinteraksi dengan orang sekitar | K416: PROTESTAN | L416: DIANA AGUSTINA | M416: SWASTA | N416: EDY | O416: SWASTA | P416: JALAN PURNAMA | Q416: PARIT TOKAYA | R416: PONTIANAK SELATAN | S416: PONTIANAK | T416: PONTIANAK SELATAN | U416: 087790976005 | V416: INFORMASI KERABAT
B417: 45569.792 | D417: JONATHAN ANDREAS | G417: 43766 | I417: LAKI-LAKI | J417: Berbicara tidak jelas | K417: PROTESTAN | L417: ROSTINA | M417: IBU RUMAH TANGGA | N417: HENDRI | O417: KARYAWAN SWASTA | P417: JL. PERINTIS KOMP. HANDAYANI PERMAI B 21 | Q417: PAL IX | R417: SUI KAKAP | S417: KUBURAYA | T417: KALIMANTAN BARAT | U417: 08988393941 | V417: INSTAGRAM
B418: 45569.9 | D418: FRITZ ADELIO THENCA | G418: 43536 | I418: LAKI-LAKI | J418: Tidak bisa komunikasi 2arah,tidak focus,tantrum | K418: BUDDHA | L418: SULIKA/IKA | M418: IBU RUMAH TANGGA | N418: DEFENDI/FENDI | O418: WIRASWASTA | P418: JL KOTA BARU JL PGA NO 4 | Q418: SUI BANGKONG | R418: PONTIANAK KOTA | S418: KOTA PONTIANAK | T418: KALIMANTAN BARAT | U418: 082358375328 | V418: INSTAGRAM
B419: 45571.577 | D419: WILGOZ MARCELIO GEOVAN | G419: 43902 | I419: LAKI-LAKI | J419: SPEECH DELAY | K419: BUDDHA | L419: KIMBERLY | M419: KARYAWAN SWASTA | N419: SIMIN | O419: KARYAWAN SWASTA | P419: JLN. GUSTI SITUT MAHMUD GG. SELAT MALAKA 1 NO. 27 | Q419: SIANTAN HULU | R419: PONTIANAK UTARA | S419: KOTA PONTIANAK | T419: KALIMANTAN BARAT | U419: 089693558977 | V419: INSTAGRAM
B420: 45571.766 | D420: FARZAN AYDIN RAFANI | G420: 44678 | I420: LAKI-LAKI | J420: Belum bisa bicara | K420: ISLAM | L420: ULFAH YULIANTI | M420: IBU RUMAH TANGGA | N420: RAMADANI | O420: PEGAWAI BUMD | P420: JL. WONOBARU GANG WONODADI 2 JALUR 6 NO. 27A | Q420: KOTA BARU | R420: PONTIANAK SELATAN | S420: PONTIANAK | T420: KALIMANTAN BARAT | U420: 081315789236 | V420: INSTAGRAM
B421: 45572.7 | D421: ELVANO SEVIN ALKHAF | G421: 44040 | I421: LAKI-LAKI | J421: Space delay | K421: ISLAM | L421: NOVERINA PUTRI UTAMI | M421: WIRASWASTA | N421: IRFAN KAHFI | O421: WIRASWASTA | P421: JL HASANUDIN GG BILAL 2 NO 33A | Q421: SUI JAWI DALAM | R421: PONTIANAK BARAT | S421: PONTIANAK | T421: KALIMANTAN BARAT | U421: 089504879709 | V421: INSTAGRAM
B422: 45574.626 | D422: HAMDAN HENDRI | G422: 43662 | I422: LAKI-LAKI | J422: Juvenile idiopathic | K422: ISLAM | L422: HAMIDA | M422: IBU RUMAH TANGGA | N422: HENDRI | O422: WIRASWASTA | P422: KOMPLEK AMPERA RAYA | Q422: KUBU RAYA | R422: KALIMANTAN BARAT | S422: KOTA PONIANAK | T422: BUKU RAYA | U422: 081549039239 | V422: GOOGLE MAPS
B423: 45574.735 | D423: MUHAMMAD UWAIS PUTRA AISWAN | G423: 43597 | I423: LAKI-LAKI | J423: Belum bisa komunikasi 2 arah fokus belum ada | K423: ISLAM | L423: SRI AISYAH MULYATI | M423: PNS | N423: RIDWANSYAH | O423: GURU / DOSEN | P423: JL DR WAHIDIN JL UJUNG PANDANG GG HANURA NO4B | Q423: SUI JAWI | R423: PONTIANAK KOTA | S423: KOTA PONTIANAK | T423: KALIMANTAN BARAT | U423: 089694040761 | V423: INSTAGRAM
B424: 45574.754 | D424: QIANDIRGA RAEZIELHAN LUTHGHIBRAN | G424: 44060 | I424: LAKI-LAKI | J424: Bicara masih belum jelas. Kosa kata kurang | K424: ISLAM | L424: RAMADANI ARISTA ASTHIKA | M424: PNS | N424: SUTRISNO | O424: WIRASWASTA | P424: JL. DR.WAHIDIN,BATARA INDAH 1,NO. P22 | Q424: SUNGAI JAWI | R424: PONTIANAK KOTA | S424: KOTA PONTIANAK | T424: KALIMANTAN BARAT | U424: 08115781182 | V424: INSTAGRAM
...

Sheet JADWAL TERAPI 2026
B1: JADWAL GRIYA ANAK GANG SEHAT
D3: FISIOTERAPI | J3: TERAPI WICARA | O3: TERAPI PERILAKU | R3: PSIKOLOG
E4: MISWI | F4: EDO | G4: IRMA | H4: LULU | I4: TIA | K4: ADEL | L4: CHITA | P4: YUYUN | Q4: STEFY | S4: ISTI
B5: 46265 | D5: =$B$5 -> 46265
B6: =$B$5 -> 46265 | C6: 08.00 | D6: SYS | E6: KENZIO ISHAQ ELKHAVA | F6: OFF | G6: OFF | H6: OFF | I6: OFF | J6: SYS | K6: off | L6: M. KAFFA ANZAMI | M6: OFF | N6: OFF | O6: SYS | P6: OFF | Q6: GHAFI ARSHAKA KHALIF | R6: SYS | S6: off
C7: 09.00 | D7: SYS | E7: RAIDAN | F7: OFF | G7: off | H7: DARREN CLAY EVANO | I7: KHALIFAH SUTAN YAZID HARAHAP | J7: SYS | K7: off | L7: MOHAMMAD MIFTAHUR RIDHO | M7: OFF | N7: OFF | O7: SYS | P7: OFF | Q7: DZUHAIRI DAIKI PRATAMA | R7: SYS | S7: off
B8: =$B$5 -> 46265 | C8: 10.00 | D8: SYS | E8: MUHAMMAD RAFFASYA ALFARIZQI | F8: OFF | G8: off | H8: OFF | I8: FAIZAN MALIK AZIS | J8: SYS | K8: OFF | L8: GIBRAN ADE ALFARISKI | M8: OFF | N8: OFF | O8: SYS | P8: OFF | Q8: Shafwan Abdillah | R8: SYS | S8: KAIRO GANENDRA CATRA
B9: =$B$5 -> 46265 | C9: 11.00 | D9: SYS | E9: OFF | F9: OFF | G9: off | H9: OFF | I9: OFF | J9: SYS | K9: off | L9: OFF | M9: OFF | N9: OFF | O9: SYS | P9: OFF | Q9: OFF | R9: SYS | S9: OFF
B10: =$B$5 -> 46265 | C10: 12.00 | D10: SYS | E10: TA | F10: MECCAYLA AZKAYRA | G10: OFF | H10: ZAVIAN ARSHAKA ARTHARAZKA RAHAKBAUW | I10: FARHAN | J10: SYS | K10: RYN | L10: MECCAYLA AZKAYRA | M10: DARREN CLAY EVANO | N10: off | O10: SYS | P10: MARVEL ANDERSON | Q10: M.ZYAN ARRASYA | R10: SYS | S10: ARETHA ZAIBA ALMIRA
B11: =$B$5 -> 46265 | C11: 13.00 | D11: SYS | E11: AHMAD ZAYN MUMTAZ | F11: OFF | G11: JOURELL MAHESWARA TIMISELA | H11: ADIBA RAHMANIA RAHMAN | I11: MUHAMMAD AL FATIH (SUI ASAM) | J11: SYS | K11: off | L11: Aisyah Putri Haniifa | M11: GLORY NATA WIJAYA | N11: OFF | O11: SYS | P11: DARREN MARVELINO CHIA | R11: SYS | S11: MUHAMMAD ZAVYER ASH SHAFEE
B12: =$B$5 -> 46265 | C12: 14.00 | D12: SYS | E12: off | F12: OFF | G12: OFF | H12: JESLYN YOVELA | I12: OFF | J12: SYS | K12: OFF | L12: OFF | M12: IMTIYAZ SYAFID HENMAS KHALIFI | N12: off | O12: SYS | P12: MUHAMMAD ADITYA ALVA PUTRA | Q12: OFF | R12: SYS | S12: URAY KHALID ALFALIH
B13: =$B$5 -> 46265 | C13: 15.00 | D13: SYS | E13: OFF | F13: OFF | G13: OFF | H13: OFF | I13: OFF | J13: SYS | K13: OFF | L13: OFF | M13: OFF | N13: OFF | O13: SYS | P13: OFF | Q13: OFF | R13: SYS | S13: AL FATHAN AHKAM MAJENDRA
B14: =$B$5 -> 46265 | C14: 16.00 | D14: SYS | E14: OFF | F14: OFF | G14: OFF | H14: VALLERIE EKLESIA SIMAMORA | I14: OFF | J14: SYS | K14: OFF | L14: OFF | M14: KHALID DIBILAL | N14: OFF | O14: SYS | P14: MIKAEL SEPTIAN ADAM | Q14: OFF | R14: SYS | S14: OFF
B15: =$B$5 -> 46265 | C15: 17.00 | D15: SYS | E15: OFF | F15: OFF | G15: OFF | I15: OFF | J15: SYS | K15: OFF | L15: OFF | M15: Azka Zlatan | N15: off | O15: SYS | P15: ALEXANDER OTTO | Q15: OFF | R15: SYS | S15: OFF
B16: 46266 | D16: 46266
B17: =$B$16 -> 46266 | C17: 08.00 | D17: SYS | E17: OFF | F17: OFF | G17: OFF | H17: AULIA IZZATUN NISA | I17: OFF | J17: SYS | K17: OFF | L17: MUHAMMAD AJI AKBAR | M17: OFF | N17: OFF | O17: SYS | Q17: OFF | R17: SYS | S17: OFF
B18: =$B$16 -> 46266 | C18: 09.00 | D18: SYS | E18: off | F18: OFF | G18: off | H18: AHMAD LATIF SAFULLAH | I18: AHMAD ASHIF BARKHIYA | J18: SYS | K18: OFF | L18: MUHAMMAD HISYAM SHAKIL | M18: OFF | N18: OFF | O18: SYS | P18: RIFQI SYAFIQ SYAHPUTRA | Q18: OFF | R18: SYS | S18: OFF
B19: =$B$16 -> 46266 | C19: 10.00 | D19: SYS | E19: OFF | F19: OFF | G19: OFF | H19: MUHAMMAD FARHAN FAJRIN | I19: OFF | J19: SYS | K19: off | L19: RADEN RORO ARUNA TAQIYYA MAHESWARI | M19: OFF | N19: OFF | O19: SYS | P19: DARREN CLAY EVANO | Q19: OFF | R19: SYS | S19: KAIRO GANENDRA CATRA
B20: =$B$16 -> 46266 | C20: 11.00 | D20: SYS | E20: OFF | F20: OFF | G20: off | H20: OFF | I20: OFF | J20: SYS | K20: off | L20: OFF | M20: OFF | N20: OFF | O20: SYS | P20: OFF | Q20: OFF | R20: SYS | S20: OFF
B21: =$B$16 -> 46266 | C21: 12.00 | D21: SYS | E21: ASSYIFATU HAIFA SALWA | F21: OFF | G21: off | H21: TA | I21: off | J21: SYS | K21: OFF | L21: JIHAD ALQORNI | M21: Amira Zahra Anvini | N21: off | O21: SYS | P21: FERY GIBRAN ASRIANTO | Q21: SAKHEL WINDRA KHAIRI | R21: SYS | S21: MUHAMMAD FAUZAN ALFARENDRA
B22: =$B$16 -> 46266 | C22: 13.00 | D22: SYS | E22: Amira Zahra Anvini | F22: OFF | G22: off | H22: ZELENSKY MAHESTIRA | I22: off | J22: SYS | K22: OFF | L22: ZAYN KHALIFA ABBASY | M22: EVELYN | N22: OFF | O22: SYS | P22: M. UWAIS KHAIRUNNAFIS ARIFIN | Q22: AULIA IZZATUN NISA | R22: SYS | S22: MUHAMMAD AL FATIH (SUI ASAM)
B23: =$B$16 -> 46266 | C23: 14.00 | D23: SYS | F23: OFF | G23: OFF | H23: OFF | I23: off | J23: SYS | K23: OFF | L23: OFF | M23: IBRAHIM DERA RAFFAZA | N23: OFF | O23: SYS | P23: OFF | Q23: RIVALDI RUDIANTO | R23: SYS | S23: URAY KHALID ALFALIH
B24: =$B$16 -> 46266 | C24: 15.00 | D24: SYS | E24: OFF | F24: OFF | G24: OFF | H24: OFF | I24: OFF | J24: SYS | K24: OFF | L24: OFF | M24: OFF | N24: OFF | O24: SYS | P24: OFF | Q24: OFF | R24: SYS | S24: HANS CAVERO LIDRI
B25: =$B$16 -> 46266 | C25: 16.00 | D25: SYS | E25: RAISYA RAHMA SYAHIRA | F25: OFF | G25: off | H25: OFF | I25: OFF | J25: SYS | K25: OFF | L25: OFF | M25: CAESAR XAVIER JUNUS | N25: MUHAMMAD UWAIS NEW | O25: SYS | P25: off | R25: SYS | S25: off
B26: =$B$16 -> 46266 | C26: 17.00 | D26: SYS | F26: off | G26: OFF | H26: off | I26: OFF | J26: SYS | K26: OFF | L26: OFF | M26: ALEXANDER OTTO | N26: off | O26: SYS | P26: REON FEDERICO GALEOS | R26: SYS | S26: off
B27: 46267 | D27: =$B$27 -> 46267
B28: =$B$27 -> 46267 | C28: 08.00 | D28: SYS | E28: OFF | F28: OFF | G28: OFF | H28: DINDA ANGELICA DOMINIQUE | I28: OFF | J28: SYS | K28: OFF | L28: MUHAMMAD FARHAN FAJRIN | M28: OFF | N28: OFF | O28: SYS | P28: OFF | R28: SYS | S28: OFF
B29: =$B$27 -> 46267 | C29: 09.00 | D29: SYS | E29: OFF | F29: MUHAMMAD FARHAN FAJRIN | G29: OFF | H29: ZAVIAN ARSHAKA ARTHARAZKA RAHAKBAUW | I29: off | J29: SYS | K29: OFF | L29: MUHAMMAD HISYAM SHAKIL | M29: OFF | N29: OFF | O29: SYS | P29: OFF | Q29: ALICE GLIONA DARCHELLE | R29: SYS | S29: OFF
B30: =$B$27 -> 46267 | C30: 10.00 | D30: SYS | E30: OFF | F30: OFF | G30: OFF | I30: SHANUM ALMAHYRA ADHISTY | J30: SYS | K30: off | L30: MUHAMMAD NAHL HAQ | M30: off | N30: OFF | O30: SYS | P30: OFF | Q30: GIBRAN ADE ALFARISKI | R30: SYS | S30: RAIDAN ALFARAZKY HUTASUHUT
B31: =$B$27 -> 46267 | C31: 11.00 | D31: SYS | E31: OFF | F31: OFF | G31: OFF | H31: OFF | I31: OFF | J31: SYS | K31: OFF | L31: OFF | M31: off | N31: OFF | O31: SYS | P31: OFF | Q31: OFF | R31: SYS | S31: OFF
B32: =$B$27 -> 46267 | C32: 12.00 | D32: SYS | E32: ADIBA RAHMANIA RAHMAN | F32: OFF | G32: OFF | H32: TA | I32: MUHAMMAD FARHAN | J32: SYS | K32: Aisyah Putri Haniifa | M32: off | N32: off | O32: SYS | P32: M.ZYAN ARRASYA | Q32: MARVEL ANDERSON | R32: SYS | S32: JENNAIRA SHAHIA
B33: =$B$27 -> 46267 | C33: 13.00 | D33: SYS | E33: GAVRIEL FRITZ LIU | F33: OFF | G33: OFF | H33: MUHAMMAD AL FATIH (SUI ASAM) | I33: MECCA | J33: SYS | L33: EVELYN | M33: off | N33: off | O33: SYS | P33: HELMIZAR RIZKI DETARA | Q33: MIKAEL SEPTIAN ADAM MAHENDRA | R33: SYS | S33: GLORY NATA WIJAYA
B34: =$B$27 -> 46267 | C34: 14.00 | D34: SYS | E34: JESLYN YOVELA | F34: OFF | G34: OFF | H34: OFF | I34: OFF | J34: SYS | K34: AL FATHAN AHKAM MAJENDRA | L34: OFF | M34: OFF | N34: OFF | O34: SYS | P34: KAIRO GANENDRA CATRA | Q34: OFF | R34: SYS | S34: AL FATHAN AHKAM MAJENDRA
B35: =$B$27 -> 46267 | C35: 15.00 | D35: SYS | E35: OFF | F35: OFF | G35: OFF | H35: OFF | I35: OFF | J35: SYS | K35: OFF | L35: OFF | M35: OFF | N35: OFF | O35: SYS | P35: OFF | Q35: OFF | R35: SYS | S35: KHALID DIBILAL
B36: =$B$27 -> 46267 | C36: 16.00 | D36: SYS | E36: ARCHIO DAVION GIOVANO | F36: OFF | G36: OFF | H36: OFF | I36: OFF | J36: SYS | K36: MECCAYLA AZKAYRA | L36: OFF | M36: OFF | N36: off | O36: SYS | P36: RAISYA RAHMA SYAHIRA | Q36: OFF | R36: SYS | S36: OFF
B37: =$B$27 -> 46267 | C37: 17.00 | D37: SYS | F37: off | G37: OFF | H37: OFF | I37: OFF | J37: SYS | L37: OFF | M37: OFF | N37: off | O37: SYS | P37: LOUIE OSWYTH LAMBERT | Q37: OFF | R37: SYS | S37: OFF
B38: 46268 | D38: =$B$38 -> 46268
B39: =$B$38 -> 46268 | C39: 08.00 | D39: SYS | E39: OFF | F39: OFF | G39: OFF | H39: ISHWAR MAHARDIKA ARNANDO | I39: OFF | J39: SYS | K39: MOHAMMAD MIFTAHUR RIDHO | L39: OFF | M39: OFF | N39: OFF | O39: SYS | P39: OFF | R39: SYS | S39: off
B40: =$B$38 -> 46268 | C40: 09.00 | D40: SYS | E40: OFF | F40: OFF | G40: OFF | H40: RIFQI SYAFIQ SYAHPUTRA | I40: AULIA IZZATUN NISA | J40: SYS | K40: ALICE GLIONA DARCHELLE | L40: OFF | M40: OFF | N40: OFF | O40: SYS | P40: OFF | Q40: AHMAD ASHIF BARKHIYA | R40: SYS | S40: off
B41: =$B$38 -> 46268 | C41: 10.00 | D41: SYS | E41: OFF | F41: OFF | G41: OFF | H41: MUHAMMAD RAFFASYA ALFARIZQI | I41: SHANUM ALMAHYRA ADHISTY | J41: SYS | K41: MUHAMMAD NAHL HAQ | L41: OFF | M41: OFF | N41: OFF | O41: SYS | P41: OFF | Q41: ADHYASTA YAZID EL HASAN | R41: SYS
B42: =$B$38 -> 46268 | C42: 11.00 | D42: SYS | E42: OFF | F42: OFF | G42: OFF | H42: OFF | I42: OFF | J42: SYS | K42: OFF | L42: OFF | M42: OFF | N42: OFF | O42: SYS | P42: OFF | Q42: OFF | R42: SYS | S42: OFF
B43: =$B$38 -> 46268 | C43: 12.00 | D43: SYS | E43: AULIA IZZATUN NISA | F43: OFF | G43: off | H43: TA | I43: OFF | J43: SYS | K43: ARETHA ZAIBA ALMIRA | L43: Amira Zahra Anvini | M43: OFF | N43: off | O43: SYS | P43: SAKHEL WINDRA KHAIRI | Q43: JIHAD ALQORNI | R43: SYS
B44: =$B$38 -> 46268 | C44: 13.00 | D44: SYS | E44: MUHAMMAD AL FATIH (SUI ASAM) | F44: OFF | G44: off | H44: Zelensky | I44: Amira Zahra Anvini | J44: SYS | K44: ZAYN KHALIFA ABBASY | L44: MUHAMMAD AJI AKBAR | M44: OFF | N44: OFF | O44: SYS | Q44: GLORY NATA WIJAYA | R44: SYS | S44: AHMAD ZAYN MUMTAZ
B45: =$B$38 -> 46268 | C45: 14.00 | D45: SYS | F45: OFF | G45: off | H45: OFF | I45: OFF | J45: SYS | K45: OFF | L45: KAIRO GANENDRA CATRA | M45: OFF | N45: off | O45: SYS | P45: MUHAMMAD ADITYA ALVA PUTRA | Q45: OFF | R45: SYS | S45: IBRAHIM DERA
B46: =$B$38 -> 46268 | C46: 15.00 | D46: SYS | E46: OFF | F46: OFF | G46: OFF | H46: OFF | I46: OFF | J46: SYS | K46: OFF | L46: OFF | M46: OFF | N46: OFF | O46: SYS | P46: OFF | Q46: OFF | R46: SYS | S46: CAESAR XAVIER JUNUS
B47: =$B$38 -> 46268 | C47: 16.00 | D47: SYS | E47: ASSYIFATU HAIFA SALWA | F47: OFF | G47: OFF | H47: OFF | I47: OFF | J47: SYS | K47: OFF | L47: JENNAIRA SHAHIA | M47: OFF | N47: off | O47: SYS | P47: MAIZA AINAYYA SYARIF | Q47: OFF | R47: SYS | S47: OFF
B48: =$B$38 -> 46268 | C48: 17.00 | D48: SYS | F48: off | G48: OFF | H48: OFF | I48: OFF | J48: SYS | K48: OFF | L48: VALLERIE EKLESIA SIMAMORA | M48: OFF | N48: off | O48: SYS | P48: DZUHAIRI DAIKI PRATAMA | Q48: OFF | R48: SYS | S48: OFF
B49: 46269 | D49: =$B$49 -> 46269
B50: =$B$49 -> 46269 | C50: 08.00 | D50: SYS | E50: OFF | F50: OFF | G50: OFF | H50: OFF | I50: OFF | J50: SYS | K50: OFF | L50: OFF | M50: OFF | N50: OFF | O50: SYS | P50: AZQEEYA ELNARA RACAISHA | Q50: OFF | R50: SYS | S50: OFF
B51: =$B$49 -> 46269 | C51: 09.00 | D51: SYS | E51: OFF | F51: OFF | G51: OFF | H51: off | I51: KENZIO ISHAQ ELKHAVA | J51: SYS | K51: OFF | L51: OFF | M51: OFF | N51: OFF | O51: SYS | P51: MUHAMMAD HISYAM SHAKIL | Q51: OFF | R51: SYS | S51: OFF
B52: =$B$49 -> 46269 | C52: 10.00 | D52: SYS | E52: OFF | F52: OFF | G52: OFF | H52: OFF | I52: OFF | J52: SYS | K52: OFF | L52: OFF | M52: OFF | N52: OFF | O52: SYS | P52: DARREN CLAY EVANO | Q52: OFF | R52: SYS | S52: OFF
B53: =$B$49 -> 46269 | C53: 11.00 | D53: SYS | E53: OFF | F53: OFF | G53: OFF | H53: OFF | I53: OFF | J53: SYS | K53: OFF | L53: OFF | M53: OFF | N53: OFF | O53: SYS | P53: OFF | Q53: OFF | R53: SYS | S53: OFF
B54: =$B$49 -> 46269 | C54: 12.00 | D54: SYS | E54: ADIBA RAHMANIA RAHMAN | F54: DARREN MARVELINO CHIA | G54: OFF | H54: OFF | I54: TA | J54: SYS | K54: off | L54: MARVEL ANDERSON | M54: OFF | N54: OFF | O54: SYS | P54: FERY GIBRAN ASRIANTO | Q54: OFF | R54: SYS | S54: OFF
B55: =$B$49 -> 46269 | C55: 13.00 | D55: SYS | E55: MUHAMMAD AL FATIH (SUI ASAM) | F55: OFF | G55: OFF | H55: OFF | I55: OFF | J55: SYS | K55: OFF | L55: MUHAMMAD ATHARAZKA ALSAKI | M55: OFF | N55: OFF | O55: SYS | P55: MUHAMMAD SHAQUILLE RASENDRIA AKHZA | Q55: off | R55: SYS | S55: OFF
B56: =$B$49 -> 46269 | C56: 14.00 | D56: SYS | E56: QAILULA ALNAIRA | F56: OFF | G56: OFF | H56: OFF | I56: OFF | J56: SYS | K56: OFF | L56: KEINARRA AZWA | M56: OFF | N56: OFF | O56: SYS | P56: OFF | Q56: OFF | R56: SYS | S56: OFF
B57: =$B$49 -> 46269 | C57: 15.00 | D57: SYS | E57: OFF | F57: OFF | G57: OFF | H57: OFF | I57: off | J57: SYS | K57: OFF | L57: OFF | M57: OFF | N57: OFF | O57: SYS | P57: OFF | Q57: OFF | R57: SYS | S57: OFF
B58: =$B$49 -> 46269 | C58: 16.00 | D58: SYS | E58: FAIZAN MALIK AZIS | F58: off | G58: OFF | H58: OFF | I58: OFF | J58: SYS | K58: OFF | M58: OFF | N58: OFF | O58: SYS | P58: OFF | Q58: OFF | R58: SYS | S58: OFF
B59: =$B$49 -> 46269 | C59: 17.00 | D59: SYS | E59: jourell | F59: REON FEDERICO GALEOS | G59: OFF | H59: OFF | I59: OFF | J59: SYS | K59: OFF | L59: DZAKY AMIR | M59: OFF | N59: OFF | O59: SYS | P59: OFF | Q59: OFF | R59: SYS | S59: OFF
B60: 46270 | D60: =$B$60 -> 46270
B61: =$B$60 -> 46270 | C61: 08.00 | D61: SYS | E61: SALMA AYUNDA DINARA | F61: OFF | G61: OFF | H61: OFF | I61: OFF | J61: SYS | K61: OFF | L61: DZAKY AMIR | M61: OFF | N61: OFF | O61: SYS | P61: OFF | Q61: OFF | R61: SYS | S61: off
B62: =$B$60 -> 46270 | C62: 09.00 | D62: SYS | E62: QAILULA ALNAIRA | F62: OFF | G62: off | H62: off | I62: OFF | J62: SYS | K62: OFF | L62: Shafwan Abdillah | M62: OFF | N62: off | O62: SYS | P62: OFF | Q62: OFF | R62: SYS | S62: OFF
B63: =$B$60 -> 46270 | C63: 10.00 | D63: SYS | E63: MARVEL VINCENT HIU | F63: OFF | G63: OFF | H63: OFF | I63: KEI IBRAHIM ANANDARU | J63: SYS | K63: OFF | L63: MUHAMMAD ATHARAZKA ALSAKI | M63: off | N63: OFF | O63: SYS | P63: OFF | Q63: OFF | R63: SYS | S63: DEAN GEVARIEL TABULANG
B64: =$B$60 -> 46270 | C64: 11.00 | D64: SYS | E64: OFF | F64: CHARISE AMARIS LAVINA | G64: OFF | H64: OFF | I64: OFF | J64: SYS | K64: OFF | L64: off | M64: OFF | N64: OFF | O64: SYS | P64: off | Q64: OFF | R64: SYS | S64: OFF
B65: =$B$60 -> 46270 | C65: 12.00 | D65: SYS | E65: HELMIZAR RIZKI DETARA | F65: off | G65: OFF | H65: REMIEL STEPHANO TAN | I65: OFF | J65: SYS | L65: EDWIN HOWARD | M65: OFF | N65: off | O65: SYS | P65: OFF | Q65: TA | R65: SYS | S65: BERWYN JAVIER KHO
B66: =$B$60 -> 46270 | C66: 13.00 | D66: SYS | E66: ASSYIFATU HAIFA SALWA | F66: OFF | G66: OFF | H66: GAVRIEL FRITZ LIU | I66: OFF | J66: SYS | K66: TALINO CASSIUS SILSLAHI | L66: GHAFI ARSHAKA KHALIF | M66: OFF | N66: OFF | O66: SYS | P66: OFF | Q66: MUHAMMAD GAZA FERNANDO | R66: SYS | S66: MUHAMMAD ZAVYER ASH SHAFEE
B67: =$B$60 -> 46270 | C67: 14.00 | D67: SYS | E67: OFF | F67: off | G67: OFF | H67: ALEEYA RABBANI ZANNATA PUTRI | I67: OFF | J67: SYS | K67: SYARIF KIANDRA ARAZQA | L67: OFF | M67: OFF | N67: OFF | O67: SYS | P67: OFF | Q67: ADAM AL FATIH | R67: SYS | S67: OMAR ACHMAD AR RAFI
B68: =$B$60 -> 46270 | C68: 15.00 | D68: SYS | E68: OFF | F68: OFF | G68: OFF | H68: OFF | I68: OFF | J68: SYS | K68: OFF | L68: OFF | M68: OFF | N68: OFF | O68: SYS | P68: OFF | Q68: OFF | R68: SYS | S68: LOUIE OSWYTH LAMBERT
B69: =$B$60 -> 46270 | C69: 16.00 | D69: SYS | E69: OFF | F69: OFF | G69: OFF | H69: TRIAZKA EKY SUWISNO | I69: OFF | J69: SYS | K69: CAESAR XAVIER JUNUS | L69: OFF | M69: OFF | N69: OFF | O69: SYS | P69: OFF | Q69: DZAKY AMIR | R69: SYS | S69: OFF
B70: =$B$60 -> 46270 | C70: 17.00 | D70: SYS | E70: OFF | F70: OFF | G70: OFF | H70: HAFIZ ARKANANTA | I70: off | J70: SYS | K70: MUHAMMAD HABIBIE ARASYA | L70: off | M70: OFF | N70: OFF | O70: SYS | P70: OFF | R70: SYS | S70: OFF
B71: 46264 | D71: =$B$71 -> 46264
B72: =$B$71 -> 46264 | C72: 08.00 | D72: SYS | E72: OFF | F72: OFF | G72: OFF | H72: OFF | I72: OFF | J72: SYS | K72: DZAKY AMIR | L72: OFF | M72: OFF | N72: OFF | O72: SYS | Q72: OFF | R72: SYS | S72: off
B73: =$B$71 -> 46264 | C73: 09.00 | D73: SYS | E73: OFF | F73: OFF | G73: OFF | H73: OFF | I73: OFF | J73: SYS | L73: OFF | M73: off | N73: OFF | O73: SYS | P73: MUHAMMAD NABIL NUGRAHA | Q73: OFF | R73: SYS | S73: off
B74: =$B$71 -> 46264 | C74: 10.00 | D74: SYS | E74: OFF | F74: OFF | G74: OFF | H74: OFF | I74: OFF | J74: SYS | K74: QIARA NADHIRA AZZARA | L74: OFF | M74: OFF | N74: OFF | O74: SYS | P74: NADEO JO DEWANGGA | Q74: off | R74: SYS | S74: MARVEL VINCENT HIU
B75: =$B$71 -> 46264 | C75: 11.00 | D75: SYS | E75: OFF | F75: OFF | G75: OFF | H75: OFF | I75: OFF | J75: SYS | K75: OFF | L75: OFF | M75: OFF | N75: OFF | O75: SYS | P75: off | Q75: OFF | R75: SYS | S75: OFF
B76: =$B$71 -> 46264 | C76: 12.00 | D76: SYS | E76: RAYYA FATIHAH RAZAANA | F76: OFF | G76: OFF | H76: OFF | I76: OFF | J76: SYS | K76: DARMIATI | L76: OFF | M76: OFF | N76: OFF | O76: SYS | P76: BERWYN JAVIER KHO | Q76: TALINO CASSIUS SILSLAHI | R76: SYS | S76: MIKAEL SEPTIAN ADAM MAHENDRA
B77: =$B$71 -> 46264 | C77: 13.00 | D77: SYS | E77: RAINA AISYAH SUPRIADI | F77: off | G77: off | H77: OFF | I77: OFF | J77: SYS | K77: TA | L77: OFF | M77: OFF | N77: off | O77: SYS | P77: MUHAMMAD GAZA FERNANDO | Q77: RAISSA FATIMAH SUPRIADI | R77: SYS
B78: =$B$71 -> 46264 | C78: 14.00 | D78: SYS | E78: NADHIF KHALIFANO RIZQULLAH | F78: OFF | G78: OFF | H78: OFF | I78: OFF | J78: SYS | K78: OFF | L78: OFF | M78: OFF | N78: OFF | O78: SYS | P78: off | Q78: TA | R78: SYS
B79: =$B$71 -> 46264 | C79: 15.00 | D79: SYS | E79: off | F79: OFF | G79: OFF | H79: OFF | I79: OFF | J79: SYS | K79: OFF | L79: OFF | M79: OFF | N79: OFF | O79: SYS | P79: OFF | Q79: OFF | R79: SYS | S79: OMAR ACHMAD AR RAFI
B80: =$B$71 -> 46264 | C80: 16.00 | D80: SYS | E80: FARANZA ALDEAN DREFANDA | F80: OFF | G80: OFF | H80: OFF | I80: OFF | J80: SYS | K80: OFF | L80: OFF | M80: OFF | N80: OFF | O80: SYS | P80: off | Q80: AL FAREZEEL AKBAR | R80: SYS | S80: OFF
B81: =$B$71 -> 46264 | C81: 17.00 | D81: SYS | E81: UTIN KEISHA ALMAHYRA ANUGRAH | F81: OFF | G81: OFF | H81: OFF | I81: OFF | J81: SYS | K81: OFF | L81: OFF | M81: OFF | N81: OFF | O81: SYS | P81: OFF | Q81: MOHAMMAD KHALEED | R81: SYS | S81: OFF

Sheet JADWAL MINGGU 3008
A1: TIDAK HADIR | B1: JADWAL GRIYA ANAK GANG SEHAT | E1: ]
D3: FT | J3: TW | M3: BT | Q3: PSI
E4: MISWI | F4: EDO | G4: LULU | H4: TIA | J4: ADEL | K4: CHITA | M4: YUYUN | N4: STEFY | Q4: ISTI
B5: 45856
C6: 08.00 | E6: OFF | F6: OFF | G6: OFF | H6: OFF | I6: SYS | J6: KAYNARA DANNEN TOTALIANTO | K6: OFF | L6: SYS | N6: OFF | O6: SYS | P6: SYS | Q6: OFF
C7: 09.00 | E7: OFF | F7: OFF | G7: OFF | H7: OFF | I7: SYS | J7: QIARA NADHIRA AZZARA | K7: OFF | L7: SYS | N7: OFF | O7: SYS | P7: SYS | Q7: OFF
C8: 10.00 | E8: OFF | F8: OFF | G8: OFF | H8: OFF | I8: SYS | J8: JAYDEN KENDRICK LO | K8: OFF | L8: SYS | M8: MARVEL VINCENT HIU | N8: off | O8: SYS | P8: SYS | Q8: TALINO CASSIUS SILSLAHI
C9: 11.00 | E9: OFF | F9: OFF | G9: OFF | H9: OFF | I9: SYS | J9: OFF | K9: OFF | L9: SYS | M9: off | N9: OFF | O9: SYS | P9: SYS | Q9: OFF
C10: 12.00 | F10: OFF | G10: OFF | H10: OFF | I10: SYS | J10: DARMIATI | K10: OFF | L10: SYS | M10: BERWYN JAVIER KHO | N10: MIKAEL SEPTIAN ADAM MAHENDRA | O10: SYS | P10: SYS
C11: 13.00 | E11: RAINA AISYAH SUPRIADI | F11: OFF | G11: OFF | H11: OFF | I11: SYS | J11: MUHAMAD KHALIF RAFFASYA | K11: OFF | L11: SYS | M11: MUHAMMAD GAZA FERNANDO | N11: RAISSA FATIMAH SUPRIADI | O11: SYS | P11: SYS
C12: 14.00 | E12: MUHAMAD KHALIF RAFFASYA | F12: OFF | G12: OFF | H12: OFF | I12: SYS | J12: OFF | K12: OFF | L12: SYS | M12: off | N12: MUHAMMAD NUR FATHAN | O12: SYS | P12: SYS | Q12: HADZIQ ABRAR
C13: 15.00 | E13: off | F13: OFF | G13: OFF | H13: OFF | I13: SYS | J13: OFF | K13: OFF | L13: SYS | M13: OFF | N13: OFF | O13: SYS | P13: SYS | Q13: KHALID DIBILAL
C14: 16.00 | E14: KAYNARA DANNEN TOTALIANTO | F14: OFF | G14: OFF | H14: OFF | I14: SYS | J14: OFF | K14: OFF | L14: SYS | M14: off | N14: MUHAMMAD NABIL NUGRAHA | O14: SYS | P14: SYS | Q14: OFF
C15: 17.00 | E15: UTIN KEISHA ALMAHYRA ANUGRAH | F15: OFF | G15: OFF | H15: OFF | I15: SYS | J15: OFF | K15: OFF | L15: SYS | M15: OFF | N15: MOHAMMAD KHALEED | O15: SYS | P15: SYS | Q15: OFF

Sheet JADWAL SENIN 3108
A1: TIDAK HADIR | B1: JADWAL GRIYA ANAK GANG SEHAT | E1: ]
D3: FT | J3: TW | M3: BT | Q3: PSI
E4: MISWI | F4: EDO | G4: LULU | H4: TIA | J4: CHITA | K4: ADEL | M4: STEFY | N4: YUYUN | Q4: ISTI
B5: 45856
C6: 08.00 | E6: OFF | F6: OFF | G6: KENZIO ISHAQ ELKHAVA | H6: OFF | I6: SYS | J6: M. KAFFA ANZAMI | K6: OFF | L6: SYS | M6: OFF | N6: Shafwan Abdillah | O6: SYS | P6: SYS | Q6: OFF
C7: 09.00 | E7: OFF | F7: OFF | G7: RAIDAN | H7: OFF | I7: SYS | J7: DARREN CLAY EVANO | K7: OFF | L7: SYS | M7: OFF | N7: DZUHAIRI DAIKI PRATAMA | O7: SYS | P7: SYS | Q7: OFF
C8: 10.00 | E8: OFF | F8: OFF | G8: MUHAMMAD RAFFASYA ALFARIZQI | H8: FAIZAN MALIK AZIS | I8: SYS | K8: OFF | L8: SYS | M8: OFF | O8: SYS | P8: SYS | Q8: KAIRO GANENDRA CATRA
C9: 11.00 | E9: OFF | F9: OFF | G9: OFF | H9: OFF | I9: SYS | J9: OFF | K9: OFF | L9: SYS | M9: OFF | N9: OFF | O9: SYS | P9: SYS | Q9: OFF
C10: 12.00 | E10: jayden kendrick lo | F10: OFF | G10: RYN | H10: off | I10: SYS | J10: ARETHA ZAIBA ALMIRA | K10: ZAVIAN ARSHAKA ARTHARAZKA RAHAKBAUW | L10: SYS | M10: MARVEL ANDERSON | N10: M.ZYAN ARRASYA | O10: SYS | P10: SYS | Q10: ASSYIFATU HAIFA SALWA
C11: 13.00 | E11: MUHAMMAD AL FATIH (SUI ASAM) | F11: OFF | G11: AHMAD ZAYN MUMTAZ | H11: OFF | I11: SYS | J11: KHALID DIBILAL | K11: MIKAEL SEPTIAN ADAM MAHENDRA | L11: SYS | M11: AB KEN TAKAHIRO | N11: DARREN MARVELINO CHIA | O11: SYS | P11: SYS | Q11: MUHAMMAD ZAVYER ASH SHAFEE
C12: 14.00 | E12: URAY KHALID ALFALIH | F12: OFF | G12: OFF | H12: OFF | I12: SYS | J12: OFF | K12: IMTIYAZ SYAFID HENMAS KHALIFI | L12: SYS | M12: JESLYN YOVELA | N12: OFF | O12: SYS | P12: SYS | Q12: MUHAMMAD ADITYA ALVA PUTRA
C13: 15.00 | E13: OFF | F13: OFF | G13: OFF | H13: OFF | I13: SYS | J13: OFF | K13: OFF | L13: SYS | M13: OFF | N13: OFF | O13: SYS | P13: SYS | Q13: AL FATHAN AHKAM MAJENDRA
C14: 16.00 | E14: VALLERIE EKLESIA SIMAMORA | F14: OFF | G14: OFF | H14: OFF | I14: SYS | J14: off | K14: CAESAR XAVIER JUNUS | L14: SYS | M14: AZQEEYA ELNARA RACAISHA | N14: OFF | O14: SYS | P14: SYS | Q14: OFF
C15: 17.00 | E15: JOURELL MAHESWARA TIMISELA | F15: OFF | G15: OFF | H15: OFF | I15: SYS | J15: OFF | K15: Azka Zlatan | L15: SYS | M15: ALEXANDER OTTO | N15: OFF | O15: SYS | P15: SYS | Q15: OFF

Sheet CATATAN PELAYANAN 26
A1: Catatan Pelayanan Griya Anak Gang Sehat
A3: ADMIN | B3: TANGGAL | C3: JAM | D3: Column 4 | E3: LAYANAN | F3: PASIEN | G3: TERAPIS | H3: KEHADIRAN | I3: Column 9 | J3: Column 1 | K3: Column 2
B4: 45474 | C4: 09.00 | D4: FT | E4: PAKET | F4: SADENDRA AZHAR | G4: NISA | H4: HADIR
B5: 45474 | C5: 09.00 | D5: FT | E5: PAKET | F5: DINDA ANGELICA DOMINIQUE | G5: ECY | H5: HADIR
B6: 45474 | C6: 09.00 | D6: BT | E6: PAKET | F6: ABIZARD BILAL WARDANY | G6: IRA | H6: HADIR
B7: 45474 | C7: 10.00 | D7: FT | E7: PAKET | F7: RAFFAN ATHAYANUHA PRIATNA | G7: NISA | H7: HADIR
B8: 45474 | C8: 10.00 | D8: FT | E8: PAKET | F8: ALIFA SHAKINA ULVI | G8: ECY | H8: HADIR | I8: -
B9: 45474 | C9: 11.00 | D9: FT | E9: PAKET | F9: NAUFAL ARINDRA AL FATIH | G9: ECY | H9: HADIR
B10: 45474 | C10: 11.00 | D10: BT | E10: PAKET | F10: MUHAMMAS ARSYAD AMIRUDIN | G10: IRA | H10: HADIR
B11: 45474 | C11: 11.00 | D11: TW | E11: PAKET | F11: JAYDEN FORTUNIO LIM | G11: VIRA | H11: HADIR
B12: 45474 | C12: 13.00 | D12: FT | E12: PAKET | F12: RAFFASYA ATTALLAH | G12: ECY | H12: HADIR
B13: 45474 | C13: 13.00 | D13: FT | E13: PAKET | F13: LOUIE OSWYTH LAMBERT | G13: LULU | H13: HADIR
B14: 45474 | C14: 13.00 | D14: TW | E14: PAKET | F14: FADLAN SYAHPUTRA | G14: VIRA | H14: HADIR
B15: 45474 | C15: 13.00 | D15: BT | E15: PAKET | F15: MUHAMMAD FIRZA ALGHAISAN | G15: IRA | H15: HADIR
B16: 45474 | C16: 14.00 | D16: FT | E16: PAKET | F16: UMAR ALKHALIFI WIBOWO | G16: ECY | H16: HADIR | I16: 1
B17: 45474 | C17: 14.00 | D17: FT | E17: PAKET | F17: FADLAN SYAHPUTRA | G17: LULU | H17: TIDAK HADIR | I17: NANGIS
B18: 45474 | C18: 16.00 | D18: TW | E18: PAKET | F18: ZEHRA SHANUM ALMAHYRA | G18: VIRA | H18: HADIR
B19: 45474 | C19: 16.00 | D19: FT | E19: PAKET | F19: GWEN AMORA HENG | G19: LULU | H19: HADIR
B20: 45474 | C20: 17.00 | D20: FT | E20: PAKET | F20: AZQEEYA ELNARA RACAISHA | G20: LULU | H20: HADIR
B21: 45474 | C21: 17.00 | D21: TW | E21: TA | F21: LAYLAZURA MECCA AFRA | G21: VIRA | H21: HADIR | I21: LAYLAZURA
B22: 45477 | C22: 09.00 | D22: FT | E22: PAKET | F22: RIFQI SYAFIQ SYAHPUTRA | G22: ECY | H22: HADIR
B23: 45477 | C23: 10.00 | D23: FT | E23: PAKET | F23: MUHAMMAD FIRZA ALGHAISAN | G23: NISA | H23: HADIR
B24: 45477 | C24: 10.00 | D24: FT | E24: PAKET | F24: RAFASYA AAFIYA EL FARIZI | G24: ECY | H24: HADIR
B25: 45477 | C25: 11.00 | D25: FT | E25: PAKET | F25: ALIFA SHAKINA ULVI | G25: NISA | H25: HADIR
B26: 45477 | C26: 12.00 | D26: BT | E26: PAKET | F26: LOUIE OSWYTH LAMBERT | G26: IRA | H26: HADIR
B27: 45477 | C27: 13.00 | D27: FT | E27: PAKET | F27: HAAZIQ AGDHAN | G27: EDO | H27: HADIR
B28: 45477 | C28: 13.00 | D28: FT | E28: SESI | F28: GYUNO MUTAQQI AL-ISLAM | G28: ECY | H28: HADIR
B29: 45477 | C29: 13.00 | D29: TW | E29: PAKET | F29: MAHER ALKHALIFI | G29: VIRA | H29: HADIR
B30: 45477 | C30: 13.00 | D30: FT | E30: PAKET | F30: DHARSATA INDIRA | G30: LULU | H30: HADIR
B31: 45477 | C31: 13.00 | D31: BT | E31: PAKET | F31: NAZILA KAMILA | G31: IRA | H31: HADIR
B32: 45477 | C32: 14.00 | D32: FT | E32: PAKET | F32: FADLAN SYAHPUTRA | G32: ECY | H32: HADIR
B33: 45477 | C33: 14.00 | D33: FT | E33: PAKET | F33: SYARIF RADEN UMAR SAID | G33: LULU | H33: HADIR
... B42: 45478 | C42: 10.00 | D42: BT | E42: PAKET | F42: FADLAN SYAHPUTRA | G42: IRA | H42: HADIR
B43: 45478 | C43: 12.00 | D43: FT | E43: TA | F43: DOMINIC RISEAN SIHOTANG | G43: LULU | H43: HADIR | I43: DOMINIC
B44: 45478 | C44: 13.00 | D44: BT | E44: PAKET | F44: GLORY NATA WIJAYA | G44: IRA | H44: HADIR
B45: 45478 | C45: 13.00 | D45: FT | E45: PAKET | F45: TIFFANY ALICIA LIE | G45: LULU | H45: HADIR
B46: 45478 | C46: 14.00 | D46: BT | E46: PAKET | F46: AARRON ATHARRAZKA | G46: IRA | H46: HADIR
B47: 45478 | C47: 14.00 | D47: FT | E47: PAKET | F47: RAFFASYA ATTALLAH | G47: LULU | H47: HADIR | I47: 10
B48: 45478 | C48: 16.00 | D48: FT | E48: PAKET | F48: MUHAMMAD YUSUF ARJUNO | G48: LULU | H48: HADIR
B49: 45478 | C49: 17.00 | D49: FT | E49: PAKET | F49: RAFANIZAN FATHARIANO RIZALDI | G49: LULU | H49: HADIR
B50: 45479 | C50: 09.00 | D50: FT | E50: PAKET | F50: BARRAN MUHAMMAD ANGGARA | G50: IRMA | H50: HADIR
B51: 45479 | C51: 09.00 | D51: TW | E51: SESI | F51: ARZAN RAVINDRA | G51: VIRA | H51: HADIR
B52: 45479 | C52: 10.00 | D52: FT | E52: PAKET | F52: MUHAMMAD RAFFASYA ALFARIZQI | G52: IRMA | H52: HADIR
B53: 45479 | C53: 10.00 | D53: TW | E53: SESI | F53: CANDY QUEENSHA | G53: VIRA | H53: HADIR
B54: 45479 | C54: 11.00 | D54: FT | E54: PAKET | F54: MUHAMMAD DANISH AL FAHREZI KOSASIH | G54: IRMA | H54: HADIR
B55: 45479 | C55: 11.00 | D55: TW | E55: PAKET | F55: BERWYN JAVIER KHO | G55: VIRA | H55: HADIR
B56: 45479 | C56: 12.00 | D56: FT | E56: PAKET | F56: DAREV CHRISTIAN ZEGA | G56: ECY | H56: HADIR
B57: 45479 | C57: 12.00 | D57: FT | E57: TA | F57: ALZHAFRAN DZAKY HARJUNA | G57: TIA | H57: HADIR
B58: 45479 | C58: 13.00 | D58: FT | E58: PAKET | F58: RAINA AISYAH SUPRIADI | G58: ECY | H58: HADIR
B59: 45479 | C59: 13.00 | D59: FT | E59: PAKET | F59: RAISSA FATIMAH SUPRIADI | G59: IRMA | H59: HADIR
B60: 45479 | C60: 13.00 | D60: TW | E60: TA | F60: ALZHAFRAN DZAKY HARJUNA | G60: VIRA | H60: HADIR
B61: 45479 | C61: 14.00 | D61: FT | E61: PAKET | F61: ALEEYA RABBANI ZANNATA PUTRI | G61: ECY | H61: TIDAK HADIR | I61: sakit
B62: 45479 | C62: 14.00 | D62: FT | E62: PAKET | F62: DHARSATA INDIRA | G62: IRMA | H62: HADIR
B63: 45479 | C63: 14.00 | D63: TW | E63: PAKET | F63: MUHAMMAD ATHARVA ZAYDAN | G63: VIRA | H63: HADIR
B64: 45479 | C64: 15.00 | D64: TW | E64: PAKET | F64: MUHAMMAD RASHYA ALFAEYZA | G64: VIRA | H64: HADIR
B65: 45479 | C65: 16.00 | D65: FT | E65: TA | F65: MUHAMMAD ARGA HERMAWAN | G65: ECY | H65: HADIR
B66: 45479 | C66: 17.00 | D66: FT | E66: TA | F66: YUSUF DEEN LUQMAN | G66: ECY | H66: HADIR
B67: 45481 | C67: 09.00 | D67: FT | E67: PAKET | F67: DINDA ANGELICA DOMINIQUE | G67: LULU | H67: HADIR
B68: 45481 | C68: 09.00 | D68: FT | E68: PAKET | F68: SADENDRA AZHAR | G68: NISA | H68: HADIR
B69: 45481 | C69: 09.00 | D69: BT | E69: PAKET | F69: ABIZARD BILAL WARDANY | G69: IRA | H69: HADIR
B70: 45481 | C70: 10.00 | D70: BT | E70: PAKET | F70: MAHER ALKHALIFI | G70: IRA | H70: HADIR
B71: 45481 | C71: 10.00 | D71: FT | E71: PAKET | F71: RAFFAN ATHAYANUHA PRIATNA | G71: LULU | H71: HADIR
B72: 45481 | C72: 10.00 | D72: FT | E72: PAKET | F72: ALIFA SHAKINA ULVI | G72: NISA | H72: HADIR
B73: 45481 | C73: 11.00 | D73: BT | E73: PAKET | F73: ALUCIO CHARLEY VIANDY | G73: IRA | H73: HADIR
... B82: 45481 | C82: 14.00 | D82: TW | E82: PAKET | F82: ENZO NATHANIEL TAN | G82: VIRA | H82: HADIR
B83: 45481 | C83: 14.00 | D83: BT | E83: PAKET | F83: UMAR ALKHALIFI WIBOWO | G83: IRA | H83: HADIR | I83: 2
B84: 45481 | C84: 14.00 | D84: FT | E84: PAKET | F84: SHAQUEENA FASHIHATUNNISA | G84: LULU | H84: HADIR
B85: 45481 | C85: 16.00 | D85: FT | E85: PAKET | F85: MUHAMMAD ZAINI ASSYAFI | G85: IRMA | H85: HADIR
B86: 45481 | C86: 16.00 | D86: PSI | E86: TA | F86: ABANG ACHMAD AZKA ALFARIZQI | G86: IIS | H86: HADIR
B87: 45481 | C87: 17.00 | D87: FT | E87: PAKET | F87: GWEN AMORA HENG | G87: ECY | H87: HADIR
B88: 45481 | C88: 17.00 | D88: TW | E88: PAKET | F88: EIRYN WINELLA | G88: VIRA | H88: HADIR
B89: 45481 | C89: 17.00 | D89: FT | E89: PAKET | F89: AZQEEYA ELNARA RACAISHA | G89: ECY | H89: HADIR
B90: 45481 | C90: 17.00 | D90: TW | E90: PAKET | F90: MUHAMMAD ZAFRAN MAERAD | G90: VIRA | H90: HADIR
B91: 45482 | C91: 09.00 | D91: FT | E91: SESI | F91: AHMAD LATIF SAFULLAH | G91: LULU | H91: HADIR
B92: 45482 | C92: 09.00 | D92: FT | E92: PAKET | F92: DHARSATA INDIRA | G92: IRMA | H92: HADIR
B93: 45482 | C93: 09.00 | D93: FT | E93: PAKET | F93: ARTHUR GURJUAN | G93: NISA | H93: HADIR
B94: 45482 | C94: 09.00 | D94: BT | E94: PAKET | F94: RIFQI SYAFIQ SYAHPUTRA | G94: IRA | H94: HADIR
B95: 45482 | C95: 10.00 | D95: FT | E95: PAKET | F95: ALIFA SHAKINA ULVI | G95: NISA | H95: HADIR
... B97: 45482 | C97: 11.00 | D97: BT | E97: PAKET | F97: PETRA SHENWIRA MULYA | G97: IRA | H97: HADIR
B98: 45482 | C98: 12.00 | D98: FT | E98: PAKET | F98: BAASITH MUHAMMAD HAFIZH | G98: IRMA | H98: HADIR | I98: BASIIT
B99: 45482 | C99: 13.00 | D99: FT | E99: PAKET | F99: LOUIE OSWYTH LAMBERT | G99: ECY | H99: HADIR
B100: 45482 | C100: 13.00 | D100: TW | E100: PAKET | F100: ALUCIO CHARLEY VIANDY | G100: VIRA | H100: HADIR
B101: 45482 | C101: 13.00 | D101: TW | E101: TA | F101: SAMUEL DOMINIC TEDIONO | G101: VIRA | H101: HADIR
B102: 45482 | C102: 13.00 | D102: FT | E102: PAKET | F102: NAZILA KAMILA | G102: LULU | H102: HADIR
B103: 45482 | C103: 14.00 | D103: TW | E103: PAKET | F103: RIVALDI RUDIANTO | G103: VIRA | H103: HADIR
B104: 45482 | C104: 14.00 | D104: FT | E104: PAKET | F104: SHAQUEENA FASHIHATUNNISA | G104: ECY | H104: HADIR
B105: 45482 | C105: 14.00 | D105: BT | E105: PAKET | F105: MUHAMMAD FIRZA ALGHAISAN | G105: IRA | H105: HADIR
B106: 45482 | C106: 14.00 | D106: FT | E106: SESI | F106: ARZAN RAVINDRA | G106: ECY | H106: HADIR
B107: 45482 | C107: 15.00 | D107: FT | E107: TA | F107: KEAN RIZQI ALATA | G107: IRMA | H107: HADIR | I107: KEAN
B108: 45482 | C108: 16.00 | D108: FT | E108: PAKET | F108: RAISYA RAHMA SYAHIRA | G108: ECY | H108: HADIR
B109: 45482 | C109: 16.00 | D109: TW | E109: PAKET | F109: HARVEY MARGO | G109: VIRA | H109: HADIR
B110: 45482 | C110: 17.00 | D110: TW | E110: PAKET | F110: ALVARENDRA JUSUF HABIBIE | G110: VIRA | H110: HADIR
B111: 45482 | C111: 17.00 | D111: FT | E111: PAKET | F111: MUHAMMAD KADZIM IBRAHIM | G111: ECY | H111: HADIR
B112: 45483 | C112: 09.00 | D112: FT | E112: PAKET | F112: DINDA ANGELICA DOMINIQUE | G112: LULU | H112: HADIR
B113: 45483 | C113: 09.00 | D113: FT | E113: PAKET | F113: DHARSATA INDIRA | G113: IRMA | H113: HADIR
B114: 45483 | C114: 09.00 | D114: FT | E114: PAKET | F114: MUHAMMAD FATIH BAIHAQI | G114: LULU | H114: HADIR
B115: 45483 | C115: 09.00 | D115: PSI | E115: TA | F115: Leon christian wijaya | G115: IIS | H115: HADIR | I115: LEON
B116: 45483 | C116: 10.00 | D116: FT | E116: PAKET | F116: MUHAMMAD DANISH AL FAHREZI KOSASIH | G116: LULU | H116: HADIR
B117: 45483 | C117: 10.00 | D117: TW | E117: PAKET | F117: RAFFAN ATHAYANUHA PRIATNA | G117: VIRA | H117: HADIR
B118: 45483 | C118: 11.00 | D118: FT | E118: PAKET | F118: JAYDEN FORTUNIO LIM | G118: ECY | H118: HADIR
...

Sheet TARGET
B1: Monitoring Griya Anak Gang Sehat
B2: 46082
B5: Bulanan
B6: =upper(left(B2,3)) -> MAR | C6: Target | D6: Jumlah | E6: Selisih | F6: Progres | G6: 1 | H6: 2 | I6: 3 | J6: 4 | K6: 5 | L6: 6 | M6: 7 | N6: 8 | O6: 9 | P6: 10 | Q6: 11 | R6: 12 | S6: 13 | T6: 14 | U6: 15 | V6: 16 | W6: 17 | X6: 18 | Y6: 19 | Z6: 20 | AA6: 21 | AB6: 22 | AC6: 23 | AD6: 24 | AE6: 25 | AF6: 26 | AG6: 27 | AH6: 28 | AI6: 29 | AJ6: 30 | AK6: 31
B7: TA | C7: 20 | D7: =sum(G7:AL7) -> 25 | E7: =D7-C7 -> 5 | F7: =D7/C7 -> 1.25 | G7: 3 | H7: 1 | I7: 0 | J7: 0 | K7: 0 | L7: 0 | M7: 1 | N7: 2 | O7: 1 | P7: 0 | Q7: 1 | R7: 3 | S7: 0 | T7: 3 | U7: 1 | V7: 1 | W7: 3 | X7: 0 | Y7: 0 | AH7: 2 | AI7: 0 | AJ7: 1 | AK7: 2
B8: Paket Klinik | C8: 25 | D8: =sum(G8:AL8) -> 35 | E8: =D8-C8 -> 10 | F8: =D8/C8 -> 1.4 | G8: 0 | H8: 0 | I8: 2 | J8: 2 | K8: 2 | L8: 4 | M8: 2 | N8: 1 | O8: 3 | P8: 0 | Q8: 2 | R8: 4 | S8: 0 | T8: 1 | U8: 0 | V8: 2 | W8: 1 | X8: 1 | Y8: 0 | AH8: 4 | AI8: 0 | AJ8: 2 | AK8: 2
B9: Sesi | C9: 100 | D9: =sum(G9:AL9) -> 114 | E9: =D9-C9 -> 14 | F9: =D9/C9 -> 1.14 | G9: 15 | H9: 6 | I9: 3 | J9: 6 | K9: 5 | L9: 1 | M9: 4 | N9: 11 | O9: 3 | P9: 3 | Q9: 4 | R9: 5 | S9: 7 | T9: 1 | U9: 12 | V9: 5 | W9: 3 | X9: 3 | Y9: 1 | AH9: 1 | AI9: 11 | AJ9: 3 | AK9: 1
B10: Kunjungan | C10: 380 | D10: =sum(G10:AL10) -> 499 | E10: =D10-C10 -> 119 | F10: =D10/C10 -> 1.3131579 | G10: 21 | H10: 25 | I10: 33 | J10: 29 | K10: 27 | L10: 13 | M10: 22 | N10: 17 | O10: 28 | P10: 19 | Q10: 30 | R10: 28 | S10: 20 | T10: 23 | U10: 17 | V10: 23 | W10: 15 | X10: 12 | Y10: 12 | AH10: 26 | AI10: 14 | AJ10: 19 | AK10: 26
B13: Mingguan
B14: M1 | C14: Target | D14: Jumlah | E14: Selisih | F14: Progres | G14: 1 | H14: 2 | I14: 3 | J14: 4 | K14: 5 | L14: 6 | M14: 7
B15: TA | C15: =roundup(C7/4,0) -> 5 | D15: =sum(G15:AN15) -> 5 | E15: =D15-C15 -> 0 | F15: =D15/C15 -> 1 | G15: 3 | H15: 1 | I15: 0 | J15: 0 | K15: 0 | L15: 0 | M15: 1
B16: Paket Klinik | C16: =roundup(C8/4,0) -> 7 | D16: =sum(G16:AN16) -> 12 | E16: =D16-C16 -> 5 | F16: =D16/C16 -> 1.7142857 | G16: 0 | H16: 0 | I16: 2 | J16: 2 | K16: 2 | L16: 4 | M16: 2
B17: Sesi | C17: =roundup(C9/4,0) -> 25 | D17: =sum(G17:AN17) -> 40 | E17: =D17-C17 -> 15 | F17: =D17/C17 -> 1.6 | G17: 15 | H17: 6 | I17: 3 | J17: 6 | K17: 5 | L17: 1 | M17: 4
B18: Kunjungan | C18: =roundup(C10/4,0) -> 95 | D18: =sum(G18:AN18) -> 170 | E18: =D18-C18 -> 75 | F18: =D18/C18 -> 1.7894737 | G18: 21 | H18: 25 | I18: 33 | J18: 29 | K18: 27 | L18: 13 | M18: 22
B20: M2 | C20: Target | D20: Jumlah | E20: Selisih | F20: Progres | G20: 8 | H20: 9 | I20: 10 | J20: 11 | K20: 12 | L20: 13 | M20: 14
B21: TA | C21: =roundup(C7/4,0) -> 5 | D21: =sum(G21:AN21) -> 10 | E21: =D21-C21 -> 5 | F21: =D21/C21 -> 2 | G21: 2 | H21: 1 | I21: 0 | J21: 1 | K21: 3 | L21: 0 | M21: 3
B22: Paket Klinik | C22: =roundup(C8/4,0) -> 7 | D22: =sum(G22:AN22) -> 11 | E22: =D22-C22 -> 4 | F22: =D22/C22 -> 1.5714286 | G22: 1 | H22: 3 | I22: 0 | J22: 2 | K22: 4 | L22: 0 | M22: 1
B23: Sesi | C23: =roundup(C9/4,0) -> 25 | D23: =sum(G23:AN23) -> 34 | E23: =D23-C23 -> 9 | F23: =D23/C23 -> 1.36 | G23: 11 | H23: 3 | I23: 3 | J23: 4 | K23: 5 | L23: 7 | M23: 1
B24: Kunjungan | C24: =roundup(C10/4,0) -> 95 | D24: =sum(G24:AN24) -> 165 | E24: =D24-C24 -> 70 | F24: =D24/C24 -> 1.7368421 | G24: 17 | H24: 28 | I24: 19 | J24: 30 | K24: 28 | L24: 20 | M24: 23
B26: M3 | C26: Target | D26: Jumlah | E26: Selisih | F26: Progres | G26: 15 | H26: 16 | I26: 17 | J26: 18 | K26: 19 | L26: 20 | M26: 21
B27: TA | C27: =roundup(C7/4,0) -> 5 | D27: =sum(G27:AO27) -> 5 | E27: =D27-C27 -> 0 | F27: =D27/C27 -> 1 | G27: 1 | H27: 1 | I27: 3 | J27: 0 | K27: 0
B28: Paket Klinik | C28: =roundup(C8/4,0) -> 7 | D28: =sum(G28:AO28) -> 4 | E28: =D28-C28 -> -3 | F28: =D28/C28 -> 0.57142857 | G28: 0 | H28: 2 | I28: 1 | J28: 1 | K28: 0
B29: Sesi | C29: =roundup(C9/4,0) -> 25 | D29: =sum(G29:AO29) -> 24 | E29: =D29-C29 -> -1 | F29: =D29/C29 -> 0.96 | G29: 12 | H29: 5 | I29: 3 | J29: 3 | K29: 1
B30: Kunjungan | C30: =roundup(C10/4,0) -> 95 | D30: =sum(G30:AO30) -> 79 | E30: =D30-C30 -> -16 | F30: =D30/C30 -> 0.83157895 | G30: 17 | H30: 23 | I30: 15 | J30: 12 | K30: 12
B32: M4 | C32: Target | D32: Jumlah | E32: Selisih | F32: Progres | G32: 22 | H32: 23 | I32: 24 | J32: 26 | K32: 27 | L32: 28 | M32: 29 | N32: 30 | O32: 31
B33: TA | C33: =roundup(C7/4,0) -> 5 | D33: =sum(G33:AK33) -> 5 | E33: =D33-C33 -> 0 | F33: =D33/C33 -> 1 | L33: 2 | M33: 0 | N33: 1 | O33: 2
B34: Paket Klinik | C34: =roundup(C8/4,0) -> 7 | D34: =sum(G34:AK34) -> 8 | E34: =D34-C34 -> 1 | F34: =D34/C34 -> 1.1428571 | L34: 4 | M34: 0 | N34: 2 | O34: 2
B35: Sesi | C35: =roundup(C9/4,0) -> 25 | D35: =sum(G35:AK35) -> 16 | E35: =D35-C35 -> -9 | F35: =D35/C35 -> 0.64 | L35: 1 | M35: 11 | N35: 3 | O35: 1
B36: Kunjungan | C36: =roundup(C10/4,0) -> 95 | D36: =sum(G36:AK36) -> 85 | E36: =D36-C36 -> -10 | F36: =D36/C36 -> 0.89473684 | L36: 26 | M36: 14 | N36: 19 | O36: 26

Sheet DATA TA
F1: Fisioterapi | I1: Terapi Wicara | M1: Program
B2: Nama Anak | C2: No. RM | D2: Usia (Thn). | E2: Usia (Bln). | F2: Tanggal FT | G2: Admin FT | H2: Terapis FT | I2: Tanggal TW | J2: Admin TW | K2: Terapis TW | L2: Status | M2: FT | N2: SI | O2: TW | P2: BT | Q2: Column 16 | R2: O
B3: BINTANG PRATAMA TULISTIWANGGA | C3: {=if($B3:B697="","",_xlfn.xlookup($B3:B697,PASIEN!$D$7:D697,PASIEN!$F$7:F697))} | D3: {=if($B3:B697="","",_xlfn.xlookup($B3:B697,PASIEN!$D$7:D697,PASIEN!$H$7:H697))} | E3: {=if($B3:B697="","",_xlfn.xlookup($B3:B697,PASIEN!$D$7:D697,#REF!))} -> #REF! | J3: Susi | K3: Iyo | L3: TIDAK CLOSING | S3: =upper(H3)
B4: ABIZARD BILAL WARDANY | L4: CLOSING PAKET | M4: O | N4: I | O4: O | P4: I
B5: AMIR SYAKIR | F5: 45167 | G5: SUSI | H5: IRMA | L5: TIDAK CLOSING
B6: MUHAMMAD FADLIN RAZRAN | L6: CLOSING SESI
B7: RATU ELEANOR RONAULI SITORUS | F7: 45167 | G7: SUCI | H7: IRMA | I7: 45237 | J7: SUSI | K7: IYO | L7: CLOSING SESI | M7: O | N7: I | O7: I | P7: I
B8: ARSYA ALNAFIZH | I8: 45167 | J8: SUSI | K8: IYO | L8: CLOSING PAKET
B9: MAHER ALKHALIFI | F9: 45168 | G9: SUSI | H9: IRMA | I9: 45212 | J9: SUCI | K9: IYO | L9: CLOSING PAKET
B10: MUHAMMAD ATHALLAH RAZQA ADETYA | F10: 45168 | G10: SUSI | H10: ECY | L10: CLOSING PAKET
B11: ZOYA ENZO ALBARRAN ZYANAHRU | F11: 45171 | G11: SUSI | H11: IRMA | I11: 45180 | J11: SUSI | K11: IYO | L11: CLOSING SESI
B12: ELZEVAREL ZERKHA AZARYA | I12: 45171 | J12: SUCI | K12: IYO | L12: TIDAK CLOSING
B13: SITI NURKAYLA HERISKA | C13: #N/A | D13: #N/A | F13: 45172 | G13: SUCI | H13: TIA | L13: CLOSING PAKET
B14: MUHAMMAD RAFA ALFAREZI | F14: 45173 | G14: SUCI | H14: LULU | L14: CLOSING PAKET
B15: OMAR MUBARAK | I15: 45173 | J15: SUSI | K15: IYO | L15: CLOSING PAKET
B16: NARENDRA AKBAR APRIANTO | F16: 45174 | G16: SUCI | H16: ECY | I16: 45174 | J16: SUCI | K16: IYO | L16: CLOSING SESI
B17: ALESHA ADZKIA OKTANIFKA | I17: 45200 | J17: SUCI | K17: IYO | L17: CLOSING PAKET
B18: RAFASYA AAFIYA EL FARIZI | F18: 45178 | G18: SUSI | H18: ECY | I18: 45179 | J18: SUSI | K18: IYO | L18: CLOSING SESI
B19: HASBI ASSEGAF | F19: 45178 | G19: SUCI | H19: IRMA | L19: TIDAK CLOSING
B20: MAULANA FAIQ SHIDQIANDRA | C20: #N/A | D20: #N/A | F20: 45179 | G20: SUSI | H20: LULU | L20: CLOSING SESI
B21: MUHAMMAD RAFEEQ SAHAB | F21: 45181 | G21: SUSI | H21: IRMA | I21: 45181 | J21: SUSI | K21: IYO | L21: CLOSING SESI
B22: AZQEEYA ELNARA RACAISHA | F22: 45182 | G22: SUCI | H22: TIA | L22: CLOSING PAKET
B23: ZULAIKHA | F23: 45183 | G23: SUSI | H23: LULU | I23: 45229 | J23: SUCI | K23: IYO | L23: TIDAK CLOSING
B24: MUHAMMAD NIZAR ABDILLAH | I24: 45185 | J24: SUCI | K24: IYO | L24: CLOSING SESI
B25: SHAQUILLA AISYAHRA HADEEQA | F25: 45187 | G25: SUCI | H25: ECY | L25: CLOSING PAKET
B26: TATIE MARIATIEK | I26: 45187 | J26: SUCI | K26: IYO | L26: TIDAK CLOSING
B27: KYARA MIKHAYLA QIRANI | L27: TIDAK CLOSING
B28: PATUH HANAN BRILIAN | L28: TIDAK CLOSING
B29: ABRIL PRATAMA | F29: 45192 | G29: SUSI | H29: IRMA | I29: 45192 | J29: SUSI | K29: IYO | L29: TIDAK CLOSING
B30: AKHMAR ELNASRAH | F30: 45192 | G30: SUSI | H30: IRMA | I30: 45204 | J30: SUCI | K30: IYO | L30: CLOSING SESI
B31: MUHAMMAD DANISH AL FAHREZI KOSASIH | F31: 45195 | G31: SUSI | H31: LULU | I31: 45208 | J31: SUSI | K31: IYO | L31: CLOSING PAKET
B32: FAJAR SHIDDIQ PRAKOSO | L32: TIDAK CLOSING
L33: CLOSING PAKET
B34: ARTHUR GURJUAN | I34: 45451 | J34: MIA | K34: VIRA | L34: CLOSING PAKET
B35: ALESHA ADIBA KHAIR | F35: 45199 | G35: SUCI | H35: LULU | L35: CLOSING PAKET | N35: I | O35: O | P35: I
B36: ARKAN MAULIDUL AHMAD | C36: #N/A | D36: #N/A | F36: 45201 | G36: SUCI | H36: IRMA | L36: CLOSING PAKET
B37: SIRHAN MEHR AL GHOZALI | C37: #N/A | D37: #N/A | F37: 45202 | G37: SUSI | H37: ECY | I37: 45439 | J37: SUSI | K37: VIRA | L37: TIDAK CLOSING
B38: QUAGLIARELLA ANBIYA CHESARA | F38: 45202 | G38: SUSI | H38: ECY | I38: 45207 | J38: SUCI | K38: IYO | L38: CLOSING PAKET
B39: MUHAMMAD RAIHAN ALERAZKHA | L39: CLOSING PAKET
B40: AHMAD ALVIAN GULTOM | L40: TIDAK CLOSING
B41: M.FIRZAH RIDWAN SYAPUTRA | F41: 45211 | G41: SUSI | H41: IRMA | I41: 45215 | J41: SUCI | K41: IYO | L41: CLOSING PAKET
B42: NATHANAEL BENEDICT | F42: 45212 | G42: SUCI | H42: IRMA | I42: 45212 | J42: SUCI | K42: IYO | L42: TIDAK CLOSING
B43: AZMI DZAKY ALFARIZQY | F43: 45216 | G43: SUCI | H43: TIA | I43: 45221 | J43: SUSI | K43: IYO | L43: CLOSING PAKET
B44: AQLAN MURTAJIZ PURNOMO | F44: 45220 | G44: SUCI | H44: TIA | L44: CLOSING SESI
B45: KEYZIA MIKHAYLA(ZEA) | F45: 45221 | G45: SUSI | H45: TIA | L45: CLOSING SESI
B46: ERKANYA LARASATI ILMA | F46: 45222 | G46: SUSI | H46: LULU | I46: 45222 | J46: SUSI | K46: IYO | L46: CLOSING PAKET
B47: BARACHIEL ANDREW PABAYO | L47: TIDAK CLOSING
B48: BAGASTYA PRADIPTA LUBIS | F48: 45231 | G48: SUCI | H48: LULU | L48: CLOSING SESI
B49: PETRA SHENWIRA MULYA | F49: 45232 | G49: SUCI | H49: LULU | L49: CLOSING PAKET
B50: TIFFANY ALICIA LIE | F50: 45232 | G50: SUCI | H50: IRMA | L50: CLOSING PAKET
B51: AZRAQI ELFATHAN SANDI | F51: 45234 | G51: SUCI | H51: ECY | L51: CLOSING SESI
B52: KENZIE WIRA SATYA SUNARLY | C52: #N/A | D52: #N/A | F52: 45235 | G52: SUCI | H52: LULU | I52: 45235 | J52: SUCI | K52: IYO | L52: TIDAK CLOSING
B53: MAFAZA RAFI SALONG | C53: #N/A | D53: #N/A | I53: 45353 | J53: SUSI | K53: VIRA | L53: CLOSING PAKET
B54: NAUMIRA JIHAN ARISHA | I54: 45238 | J54: SUCI | K54: IYO | L54: CLOSING PAKET
B55: MUHAMMAD DALFA & MUHAMMAD DALFI | F55: 45243 | G55: SUCI | H55: TIA | I55: 45250 | J55: SUSI | K55: IYO | L55: TIDAK CLOSING
B56: MUHAMMAD ZEHAN UMAIR | L56: TIDAK CLOSING
B57: M. RAFFA FAIZAN | F57: 45250 | G57: SUSI | H57: IRMA | I57: 45250 | J57: SUSI | K57: IYO | L57: CLOSING PAKET
B58: ERIC WILLIAM | L58: TIDAK CLOSING
B59: MUHAMMAD RAYYAN ASSYAUQY | F59: 45251 | G59: SUCI | H59: ECY | I59: 45252 | J59: SUCI | K59: IYO | L59: CLOSING PAKET
B60: RAYN MALIQ ALFATIH | F60: 45253 | G60: SUCI | H60: ECY | L60: CLOSING PAKET
B61: ZEHRA SHANUM ALMAHYRA | F61: 45255 | G61: SUSI | H61: TIA | L61: CLOSING PAKET
B62: JOEVIELL RENZ ARCELLO | F62: 45256 | G62: SUSI | H62: LULU | L62: TIDAK CLOSING
B63: LENSY APRILIA | F63: 45257 | G63: SUSI | H63: TIA | I63: 45257 | J63: SUSI | K63: IYO | L63: TIDAK CLOSING
B64: MUHAMMAD ZIANDRU AFKAR | L64: TIDAK CLOSING
B65: MICHAEL HARTONO | F65: 45264 | G65: SUCI | H65: ECY | I65: 45264 | J65: SUSI | K65: VIRA | L65: CLOSING SESI
B66: SHEKINAH KEZIA ELNIELNA ( MEI ENN) | L66: CLOSING PAKET
B67: ARTHUR ZIO | F67: 45266 | G67: SUSI | H67: ECY | I67: 45365 | J67: MIA | K67: VIRA | L67: CLOSING PAKET
B68: MECCA MADEENA AZMI | F68: 45267 | G68: MIA | H68: LULU | L68: TIDAK CLOSING
B69: ALDRICH DABIO PANE | C69: #N/A | D69: #N/A | F69: 45269 | G69: SUSI | H69: IRMA | L69: CLOSING PAKET
B70: KEENAN DEVEN MAHENDRA | L70: CLOSING PAKET
B71: ZAID ABDUL MALIK | F71: 45272 | G71: SUSI | H71: IRMA | L71: CLOSING SESI
B72: AKHTAR RAFFASYA MOSLEM | L72: CLOSING PAKET
B73: FELISHA AKYRA GABIRU | F73: 45274 | G73: SUSI | H73: LULU | I73: 45274 | J73: SUSI | K73: VIRA | L73: TIDAK CLOSING
B74: FARID AHMAD ATALLAH | F74: 45277 | G74: MIA | H74: ECY | L74: TIDAK CLOSING
B75: RUMAYSHA | F75: 45277 | G75: MIA | H75: ECY | L75: CLOSING SESI
B76: RIFKY HAMIZAN | F76: 45277 | G76: MIA | H76: LULU | I76: 45279 | J76: SUSI | K76: VIRA | L76: CLOSING PAKET
B77: HARUN PRATAMANA KABAN | L77: TIDAK CLOSING
B78: ABIDZAR BARI AL GHIFARI | C78: #N/A | D78: #N/A | L78: TIDAK CLOSING
B79: RAINY AZALEA PRAYUNTO | L79: TIDAK CLOSING
B80: HANAN ALFARIZI | F80: 45288 | G80: SUCI | H80: LULU | I80: 45306 | J80: SUSI | K80: VIRA | L80: TIDAK CLOSING
B81: ARVAN RAYHAN DIANDITA | L81: CLOSING PAKET
B82: MUHAMMAD AKRAM ZAYDAN | L82: CLOSING SESI
B83: LABIB RAZAN AL BARRA | L83: TIDAK CLOSING
B84: ADLI KARIM | F84: 45295 | G84: MIA | H84: ECY | I84: 45298 | J84: SUCI | K84: VIRA | L84: TIDAK CLOSING
B85: MANUEL ERNANDO HALIM. | L85: CLOSING PAKET
B86: DAREV CHRISTIAN ZEGA | L86: CLOSING PAKET
B87: JEVANO ANG | F87: 45297 | G87: MIA | H87: ECY | I87: 45298 | J87: SUCI | K87: VIRA | L87: TIDAK CLOSING
B88: HAFIZH AL FARREL DAMARIO | F88: 45298 | G88: MIA | H88: LULU | I88: 45299 | J88: MIA | K88: VIRA | L88: CLOSING PAKET
B89: MACK KIO JUANSON | L89: CLOSING PAKET
B90: ARKAN SUBHAN ALFARIZI | F90: 45299 | G90: SUCI | H90: ECY | L90: TIDAK CLOSING
B91: NOBLE GHOSSAN ALFATIH | F91: 45300 | G91: SUSI | H91: LULU | I91: 45334 | J91: MIA | K91: VIRA | L91: CLOSING SESI
B92: SYECH MUHAMMAD SALMAN | F92: 45301 | G92: SUSI | H92: IRMA | I92: 45309 | J92: SUCI | K92: VIRA | L92: CLOSING PAKET
B93: AIDILIA SHAFA MARWAH | L93: TIDAK CLOSING
