Workbook
Name aj: TEMP!$AJ:$AJ

Sheet ID
A1: IDENTITAS KARYAWAN
A5: NO. KARYAWAN | B5: NAMA KARYAWAN | C5: ID | D5: JABATAN | E5: GAJI POKOK | F5: OPERASIONAL | G5: INSENTIF | H5: TJ. JABATAN | I5: PT VISIT | J5: ST VISIT | K5: TA VISIT | L5: JARAK VISIT FT | M5: BONUS INS 1 | N5: BONUS INS 2 | O5: FB VISIT | P5: SG VISIT | Q5: PAKET FB VISIT | R5: PAKET SG VISIT | S5: JARAK VISIT SM
A7: A1260201 | B7: DHEA NANDA KHAIRUNNISA | C7: DHEA | D7: STAF ADMINISTRASI | E7: 1000000 | F7: 500000 | G7: 500000 | H7: 0 | I7: 0 | J7: 0 | K7: 0 | L7: 0 | M7: 0 | N7: 0 | O7: 0 | P7: 0 | Q7: 0 | R7: 0 | S7: 0
A8: A1260601 | B8: NOVRITA INDRIASWARI | C8: ICA | D8: STAF ADMINISTRASI PUSAT | E8: 1300000 | F8: 500000 | G8: 700000 | H8: 0 | I8: 0 | J8: 0 | K8: 0 | L8: 0 | M8: 500000 | N8: 0 | O8: 0 | P8: 0 | Q8: 0 | R8: 0 | S8: 0
A9: B1220101 | B9: HESTI SUFRESHTRI | C9: HESTI | D9: FISIOTERAPIS | E9: 1500000 | F9: 500000 | G9: 1500000 | H9: 0 | I9: =1800000/2 -> 900000 | J9: =200000/2 -> 100000 | K9: =300000/2 -> 150000 | L9: 50000 | M9: 0 | N9: 0 | O9: 0 | P9: 0 | Q9: 0 | R9: 0 | S9: 0
A10: B1221101 | B10: SHOFIANADA NABILLA | C10: NADA | D10: FISIOTERAPIS | E10: 1000000 | F10: 0 | G10: 0 | H10: 0 | I10: =1800000/2 -> 900000 | J10: =200000/2 -> 100000 | K10: =300000/2 -> 150000 | L10: 50000 | M10: 0 | N10: 0 | O10: 0 | P10: 0 | Q10: 0 | R10: 0 | S10: 0
A11: B1240101 | B11: DESTY TRI RAHMADHANI | C11: DESTY | D11: FISIOTERAPIS | E11: 1200000 | F11: 500000 | G11: 1500000 | H11: 0 | I11: =1800000/2 -> 900000 | J11: =200000/2 -> 100000 | K11: =300000/2 -> 150000 | L11: 50000 | M11: 0 | N11: 0 | O11: 0 | P11: 0 | Q11: 0 | R11: 0 | S11: 0
A12: B1241001 | B12: JOHANA PRITY | C12: PRITY | D12: FISIOTERAPIS | E12: 1000000 | F12: 500000 | G12: 1500000 | H12: 0 | I12: =1800000/2 -> 900000 | J12: =200000/2 -> 100000 | K12: =300000/2 -> 150000 | L12: 50000 | M12: 0 | N12: 0 | O12: 0 | P12: 0 | Q12: 0 | R12: 0 | S12: 0
A13: B1250101 | B13: WAHYU TRI SETYO NUGROHO | C13: WAHYU | D13: FISIOTERAPIS | E13: 1000000 | F13: 500000 | G13: 1500000 | H13: 0 | I13: =1800000/2 -> 900000 | J13: =200000/2 -> 100000 | K13: =300000/2 -> 150000 | L13: 50000 | M13: 0 | N13: 0 | O13: 0 | P13: 0 | Q13: 0 | R13: 0 | S13: 0
A14: B1250102 | B14: ORY KUSTI OVIANDAR | C14: ORY | D14: FISIOTERAPIS | E14: 1000000 | F14: 500000 | G14: 1500000 | H14: 0 | I14: =1800000/2 -> 900000 | J14: =200000/2 -> 100000 | K14: =300000/2 -> 150000 | L14: 50000 | M14: 0 | N14: 0 | O14: 0 | P14: 0 | Q14: 0 | R14: 0 | S14: 0
A15: B1250501 | B15: HENA AURA PUTRI | C15: HENA | D15: FISIOTERAPIS | E15: 1000000 | F15: 500000 | G15: 1500000 | H15: 0 | I15: =1800000/2 -> 900000 | J15: =200000/2 -> 100000 | K15: =300000/2 -> 150000 | L15: 50000 | M15: 0 | N15: 0 | O15: 0 | P15: 0 | Q15: 0 | R15: 0 | S15: 0
A16: B1250601 | B16: SRI OKTAVIA MADANI | C16: OKTA | D16: FISIOTERAPIS | E16: 1000000 | F16: 500000 | G16: 1500000 | H16: 0 | I16: =1800000/2 -> 900000 | J16: =200000/2 -> 100000 | K16: =300000/2 -> 150000 | L16: 50000 | M16: 0 | N16: 0 | O16: 0 | P16: 0 | Q16: 0 | R16: 0 | S16: 0
A17: B1251001 | B17: AULIA SRI RAMADANTI | C17: AUL | D17: FISIOTERAPIS | E17: 1000000 | F17: 500000 | G17: 1500000 | H17: 0 | I17: 900000 | J17: 100000 | K17: 150000 | L17: 50000 | M17: 0 | N17: 0 | O17: 0 | P17: 0 | Q17: 0 | R17: 0 | S17: 0
A18: B1251201 | B18: PUTRI QADAR RAMA DANIA | C18: PUTRI | D18: FISIOTERAPIS | E18: 1000000 | F18: 500000 | G18: 1500000 | H18: 0 | I18: 900000 | J18: 100000 | K18: 150000 | L18: 50000 | M18: 0 | N18: 0 | O18: 0 | P18: 0 | Q18: 0 | R18: 0 | S18: 0
A19: C1260501 | B19: ALAMSYAH | C19: ALAM | D19: MASSEUR | E19: 1000000 | F19: 0 | G19: 1400000 | H19: 0 | I19: 0 | J19: 0 | K19: 0 | L19: 0 | M19: 200000 | N19: 200000 | O19: 150000 | P19: 95000 | Q19: 285000 | R19: 270000 | S19: 50000
A20: D1260501 | B20: IBNU K. A. PURNAMAWANGSA | C20: IBNU | D20: STAF HR | E20: 1000000 | F20: 1500000 | G20: 0 | H20: 500000 | I20: 0 | J20: 0 | K20: 0 | L20: 0 | M20: 0 | N20: 0 | O20: 0 | P20: 0 | Q20: 0 | R20: 0 | S20: 0

Sheet TEMP
A1: TEMPLATE PENGGAJIAN
A2: PERIODE SEPTEMBER 2026
AI3: JUMLAH HARI KERJA | AJ3: =COUNTIF(E4:AJ4,"K") -> 23
E4: K | G4: K | H4: K | I4: K | N4: K | O4: K | P4: K | Q4: K | R4: K | S4: K | U4: K | V4: K | W4: K | X4: K | Y4: K | Z4: K | AB4: K | AC4: K | AD4: K | AE4: K | AF4: K | AG4: K | AI4: K
E5: 46261 | F5: 46262 | G5: 46263 | H5: 46264 | I5: 46265 | J5: 46266 | K5: 46267 | L5: 46268 | M5: 46269 | N5: 46270 | O5: 46271 | P5: 46272 | Q5: 46273 | R5: 46274 | S5: 46275 | T5: 46276 | U5: 46277 | V5: 46278 | W5: 46279 | X5: 46280 | Y5: 46281 | Z5: 46282 | AA5: 46283 | AB5: 46284 | AC5: 46285 | AD5: 46286 | AE5: 46287 | AF5: 46288 | AG5: 46289 | AH5: 46290 | AI5: 46291
A6: NO. KARYAWAN | B6: NAMA KARYAWAN | C6: ID | D6: JABATAN | E6: =UPPER(TEXT(E5,"DDD")) -> KAM | F6: =UPPER(TEXT(F5,"DDD")) -> JUM | G6: =UPPER(TEXT(G5,"DDD")) -> SAB | H6: =UPPER(TEXT(H5,"DDD")) -> MIN | I6: =UPPER(TEXT(I5,"DDD")) -> SEN | J6: =UPPER(TEXT(J5,"DDD")) -> SEL | K6: =UPPER(TEXT(K5,"DDD")) -> RAB | L6: =UPPER(TEXT(L5,"DDD")) -> KAM | ... AI6: =UPPER(TEXT(AI5,"DDD")) -> SAB
A7: =ID!A7 -> A1260201 | B7: {=_xlfn.XLOOKUP(A7,ID!$A7:A20,ID!$B7:B20)} -> DHEA NANDA KHAIRUNNISA | C7: {=_xlfn.XLOOKUP(A7,ID!$A7:A20,ID!$C7:C20)} -> DHEA | D7: {=_xlfn.XLOOKUP(A7,ID!$A7:A20,ID!$D7:D20)} -> STAF ADMINISTRASI
A8: =ID!A8 -> A1260601 | B8: {=_xlfn.XLOOKUP(A8,ID!$A8:A20,ID!$B8:B20)} -> NOVRITA INDRIASWARI | C8: {=_xlfn.XLOOKUP(A8,ID!$A8:A20,ID!$C8:C20)} -> ICA | D8: {=_xlfn.XLOOKUP(A8,ID!$A8:A20,ID!$D8:D20)} -> STAF ADMINISTRASI PUSAT
A9: =ID!A9 -> B1220101 | B9: {=_xlfn.XLOOKUP(A9,ID!$A9:A20,ID!$B9:B20)} -> HESTI SUFRESHTRI | C9: {=_xlfn.XLOOKUP(A9,ID!$A9:A20,ID!$C9:C20)} -> HESTI | D9: {=_xlfn.XLOOKUP(A9,ID!$A9:A20,ID!$D9:D20)} -> FISIOTERAPIS
A10: =ID!A10 -> B1221101 | B10: {=_xlfn.XLOOKUP(A10,ID!$A10:A20,ID!$B10:B20)} -> SHOFIANADA NABILLA | C10: {=_xlfn.XLOOKUP(A10,ID!$A10:A20,ID!$C10:C20)} -> NADA | D10: {=_xlfn.XLOOKUP(A10,ID!$A10:A20,ID!$D10:D20)} -> FISIOTERAPIS
A11: =ID!A11 -> B1240101 | B11: {=_xlfn.XLOOKUP(A11,ID!$A11:A20,ID!$B11:B20)} -> DESTY TRI RAHMADHANI | C11: {=_xlfn.XLOOKUP(A11,ID!$A11:A20,ID!$C11:C20)} -> DESTY | D11: {=_xlfn.XLOOKUP(A11,ID!$A11:A20,ID!$D11:D20)} -> FISIOTERAPIS
A12: =ID!A12 -> B1241001 | B12: {=_xlfn.XLOOKUP(A12,ID!$A11:A20,ID!$B11:B20)} -> JOHANA PRITY | C12: {=_xlfn.XLOOKUP(A12,ID!$A11:A20,ID!$C11:C20)} -> PRITY | D12: {=_xlfn.XLOOKUP(A12,ID!$A11:A20,ID!$D11:D20)} -> FISIOTERAPIS
A13: =ID!A13 -> B1250101 | B13: {=_xlfn.XLOOKUP(A13,ID!$A12:A20,ID!$B12:B20)} -> WAHYU TRI SETYO NUGROHO | C13: {=_xlfn.XLOOKUP(A13,ID!$A12:A20,ID!$C12:C20)} -> WAHYU | D13: {=_xlfn.XLOOKUP(A13,ID!$A12:A20,ID!$D12:D20)} -> FISIOTERAPIS
A14: =ID!A14 -> B1250102 | B14: {=_xlfn.XLOOKUP(A14,ID!$A13:A20,ID!$B13:B20)} -> ORY KUSTI OVIANDAR | C14: {=_xlfn.XLOOKUP(A14,ID!$A13:A20,ID!$C13:C20)} -> ORY | D14: {=_xlfn.XLOOKUP(A14,ID!$A13:A20,ID!$D13:D20)} -> FISIOTERAPIS
A15: =ID!A15 -> B1250501 | B15: {=_xlfn.XLOOKUP(A15,ID!$A14:A20,ID!$B14:B20)} -> HENA AURA PUTRI | C15: {=_xlfn.XLOOKUP(A15,ID!$A14:A20,ID!$C14:C20)} -> HENA | D15: {=_xlfn.XLOOKUP(A15,ID!$A14:A20,ID!$D14:D20)} -> FISIOTERAPIS
A16: =ID!A16 -> B1250601 | B16: {=_xlfn.XLOOKUP(A16,ID!$A15:A20,ID!$B15:B20)} -> SRI OKTAVIA MADANI | C16: {=_xlfn.XLOOKUP(A16,ID!$A15:A20,ID!$C15:C20)} -> OKTA | D16: {=_xlfn.XLOOKUP(A16,ID!$A15:A20,ID!$D15:D20)} -> FISIOTERAPIS
A17: =ID!A17 -> B1251001 | B17: {=_xlfn.XLOOKUP(A17,ID!$A16:A20,ID!$B16:B20)} -> AULIA SRI RAMADANTI | C17: {=_xlfn.XLOOKUP(A17,ID!$A16:A20,ID!$C16:C20)} -> AUL | D17: {=_xlfn.XLOOKUP(A17,ID!$A16:A20,ID!$D16:D20)} -> FISIOTERAPIS
A18: =ID!A18 -> B1251201 | B18: {=_xlfn.XLOOKUP(A18,ID!$A17:A20,ID!$B17:B20)} -> PUTRI QADAR RAMA DANIA | C18: {=_xlfn.XLOOKUP(A18,ID!$A17:A20,ID!$C17:C20)} -> PUTRI | D18: {=_xlfn.XLOOKUP(A18,ID!$A17:A20,ID!$D17:D20)} -> FISIOTERAPIS

Sheet GAJI
A1: GAJI KARYAWAN FGS PONTIANAK
A2: =TEMP!A2 -> PERIODE SEPTEMBER 2026
E5: PENDAPATAN | G5: POTONGAN
A6: NO. KARYAWAN | B6: NAMA KARYAWAN | C6: ID | D6: JABATAN | E6: KLINIK | F6: VISIT | G6: TERLAMBAT | H6: ALFA | I6: DENDA | J6: TOTAL GAJI
A7: =ID!A7 -> A1260201 | B7: {=_xlfn.XLOOKUP(A7,ID!$A7:A26,ID!$B7:B26)} -> DHEA NANDA KHAIRUNNISA | C7: {=_xlfn.XLOOKUP(A7,ID!$A7:A26,ID!$C7:C26)} -> DHEA | D7: {=_xlfn.XLOOKUP(A7,ID!$A7:A26,ID!$D7:D26)} -> STAF ADMINISTRASI | E7: =(ID!E7+ID!H7+ABS!AR7+INS!P7) -> 2000000 | F7: =INS!Z7 -> 0 | G7: =ABS!AS7 -> 5000 | H7: =ABS!AT7 -> 0 | I7: =DENDA!E7 -> 0 | J7: =FLOOR((SUM(E7:F7)-SUM(G7:I7)),1000) -> 1995000
A8: =ID!A8 -> A1260601 | B8: {=_xlfn.XLOOKUP(A8,ID!$A8:A26,ID!$B8:B26)} -> NOVRITA INDRIASWARI | C8: {=_xlfn.XLOOKUP(A8,ID!$A8:A26,ID!$C8:C26)} -> ICA | D8: {=_xlfn.XLOOKUP(A8,ID!$A8:A26,ID!$D8:D26)} -> STAF ADMINISTRASI PUSAT | E8: =(ID!E8+ID!H8+ABS!AR8+INS!P8) -> 2500000 | F8: =INS!Z8 -> 0 | G8: =ABS!AS8 -> 0 | H8: =ABS!AT8 -> 0 | I8: =DENDA!E8 -> 0 | J8: =FLOOR((SUM(E8:F8)-SUM(G8:I8)),1000) -> 2500000
A9: =ID!A9 -> B1220101 | B9: {=_xlfn.XLOOKUP(A9,ID!$A9:A26,ID!$B9:B26)} -> HESTI SUFRESHTRI | C9: {=_xlfn.XLOOKUP(A9,ID!$A9:A26,ID!$C9:C26)} -> HESTI | D9: {=_xlfn.XLOOKUP(A9,ID!$A9:A26,ID!$D9:D26)} -> FISIOTERAPIS | E9: =(ID!E9+ID!H9+ABS!AR9+INS!P9) -> 3500000 | F9: =INS!Z9 -> 1100000 | G9: =ABS!AS9 -> 15000 | H9: =ABS!AT9 -> 0 | I9: =DENDA!E9 -> 0 | J9: =FLOOR((SUM(E9:F9)-SUM(G9:I9)),1000) -> 4585000
A10: =ID!A10 -> B1221101 | B10: {=_xlfn.XLOOKUP(A10,ID!$A10:A26,ID!$B10:B26)} -> SHOFIANADA NABILLA | C10: {=_xlfn.XLOOKUP(A10,ID!$A10:A26,ID!$C10:C26)} -> NADA | D10: {=_xlfn.XLOOKUP(A10,ID!$A10:A26,ID!$D10:D26)} -> FISIOTERAPIS | E10: =(ID!E10+ID!H10+ABS!AR10+INS!P10) -> 1000000 | F10: =INS!Z10 -> 0 | G10: =ABS!AS10 -> 0 | H10: =ABS!AT10 -> 0 | I10: =DENDA!E10 -> 0 | J10: =FLOOR((SUM(E10:F10)-SUM(G10:I10)),1000) -> 1000000
A11: =ID!A11 -> B1240101 | B11: {=_xlfn.XLOOKUP(A11,ID!$A11:A26,ID!$B11:B26)} -> DESTY TRI RAHMADHANI | C11: {=_xlfn.XLOOKUP(A11,ID!$A11:A26,ID!$C11:C26)} -> DESTY | D11: {=_xlfn.XLOOKUP(A11,ID!$A11:A26,ID!$D11:D26)} -> FISIOTERAPIS | E11: =(ID!E11+ID!H11+ABS!AR11+INS!P11) -> 3200000 | F11: =INS!Z11 -> 200000 | G11: =ABS!AS11 -> 0 | H11: =ABS!AT11 -> 0 | I11: =DENDA!E11 -> 0 | J11: =FLOOR((SUM(E11:F11)-SUM(G11:I11)),1000) -> 3400000
A12: =ID!A12 -> B1241001 | B12: {=_xlfn.XLOOKUP(A12,ID!$A11:A26,ID!$B11:B26)} -> JOHANA PRITY | C12: {=_xlfn.XLOOKUP(A12,ID!$A11:A26,ID!$C11:C26)} -> PRITY | D12: {=_xlfn.XLOOKUP(A12,ID!$A11:A26,ID!$D11:D26)} -> FISIOTERAPIS | E12: =(ID!E12+ID!H12+ABS!AR12+INS!P12) -> 3000000 | F12: =INS!Z12 -> 150000 | G12: =ABS!AS12 -> 5000 | H12: =ABS!AT12 -> 0 | I12: =DENDA!E12 -> 0 | J12: =FLOOR((SUM(E12:F12)-SUM(G12:I12)),1000) -> 3145000
A13: =ID!A13 -> B1250101 | B13: {=_xlfn.XLOOKUP(A13,ID!$A12:A26,ID!$B12:B26)} -> WAHYU TRI SETYO NUGROHO | C13: {=_xlfn.XLOOKUP(A13,ID!$A12:A26,ID!$C12:C26)} -> WAHYU | D13: {=_xlfn.XLOOKUP(A13,ID!$A12:A26,ID!$D12:D26)} -> FISIOTERAPIS | E13: =(ID!E13+ID!H13+ABS!AR13+INS!P13) -> 3000000 | F13: =INS!Z13 -> 100000 | G13: =ABS!AS13 -> 0 | H13: =ABS!AT13 -> 0 | I13: =DENDA!E13 -> 0 | J13: =FLOOR((SUM(E13:F13)-SUM(G13:I13)),1000) -> 3100000
A14: =ID!A14 -> B1250102 | B14: {=_xlfn.XLOOKUP(A14,ID!$A13:A26,ID!$B13:B26)} -> ORY KUSTI OVIANDAR | C14: {=_xlfn.XLOOKUP(A14,ID!$A13:A26,ID!$C13:C26)} -> ORY | D14: {=_xlfn.XLOOKUP(A14,ID!$A13:A26,ID!$D13:D26)} -> FISIOTERAPIS | E14: =(ID!E14+ID!H14+ABS!AR14+INS!P14) -> 3000000 | F14: =INS!Z14 -> 400000 | G14: =ABS!AS14 -> 0 | H14: =ABS!AT14 -> 0 | I14: =DENDA!E14 -> 600000 | J14: =FLOOR((SUM(E14:F14)-SUM(G14:I14)),1000) -> 2800000
A15: =ID!A15 -> B1250501 | B15: {=_xlfn.XLOOKUP(A15,ID!$A14:A26,ID!$B14:B26)} -> HENA AURA PUTRI | C15: {=_xlfn.XLOOKUP(A15,ID!$A14:A26,ID!$C14:C26)} -> HENA | D15: {=_xlfn.XLOOKUP(A15,ID!$A14:A26,ID!$D14:D26)} -> FISIOTERAPIS | E15: =(ID!E15+ID!H15+ABS!AR15+INS!P15) -> 3000000 | F15: =INS!Z15 -> 200000 | G15: =ABS!AS15 -> 0 | H15: =ABS!AT15 -> 0 | I15: =DENDA!E15 -> 0 | J15: =FLOOR((SUM(E15:F15)-SUM(G15:I15)),1000) -> 3200000
A16: =ID!A16 -> B1250601 | B16: {=_xlfn.XLOOKUP(A16,ID!$A15:A26,ID!$B15:B26)} -> SRI OKTAVIA MADANI | C16: {=_xlfn.XLOOKUP(A16,ID!$A15:A26,ID!$C15:C26)} -> OKTA | D16: {=_xlfn.XLOOKUP(A16,ID!$A15:A26,ID!$D15:D26)} -> FISIOTERAPIS | E16: =(ID!E16+ID!H16+ABS!AR16+INS!P16) -> 3000000 | F16: =INS!Z16 -> 1250000 | G16: =ABS!AS16 -> 20000 | H16: =ABS!AT16 -> 100000 | I16: =DENDA!E16 -> 0 | J16: =FLOOR((SUM(E16:F16)-SUM(G16:I16)),1000) -> 4130000
A17: =ID!A17 -> B1251001 | B17: {=_xlfn.XLOOKUP(A17,ID!$A16:A26,ID!$B16:B26)} -> AULIA SRI RAMADANTI | C17: {=_xlfn.XLOOKUP(A17,ID!$A16:A26,ID!$C16:C26)} -> AUL | D17: {=_xlfn.XLOOKUP(A17,ID!$A16:A26,ID!$D16:D26)} -> FISIOTERAPIS | E17: =(ID!E17+ID!H17+ABS!AR17+INS!P17) -> 3000000 | F17: =INS!Z17 -> 1600000 | G17: =ABS!AS17 -> 0 | H17: =ABS!AT17 -> 0 | I17: =DENDA!E17 -> 0 | J17: =FLOOR((SUM(E17:F17)-SUM(G17:I17)),1000) -> 4600000
A18: =ID!A18 -> B1251201 | B18: {=_xlfn.XLOOKUP(A18,ID!$A17:A26,ID!$B17:B26)} -> PUTRI QADAR RAMA DANIA | C18: {=_xlfn.XLOOKUP(A18,ID!$A17:A26,ID!$C17:C26)} -> PUTRI | D18: {=_xlfn.XLOOKUP(A18,ID!$A17:A26,ID!$D17:D26)} -> FISIOTERAPIS | E18: =(ID!E18+ID!H18+ABS!AR18+INS!P18) -> 3000000 | F18: =INS!Z18 -> 0 | G18: =ABS!AS18 -> 0 | H18: =ABS!AT18 -> 0 | I18: =DENDA!E18 -> 0 | J18: =FLOOR((SUM(E18:F18)-SUM(G18:I18)),1000) -> 3000000
A19: =ID!A19 -> C1260501 | B19: {=_xlfn.XLOOKUP(A19,ID!$A18:A26,ID!$B18:B26)} -> ALAMSYAH | C19: {=_xlfn.XLOOKUP(A19,ID!$A18:A26,ID!$C18:C26)} -> ALAM | D19: {=_xlfn.XLOOKUP(A19,ID!$A18:A26,ID!$D18:D26)} -> MASSEUR | E19: =(ID!E19+ID!H19+ABS!AR19+INS!P19) -> 2220000 | F19: =INS!Z19 -> 0 | G19: =ABS!AS19 -> 0 | H19: =ABS!AT19 -> 0 | I19: =DENDA!E19 -> 0 | J19: =FLOOR((SUM(E19:F19)-SUM(G19:I19)),1000) -> 2220000
A20: =ID!A20 -> D1260501 | B20: {=_xlfn.XLOOKUP(A20,ID!$A19:A26,ID!$B19:B26)} -> IBNU K. A. PURNAMAWANGSA | C20: {=_xlfn.XLOOKUP(A20,ID!$A19:A26,ID!$C19:C26)} -> IBNU | D20: {=_xlfn.XLOOKUP(A20,ID!$A19:A26,ID!$D19:D26)} -> STAF HR | E20: =(ID!E20+ID!H20+ABS!AR20+INS!P20) -> 3000000 | F20: =INS!Z20 -> 0 | G20: =ABS!AS20 -> 35000 | H20: =ABS!AT20 -> 0 | I20: =DENDA!E20 -> 600000 | J20: =FLOOR((SUM(E20:F20)-SUM(G20:I20)),1000) -> 2365000
E23: =sum(E7:E20) -> 38420000 | F23: =sum(F7:F20) -> 5000000 | G23: =sum(G7:G20) -> 80000 | H23: =sum(H7:H20) -> 100000 | I23: =sum(I7:I20) -> 1200000 | J23: =sum(J7:J20) -> 42040000
A25: Catatan:

Sheet ABS
A1: ABSENSI KARYAWAN FGS PONTIANAK
A2: =TEMP!A2 -> PERIODE SEPTEMBER 2026
AI3: JUMLAH HARI KERJA | AJ3: =COUNTIF(E4:AJ4,"K") -> 23
E4: =TEMP!E4 -> K | F4: =TEMP!F4 | G4: =TEMP!G4 -> K | H4: =TEMP!H4 -> K | I4: =TEMP!I4 -> K | J4: =TEMP!J4 | K4: =TEMP!K4 | L4: =TEMP!L4 | ... AJ4: =TEMP!AJ4
E5: =TEMP!E5 -> 46261 | F5: =TEMP!F5 -> 46262 | G5: =TEMP!G5 -> 46263 | H5: =TEMP!H5 -> 46264 | I5: =TEMP!I5 -> 46265 | J5: =TEMP!J5 -> 46266 | K5: =TEMP!K5 -> 46267 | L5: =TEMP!L5 -> 46268 | ... AJ5: =TEMP!AJ5
A6: NO. KARYAWAN | B6: NAMA KARYAWAN | C6: ID | D6: JABATAN | E6: =TEMP!E6 -> KAM | F6: =TEMP!F6 -> JUM | G6: =TEMP!G6 -> SAB | H6: =TEMP!H6 -> MIN | I6: =TEMP!I6 -> SEN | J6: =TEMP!J6 -> SEL | K6: =TEMP!K6 -> RAB | L6: =TEMP!L6 -> KAM | ... AJ6: =TEMP!AJ6 | AL6: HADIR | AM6: TLBT | AN6: IZIN | AO6: SAKIT | AP6: CUTI | AQ6: ALFA | AR6: OPERASIONAL | AS6: TERLAMBAT | AT6: ALFA
A7: =ID!A7 -> A1260201 | B7: {=_xlfn.XLOOKUP(A7,ID!$A7:A24,ID!$B7:B24)} -> DHEA NANDA KHAIRUNNISA | C7: {=_xlfn.XLOOKUP(A7,ID!$A7:A24,ID!$C7:C24)} -> DHEA | D7: {=_xlfn.XLOOKUP(A7,ID!$A7:A24,ID!$D7:D24)} -> STAF ADMINISTRASI | E7: H | G7: H | H7: H | I7: H | N7: H | O7: H | P7: H | Q7: H | R7: H | S7: H | U7: H | V7: H | W7: H | X7: H | Y7: H | Z7: H | AB7: H | AC7: H | AD7: H | AE7: H | AF7: H | AG7: H | AI7: 1 | AL7: =COUNTIF(E7:AJ7,"H")+COUNT(E7:AJ7) -> 23 | AM7: =SUM(E7:AJ7) -> 1 | AN7: =COUNTIF(E7:AJ7,"I") -> 0 | AO7: =COUNTIF(E7:AJ7,"S") -> 0 | AP7: =COUNTIF(E7:AJ7,"C") -> 0 | AQ7: =COUNTIF(E7:AJ7,"A") -> 0 | AR7: =FLOOR(IF((AL7+AO7+AP7+AQ7)/$AJ$3<=0.75,0,(AL7+AO7+AP7+AQ7)/$AJ$3)*ID!F7,1000) -> 500000 | AS7: =AM7*5000 -> 5000 | AT7: =AQ7*100000 -> 0
A8: =ID!A8 -> A1260601 | B8: {=_xlfn.XLOOKUP(A8,ID!$A8:A24,ID!$B8:B24)} -> NOVRITA INDRIASWARI | C8: {=_xlfn.XLOOKUP(A8,ID!$A8:A24,ID!$C8:C24)} -> ICA | D8: {=_xlfn.XLOOKUP(A8,ID!$A8:A24,ID!$D8:D24)} -> STAF ADMINISTRASI PUSAT | E8: H | G8: H | H8: H | I8: H | N8: H | O8: H | P8: H | Q8: H | R8: H | S8: H | U8: H | V8: H | W8: H | X8: H | Y8: H | Z8: H | AB8: H | AC8: H | AD8: H | AE8: H | AF8: H | AG8: H | AI8: H | AL8: =COUNTIF(E8:AJ8,"H")+COUNT(E8:AJ8) -> 23 | AM8: =SUM(E8:AJ8) -> 0 | AN8: =COUNTIF(E8:AJ8,"I") -> 0 | AO8: =COUNTIF(E8:AJ8,"S") -> 0 | AP8: =COUNTIF(E8:AJ8,"C") -> 0 | AQ8: =COUNTIF(E8:AJ8,"A") -> 0 | AR8: =FLOOR(IF((AL8+AP8+AQ8)/$AJ$3<=0.9,0,(AL8+AO8+AP8+AQ8)/$AJ$3)*ID!F8,1000) -> 500000 | AS8: =AM8*5000 -> 0 | AT8: =AQ8*100000 -> 0
A9: =ID!A9 -> B1220101 | B9: {=_xlfn.XLOOKUP(A9,ID!$A9:A24,ID!$B9:B24)} -> HESTI SUFRESHTRI | C9: {=_xlfn.XLOOKUP(A9,ID!$A9:A24,ID!$C9:C24)} -> HESTI | D9: {=_xlfn.XLOOKUP(A9,ID!$A9:A24,ID!$D9:D24)} -> FISIOTERAPIS | E9: H | G9: H | H9: H | I9: H | N9: H | O9: H | P9: H | Q9: H | R9: H | S9: H | U9: 2 | V9: H | W9: H | X9: H | Y9: 1 | Z9: H | AB9: H | AC9: H | AD9: H | AE9: H | AF9: H | AG9: H | AI9: H | AL9: =COUNTIF(E9:AJ9,"H")+COUNT(E9:AJ9) -> 23 | AM9: =SUM(E9:AJ9) -> 3 | AN9: =COUNTIF(E9:AJ9,"I") -> 0 | AO9: =COUNTIF(E9:AJ9,"S") -> 0 | AP9: =COUNTIF(E9:AJ9,"C") -> 0 | AQ9: =COUNTIF(E9:AJ9,"A") -> 0 | AR9: =FLOOR(IF((AL9+AO9+AP9+AQ9)/$AJ$3<=0.75,0,(AL9+AO9+AP9+AQ9)/$AJ$3)*ID!F9,1000) -> 500000 | AS9: =AM9*5000 -> 15000 | AT9: =AQ9*100000 -> 0
A10: =ID!A10 -> B1221101 | B10: {=_xlfn.XLOOKUP(A10,ID!$A10:A24,ID!$B10:B24)} -> SHOFIANADA NABILLA | C10: {=_xlfn.XLOOKUP(A10,ID!$A10:A24,ID!$C10:C24)} -> NADA | D10: {=_xlfn.XLOOKUP(A10,ID!$A10:A24,ID!$D10:D24)} -> FISIOTERAPIS | E10: H | G10: H | H10: H | I10: H | N10: H | O10: H | P10: H | Q10: H | R10: H | S10: H | U10: H | V10: H | W10: H | X10: H | Y10: H | Z10: H | AB10: H | AC10: H | AD10: H | AE10: H | AF10: H | AG10: H | AI10: H | AL10: =COUNTIF(E10:AJ10,"H")+COUNT(E10:AJ10) -> 23 | AM10: =SUM(E10:AJ10) -> 0 | AN10: =COUNTIF(E10:AJ10,"I") -> 0 | AO10: =COUNTIF(E10:AJ10,"S") -> 0 | AP10: =COUNTIF(E10:AJ10,"C") -> 0 | AQ10: =COUNTIF(E10:AJ10,"A") -> 0 | AR10: =FLOOR(IF((AL10+AO10+AP10+AQ10)/$AJ$3<=0.75,0,(AL10+AO10+AP10+AQ10)/$AJ$3)*ID!F10,1000) -> 0 | AS10: =AM10*5000 -> 0 | AT10: =AQ10*100000 -> 0
A11: =ID!A11 -> B1240101 | B11: {=_xlfn.XLOOKUP(A11,ID!$A11:A24,ID!$B11:B24)} -> DESTY TRI RAHMADHANI | C11: {=_xlfn.XLOOKUP(A11,ID!$A11:A24,ID!$C11:C24)} -> DESTY | D11: {=_xlfn.XLOOKUP(A11,ID!$A11:A24,ID!$D11:D24)} -> FISIOTERAPIS | E11: H | G11: H | H11: H | I11: H | N11: H | O11: H | P11: H | Q11: H | R11: H | S11: H | U11: S | V11: S | W11: H | X11: H | Y11: H | Z11: H | AB11: H | AC11: H | AD11: H | AE11: H | AF11: H | AG11: H | AI11: H | AL11: =COUNTIF(E11:AJ11,"H")+COUNT(E11:AJ11) -> 21 | AM11: =SUM(E11:AJ11) -> 0 | AN11: =COUNTIF(E11:AJ11,"I") -> 0 | AO11: =COUNTIF(E11:AJ11,"S") -> 2 | AP11: =COUNTIF(E11:AJ11,"C") -> 0 | AQ11: =COUNTIF(E11:AJ11,"A") -> 0 | AR11: =FLOOR(IF((AL11+AO11+AP11+AQ11)/$AJ$3<=0.75,0,(AL11+AO11+AP11+AQ11)/$AJ$3)*ID!F11,1000) -> 500000 | AS11: =AM11*5000 -> 0 | AT11: =AQ11*100000 -> 0
A12: =ID!A12 -> B1241001 | B12: {=_xlfn.XLOOKUP(A12,ID!$A11:A24,ID!$B11:B24)} -> JOHANA PRITY | C12: {=_xlfn.XLOOKUP(A12,ID!$A11:A24,ID!$C11:C24)} -> PRITY | D12: {=_xlfn.XLOOKUP(A12,ID!$A11:A24,ID!$D11:D24)} -> FISIOTERAPIS | E12: H | G12: H | H12: H | I12: H | N12: H | O12: H | P12: H | Q12: H | R12: H | S12: H | U12: H | V12: H | W12: S | X12: S | Y12: S | Z12: 1 | AB12: H | AC12: H | AD12: H | AE12: H | AF12: H | AG12: H | AI12: H | AL12: =COUNTIF(E12:AJ12,"H")+COUNT(E12:AJ12) -> 20 | AM12: =SUM(E12:AJ12) -> 1 | AN12: =COUNTIF(E12:AJ12,"I") -> 0 | AO12: =COUNTIF(E12:AJ12,"S") -> 3 | AP12: =COUNTIF(E12:AJ12,"C") -> 0 | AQ12: =COUNTIF(E12:AJ12,"A") -> 0 | AR12: =FLOOR(IF((AL12+AO12+AP12+AQ12)/$AJ$3<=0.75,0,(AL12+AO12+AP12+AQ12)/$AJ$3)*ID!F12,1000) -> 500000 | AS12: =AM12*5000 -> 5000 | AT12: =AQ12*100000 -> 0
A13: =ID!A13 -> B1250101 | B13: {=_xlfn.XLOOKUP(A13,ID!$A12:A24,ID!$B12:B24)} -> WAHYU TRI SETYO NUGROHO | C13: {=_xlfn.XLOOKUP(A13,ID!$A12:A24,ID!$C12:C24)} -> WAHYU | D13: {=_xlfn.XLOOKUP(A13,ID!$A12:A24,ID!$D12:D24)} -> FISIOTERAPIS | E13: H | G13: H | H13: H | I13: H | N13: H | O13: H | P13: H | Q13: H | R13: H | S13: H | U13: H | V13: H | W13: H | X13: H | Y13: H | Z13: H | AB13: H | AC13: H | AD13: H | AE13: H | AF13: H | AG13: H | AI13: H | AL13: =COUNTIF(E13:AJ13,"H")+COUNT(E13:AJ13) -> 23 | AM13: =SUM(E13:AJ13) -> 0 | AN13: =COUNTIF(E13:AJ13,"I") -> 0 | AO13: =COUNTIF(E13:AJ13,"S") -> 0 | AP13: =COUNTIF(E13:AJ13,"C") -> 0 | AQ13: =COUNTIF(E13:AJ13,"A") -> 0 | AR13: =FLOOR(IF((AL13+AO13+AP13+AQ13)/$AJ$3<=0.75,0,(AL13+AO13+AP13+AQ13)/$AJ$3)*ID!F13,1000) -> 500000 | AS13: =AM13*5000 -> 0 | AT13: =AQ13*100000 -> 0
A14: =ID!A14 -> B1250102 | B14: {=_xlfn.XLOOKUP(A14,ID!$A13:A24,ID!$B13:B24)} -> ORY KUSTI OVIANDAR | C14: {=_xlfn.XLOOKUP(A14,ID!$A13:A24,ID!$C13:C24)} -> ORY | D14: {=_xlfn.XLOOKUP(A14,ID!$A13:A24,ID!$D13:D24)} -> FISIOTERAPIS | E14: H | G14: H | H14: H | I14: H | N14: H | O14: H | P14: H | Q14: H | R14: H | S14: H | U14: H | V14: H | W14: H | X14: H | Y14: H | Z14: H | AB14: H | AC14: H | AD14: H | AE14: H | AF14: H | AG14: H | AI14: H | AL14: =COUNTIF(E14:AJ14,"H")+COUNT(E14:AJ14) -> 23 | AM14: =SUM(E14:AJ14) -> 0 | AN14: =COUNTIF(E14:AJ14,"I") -> 0 | AO14: =COUNTIF(E14:AJ14,"S") -> 0 | AP14: =COUNTIF(E14:AJ14,"C") -> 0 | AQ14: =COUNTIF(E14:AJ14,"A") -> 0 | AR14: =FLOOR(IF((AL14+AO14+AP14+AQ14)/$AJ$3<=0.75,0,(AL14+AO14+AP14+AQ14)/$AJ$3)*ID!F14,1000) -> 500000 | AS14: =AM14*5000 -> 0 | AT14: =AQ14*100000 -> 0
A15: =ID!A15 -> B1250501 | B15: {=_xlfn.XLOOKUP(A15,ID!$A14:A24,ID!$B14:B24)} -> HENA AURA PUTRI | C15: {=_xlfn.XLOOKUP(A15,ID!$A14:A24,ID!$C14:C24)} -> HENA | D15: {=_xlfn.XLOOKUP(A15,ID!$A14:A24,ID!$D14:D24)} -> FISIOTERAPIS | E15: H | G15: H | H15: H | I15: H | N15: H | O15: H | P15: H | Q15: H | R15: H | S15: H | U15: H | V15: H | W15: H | X15: H | Y15: C | Z15: C | AB15: H | AC15: S | AD15: H | AE15: H | AF15: H | AG15: H | AI15: H | AL15: =COUNTIF(E15:AJ15,"H")+COUNT(E15:AJ15) -> 20 | AM15: =SUM(E15:AJ15) -> 0 | AN15: =COUNTIF(E15:AJ15,"I") -> 0 | AO15: =COUNTIF(E15:AJ15,"S") -> 1 | AP15: =COUNTIF(E15:AJ15,"C") -> 2 | AQ15: =COUNTIF(E15:AJ15,"A") -> 0 | AR15: =FLOOR(IF((AL15+AO15+AP15+AQ15)/$AJ$3<=0.75,0,(AL15+AO15+AP15+AQ15)/$AJ$3)*ID!F15,1000) -> 500000 | AS15: =AM15*5000 -> 0 | AT15: =AQ15*100000 -> 0
A16: =ID!A16 -> B1250601 | B16: {=_xlfn.XLOOKUP(A16,ID!$A15:A24,ID!$B15:B24)} -> SRI OKTAVIA MADANI | C16: {=_xlfn.XLOOKUP(A16,ID!$A15:A24,ID!$C15:C24)} -> OKTA | D16: {=_xlfn.XLOOKUP(A16,ID!$A15:A24,ID!$D15:D24)} -> FISIOTERAPIS | E16: H | G16: H | H16: H | I16: H | N16: H | O16: H | P16: 1 | Q16: A | R16: H | S16: H | U16: H | V16: H | W16: H | X16: S | Y16: C | Z16: C | AB16: H | AC16: 3 | AD16: H | AE16: H | AF16: H | AG16: H | AI16: H | AL16: =COUNTIF(E16:AJ16,"H")+COUNT(E16:AJ16) -> 19 | AM16: =SUM(E16:AJ16) -> 4 | AN16: =COUNTIF(E16:AJ16,"I") -> 0 | AO16: =COUNTIF(E16:AJ16,"S") -> 1 | AP16: =COUNTIF(E16:AJ16,"C") -> 2 | AQ16: =COUNTIF(E16:AJ16,"A") -> 1 | AR16: =FLOOR(IF((AL16+AO16+AP16+AQ16)/$AJ$3<=0.75,0,(AL16+AO16+AP16+AQ16)/$AJ$3)*ID!F16,1000) -> 500000 | AS16: =AM16*5000 -> 20000 | AT16: =AQ16*100000 -> 100000
A17: =ID!A17 -> B1251001 | B17: {=_xlfn.XLOOKUP(A17,ID!$A16:A24,ID!$B16:B24)} -> AULIA SRI RAMADANTI | C17: {=_xlfn.XLOOKUP(A17,ID!$A16:A24,ID!$C16:C24)} -> AUL | D17: {=_xlfn.XLOOKUP(A17,ID!$A16:A24,ID!$D16:D24)} -> FISIOTERAPIS | E17: H | G17: H | H17: H | I17: H | N17: H | O17: H | P17: H | Q17: H | R17: H | S17: H | U17: H | V17: H | W17: H | X17: H | Y17: H | Z17: H | AB17: H | AC17: H | AD17: S | AE17: S | AF17: H | AG17: H | AI17: H | AL17: =COUNTIF(E17:AJ17,"H")+COUNT(E17:AJ17) -> 21 | AM17: =SUM(E17:AJ17) -> 0 | AN17: =COUNTIF(E17:AJ17,"I") -> 0 | AO17: =COUNTIF(E17:AJ17,"S") -> 2 | AP17: =COUNTIF(E17:AJ17,"C") -> 0 | AQ17: =COUNTIF(E17:AJ17,"A") -> 0 | AR17: =FLOOR(IF((AL17+AO17+AP17+AQ17)/$AJ$3<=0.75,0,(AL17+AO17+AP17+AQ17)/$AJ$3)*ID!F17,1000) -> 500000 | AS17: =AM17*5000 -> 0 | AT17: =AQ17*100000 -> 0
A18: =ID!A18 -> B1251201 | B18: {=_xlfn.XLOOKUP(A18,ID!$A17:A24,ID!$B17:B24)} -> PUTRI QADAR RAMA DANIA | C18: {=_xlfn.XLOOKUP(A18,ID!$A17:A24,ID!$C17:C24)} -> PUTRI | D18: {=_xlfn.XLOOKUP(A18,ID!$A17:A24,ID!$D17:D24)} -> FISIOTERAPIS | E18: H | G18: H | H18: H | I18: H | N18: S | O18: S | P18: H | Q18: H | R18: H | S18: H | U18: H | V18: H | W18: H | X18: H | Y18: H | Z18: H | AB18: H | AC18: H | AD18: H | AE18: H | AF18: H | AG18: H | AI18: H | AL18: =COUNTIF(E18:AJ18,"H")+COUNT(E18:AJ18) -> 21 | AM18: =SUM(E18:AJ18) -> 0 | AN18: =COUNTIF(E18:AJ18,"I") -> 0 | AO18: =COUNTIF(E18:AJ18,"S") -> 2 | AP18: =COUNTIF(E18:AJ18,"C") -> 0 | AQ18: =COUNTIF(E18:AJ18,"A") -> 0 | AR18: =FLOOR(IF((AL18+AO18+AP18+AQ18)/$AJ$3<=0.75,0,(AL18+AO18+AP18+AQ18)/$AJ$3)*ID!F18,1000) -> 500000 | AS18: =AM18*5000 -> 0 | AT18: =AQ18*100000 -> 0
A19: =ID!A19 -> C1260501 | B19: {=_xlfn.XLOOKUP(A19,ID!$A18:A24,ID!$B18:B24)} -> ALAMSYAH | C19: {=_xlfn.XLOOKUP(A19,ID!$A18:A24,ID!$C18:C24)} -> ALAM | D19: {=_xlfn.XLOOKUP(A19,ID!$A18:A24,ID!$D18:D24)} -> MASSEUR | E19: H | G19: H | H19: H | I19: H | N19: H | O19: H | P19: H | Q19: H | R19: H | S19: H | U19: H | V19: H | W19: H | X19: H | Y19: H | Z19: H | AB19: H | AC19: H | AD19: H | AE19: H | AF19: H | AG19: H | AI19: H | AL19: =COUNTIF(E19:AJ19,"H")+COUNT(E19:AJ19) -> 23 | AM19: =SUM(E19:AJ19) -> 0 | AN19: =COUNTIF(E19:AJ19,"I") -> 0 | AO19: =COUNTIF(E19:AJ19,"S") -> 0 | AP19: =COUNTIF(E19:AJ19,"C") -> 0 | AQ19: =COUNTIF(E19:AJ19,"A") -> 0 | AR19: =((AL19*100000)+(AP19*100000))-($AJ$3*100000) -> 0 | AS19: =AM19*5000 -> 0 | AT19: =AQ19*100000 -> 0
A20: =ID!A20 -> D1260501 | B20: {=_xlfn.XLOOKUP(A20,ID!$A19:A24,ID!$B19:B24)} -> IBNU K. A. PURNAMAWANGSA | C20: {=_xlfn.XLOOKUP(A20,ID!$A19:A24,ID!$C19:C24)} -> IBNU | D20: {=_xlfn.XLOOKUP(A20,ID!$A19:A24,ID!$D19:D24)} -> STAF HR | E20: H | G20: H | H20: H | I20: 7 | N20: H | O20: H | P20: H | Q20: H | R20: H | S20: H | U20: H | V20: H | W20: H | X20: H | Y20: H | Z20: H | AB20: H | AC20: H | AD20: H | AE20: H | AF20: H | AG20: H | AI20: H | AL20: =COUNTIF(E20:AJ20,"H")+COUNT(E20:AJ20) -> 23 | AM20: =SUM(E20:AJ20) -> 7 | AN20: =COUNTIF(E20:AJ20,"I") -> 0 | AO20: =COUNTIF(E20:AJ20,"S") -> 0 | AP20: =COUNTIF(E20:AJ20,"C") -> 0 | AQ20: =COUNTIF(E20:AJ20,"A") -> 0 | AR20: =FLOOR(IF((AL20+AO20+AP20+AQ20)/$AJ$3<=0.75,0,(AL20+AO20+AP20+AQ20)/$AJ$3)*ID!F20,1000) -> 1500000 | AS20: =AM20*5000 -> 35000 | AT20: =AQ20*100000 -> 0
AR23: =SUM(AR7:AR20) -> 7000000 | AS23: =SUM(AS7:AS20) -> 80000 | AT23: =SUM(AT7:AT20) -> 100000
A24: Catatan:

Sheet INS
A1: INSENTIF KARYAWAN FGS PONTIANAK
A2: =TEMP!A2 -> PERIODE SEPTEMBER 2026
E5: KLINIK | R5: VISIT
A6: NO. KARYAWAN | B6: NAMA KARYAWAN | C6: ID | D6: JABATAN | E6: PT | F6: ST | G6: TA | H6: JUMLAH FT | I6: PERSEN FT | J6: FB | K6: SG | L6: JUMLAH SM | M6: PERSEN SM | N6: BONUS 1 SM | O6: BONUS 2 SM | P6: INSENTIF | R6: PT | S6: ST | T6: TA | U6: FB SM | V6: SG SM | W6: PAKET FB SM | X6: PAKET SG SM | Y6: JARAK | Z6: INSENTIF
A7: =ID!A7 -> A1260201 | B7: {=_xlfn.XLOOKUP(A7,ID!$A7:A24,ID!$B7:B24)} -> DHEA NANDA KHAIRUNNISA | C7: {=_xlfn.XLOOKUP(A7,ID!$A7:A24,ID!$C7:C24)} -> DHEA | D7: {=_xlfn.XLOOKUP(A7,ID!$A7:A24,ID!$D7:D24)} -> STAF ADMINISTRASI | G7: 161 | H7: =SUM(E7:G7) -> 161 | I7: =SUM(E7:G7)/110 -> 1.4636364 | P7: =FLOOR(IF(H7>=110,1,I7)*ID!G7,1000) -> 500000 | Z7: =(R7*ID!I7)+(S7*ID!J7)+(T7*ID!K7)+(Y7*ID!L7) -> 0
A8: =ID!A8 -> A1260601 | B8: {=_xlfn.XLOOKUP(A8,ID!$A8:A24,ID!$B8:B24)} -> NOVRITA INDRIASWARI | C8: {=_xlfn.XLOOKUP(A8,ID!$A8:A24,ID!$C8:C24)} -> ICA | D8: {=_xlfn.XLOOKUP(A8,ID!$A8:A24,ID!$D8:D24)} -> STAF ADMINISTRASI PUSAT | H8: 20 | I8: =H8/20 -> 1 | P8: =FLOOR(IF(H8>=110,1,I8)*ID!G8,1000) -> 700000 | Z8: =(R8*ID!I8)+(S8*ID!J8)+(T8*ID!K8)+(Y8*ID!L8) -> 0
A9: =ID!A9 -> B1220101 | B9: {=_xlfn.XLOOKUP(A9,ID!$A9:A24,ID!$B9:B24)} -> HESTI SUFRESHTRI | C9: {=_xlfn.XLOOKUP(A9,ID!$A9:A24,ID!$C9:C24)} -> HESTI | D9: {=_xlfn.XLOOKUP(A9,ID!$A9:A24,ID!$D9:D24)} -> FISIOTERAPIS | E9: 55 | F9: 6 | G9: 15 | H9: =SUM(E9:G9) -> 76 | I9: =SUM(E9:G9)/60 -> 1.2666667 | P9: =FLOOR(IF(H9>=60,1,I9)*ID!G9,1000) -> 1500000 | R9: 1 | S9: 0 | T9: 1 | Y9: 1 | Z9: =(R9*ID!I9)+(S9*ID!J9)+(T9*ID!K9)+(Y9*ID!L9) -> 1100000
A10: =ID!A10 -> B1221101 | B10: {=_xlfn.XLOOKUP(A10,ID!$A10:A24,ID!$B10:B24)} -> SHOFIANADA NABILLA | C10: {=_xlfn.XLOOKUP(A10,ID!$A10:A24,ID!$C10:C24)} -> NADA | D10: {=_xlfn.XLOOKUP(A10,ID!$A10:A24,ID!$D10:D24)} -> FISIOTERAPIS | E10: 0 | F10: 0 | G10: 0 | H10: =SUM(E10:G10) -> 0 | I10: =SUM(E10:G10)/60 -> 0 | P10: =FLOOR(IF(H10>=60,1,I10)*ID!G10,1000) -> 0 | R10: 0 | S10: 0 | T10: 0 | Y10: 0 | Z10: =(R10*ID!I10)+(S10*ID!J10)+(T10*ID!K10)+(Y10*ID!L10) -> 0
A11: =ID!A11 -> B1240101 | B11: {=_xlfn.XLOOKUP(A11,ID!$A11:A24,ID!$B11:B24)} -> DESTY TRI RAHMADHANI | C11: {=_xlfn.XLOOKUP(A11,ID!$A11:A24,ID!$C11:C24)} -> DESTY | D11: {=_xlfn.XLOOKUP(A11,ID!$A11:A24,ID!$D11:D24)} -> FISIOTERAPIS | E11: 34 | F11: 15 | G11: 20 | H11: =SUM(E11:G11) -> 69 | I11: =SUM(E11:G11)/60 -> 1.15 | P11: =FLOOR(IF(H11>=60,1,I11)*ID!G11,1000) -> 1500000 | R11: 0 | S11: 0 | T11: 1 | Y11: 1 | Z11: =(R11*ID!I11)+(S11*ID!J11)+(T11*ID!K11)+(Y11*ID!L11) -> 200000
A12: =ID!A12 -> B1241001 | B12: {=_xlfn.XLOOKUP(A12,ID!$A11:A24,ID!$B11:B24)} -> JOHANA PRITY | C12: {=_xlfn.XLOOKUP(A12,ID!$A11:A24,ID!$C11:C24)} -> PRITY | D12: {=_xlfn.XLOOKUP(A12,ID!$A11:A24,ID!$D11:D24)} -> FISIOTERAPIS | E12: 52 | F12: 4 | G12: 12 | H12: =SUM(E12:G12) -> 68 | I12: =SUM(E12:G12)/60 -> 1.1333333 | P12: =FLOOR(IF(H12>=60,1,I12)*ID!G12,1000) -> 1500000 | R12: 0 | S12: 1 | T12: 0 | Y12: 1 | Z12: =(R12*ID!I12)+(S12*ID!J12)+(T12*ID!K12)+(Y12*ID!L12) -> 150000
A13: =ID!A13 -> B1250101 | B13: {=_xlfn.XLOOKUP(A13,ID!$A12:A24,ID!$B12:B24)} -> WAHYU TRI SETYO NUGROHO | C13: {=_xlfn.XLOOKUP(A13,ID!$A12:A24,ID!$C12:C24)} -> WAHYU | D13: {=_xlfn.XLOOKUP(A13,ID!$A12:A24,ID!$D12:D24)} -> FISIOTERAPIS | E13: 61 | F13: 1 | G13: 15 | H13: =SUM(E13:G13) -> 77 | I13: =SUM(E13:G13)/60 -> 1.2833333 | P13: =FLOOR(IF(H13>=60,1,I13)*ID!G13,1000) -> 1500000 | R13: 0 | S13: 1 | T13: 0 | Y13: 0 | Z13: =(R13*ID!I13)+(S13*ID!J13)+(T13*ID!K13)+(Y13*ID!L13) -> 100000
A14: =ID!A14 -> B1250102 | B14: {=_xlfn.XLOOKUP(A14,ID!$A13:A24,ID!$B13:B24)} -> ORY KUSTI OVIANDAR | C14: {=_xlfn.XLOOKUP(A14,ID!$A13:A24,ID!$C13:C24)} -> ORY | D14: {=_xlfn.XLOOKUP(A14,ID!$A13:A24,ID!$D13:D24)} -> FISIOTERAPIS | E14: 39 | F14: 7 | G14: 22 | H14: =SUM(E14:G14) -> 68 | I14: =SUM(E14:G14)/60 -> 1.1333333 | P14: =FLOOR(IF(H14>=60,1,I14)*ID!G14,1000) -> 1500000 | R14: 0 | S14: 0 | T14: 2 | Y14: 2 | Z14: =(R14*ID!I14)+(S14*ID!J14)+(T14*ID!K14)+(Y14*ID!L14) -> 400000
A15: =ID!A15 -> B1250501 | B15: {=_xlfn.XLOOKUP(A15,ID!$A14:A24,ID!$B14:B24)} -> HENA AURA PUTRI | C15: {=_xlfn.XLOOKUP(A15,ID!$A14:A24,ID!$C14:C24)} -> HENA | D15: {=_xlfn.XLOOKUP(A15,ID!$A14:A24,ID!$D14:D24)} -> FISIOTERAPIS | E15: 53 | F15: 1 | G15: 9 | H15: =SUM(E15:G15) -> 63 | I15: =SUM(E15:G15)/60 -> 1.05 | P15: =FLOOR(IF(H15>=60,1,I15)*ID!G15,1000) -> 1500000 | R15: 0 | S15: 0 | T15: 1 | Y15: 1 | Z15: =(R15*ID!I15)+(S15*ID!J15)+(T15*ID!K15)+(Y15*ID!L15) -> 200000
A16: =ID!A16 -> B1250601 | B16: {=_xlfn.XLOOKUP(A16,ID!$A15:A24,ID!$B15:B24)} -> SRI OKTAVIA MADANI | C16: {=_xlfn.XLOOKUP(A16,ID!$A15:A24,ID!$C15:C24)} -> OKTA | D16: {=_xlfn.XLOOKUP(A16,ID!$A15:A24,ID!$D15:D24)} -> FISIOTERAPIS | E16: 43 | F16: 9 | G16: 13 | H16: =SUM(E16:G16) -> 65 | I16: =SUM(E16:G16)/60 -> 1.0833333 | P16: =FLOOR(IF(H16>=60,1,I16)*ID!G16,1000) -> 1500000 | R16: 1 | S16: 1 | T16: 1 | Y16: 2 | Z16: =(R16*ID!I16)+(S16*ID!J16)+(T16*ID!K16)+(Y16*ID!L16) -> 1250000
A17: =ID!A17 -> B1251001 | B17: {=_xlfn.XLOOKUP(A17,ID!$A16:A24,ID!$B16:B24)} -> AULIA SRI RAMADANTI | C17: {=_xlfn.XLOOKUP(A17,ID!$A16:A24,ID!$C16:C24)} -> AUL | D17: {=_xlfn.XLOOKUP(A17,ID!$A16:A24,ID!$D16:D24)} -> FISIOTERAPIS | E17: 43 | F17: 9 | G17: 18 | H17: =SUM(E17:G17) -> 70 | I17: =SUM(E17:G17)/60 -> 1.1666667 | P17: =FLOOR(IF(H17>=60,1,I17)*ID!G17,1000) -> 1500000 | R17: 1 | S17: 0 | T17: 1 | Y17: 11 | Z17: =(R17*ID!I17)+(S17*ID!J17)+(T17*ID!K17)+(Y17*ID!L17) -> 1600000
A18: =ID!A18 -> B1251201 | B18: {=_xlfn.XLOOKUP(A18,ID!$A17:A24,ID!$B17:B24)} -> PUTRI QADAR RAMA DANIA | C18: {=_xlfn.XLOOKUP(A18,ID!$A17:A24,ID!$C17:C24)} -> PUTRI | D18: {=_xlfn.XLOOKUP(A18,ID!$A17:A24,ID!$D17:D24)} -> FISIOTERAPIS | E18: 33 | F18: 9 | G18: 20 | H18: =SUM(E18:G18) -> 62 | I18: =SUM(E18:G18)/60 -> 1.0333333 | P18: =FLOOR(IF(H18>=60,1,I18)*ID!G18,1000) -> 1500000 | R18: 0 | S18: 0 | T18: 0 | Y18: 0 | Z18: =(R18*ID!I18)+(S18*ID!J18)+(T18*ID!K18)+(Y18*ID!L18) -> 0
A19: =ID!A19 -> C1260501 | B19: {=_xlfn.XLOOKUP(A19,ID!$A18:A24,ID!$B18:B24)} -> ALAMSYAH | C19: {=_xlfn.XLOOKUP(A19,ID!$A18:A24,ID!$C18:C24)} -> ALAM | D19: {=_xlfn.XLOOKUP(A19,ID!$A18:A24,ID!$D18:D24)} -> MASSEUR | J19: 23 | K19: 11 | L19: =sum(J19:K19) -> 34 | M19: =L19/39 -> 0.87179487 | N19: =if(L19>=40,1,0) -> 0 | O19: =if(L19>=70,1,0) -> 0 | P19: =FLOOR(IF(L19>=39,1,M19)*ID!G19,1000)+(N19*ID!M19)+(O19*ID!N19) -> 1220000 | U19: 0 | V19: 0 | W19: 0 | X19: 0 | Y19: 0 | Z19: =(U19*ID!O19)+(V19*ID!P19)+(W19*ID!Q19)+(X19*ID!R19) -> 0
A20: =ID!A20 -> D1260501 | B20: {=_xlfn.XLOOKUP(A20,ID!$A19:A24,ID!$B19:B24)} -> IBNU K. A. PURNAMAWANGSA | C20: {=_xlfn.XLOOKUP(A20,ID!$A19:A24,ID!$C19:C24)} -> IBNU | D20: {=_xlfn.XLOOKUP(A20,ID!$A19:A24,ID!$D19:D24)} -> STAF HR | P20: 0 | Z20: 0
P22: =SUM(P6:P20) -> 15920000 | Z22: =SUM(Z6:Z20) -> 5000000
A23: Catatan:

Sheet DENDA
A1: DENDA KARYAWAN FGS PONTIANAK
A2: =TEMP!A2 -> PERIODE SEPTEMBER 2026
A6: NO. KARYAWAN | B6: NAMA KARYAWAN | C6: ID | D6: JABATAN | E6: NOMINAL | F6: KETERANGAN
A7: =ID!A7 -> A1260201 | B7: {=_xlfn.XLOOKUP(A7,ID!$A7:A24,ID!$B7:B24)} -> DHEA NANDA KHAIRUNNISA | C7: {=_xlfn.XLOOKUP(A7,ID!$A7:A24,ID!$C7:C24)} -> DHEA | D7: {=_xlfn.XLOOKUP(A7,ID!$A7:A24,ID!$D7:D24)} -> STAF ADMINISTRASI | E7: 0
A8: =ID!A8 -> A1260601 | B8: {=_xlfn.XLOOKUP(A8,ID!$A8:A24,ID!$B8:B24)} -> NOVRITA INDRIASWARI | C8: {=_xlfn.XLOOKUP(A8,ID!$A8:A24,ID!$C8:C24)} -> ICA | D8: {=_xlfn.XLOOKUP(A8,ID!$A8:A24,ID!$D8:D24)} -> STAF ADMINISTRASI PUSAT | E8: 0
A9: =ID!A9 -> B1220101 | B9: {=_xlfn.XLOOKUP(A9,ID!$A9:A24,ID!$B9:B24)} -> HESTI SUFRESHTRI | C9: {=_xlfn.XLOOKUP(A9,ID!$A9:A24,ID!$C9:C24)} -> HESTI | D9: {=_xlfn.XLOOKUP(A9,ID!$A9:A24,ID!$D9:D24)} -> FISIOTERAPIS | E9: 0
A10: =ID!A10 -> B1221101 | B10: {=_xlfn.XLOOKUP(A10,ID!$A10:A24,ID!$B10:B24)} -> SHOFIANADA NABILLA | C10: {=_xlfn.XLOOKUP(A10,ID!$A10:A24,ID!$C10:C24)} -> NADA | D10: {=_xlfn.XLOOKUP(A10,ID!$A10:A24,ID!$D10:D24)} -> FISIOTERAPIS | E10: 0
A11: =ID!A11 -> B1240101 | B11: {=_xlfn.XLOOKUP(A11,ID!$A11:A24,ID!$B11:B24)} -> DESTY TRI RAHMADHANI | C11: {=_xlfn.XLOOKUP(A11,ID!$A11:A24,ID!$C11:C24)} -> DESTY | D11: {=_xlfn.XLOOKUP(A11,ID!$A11:A24,ID!$D11:D24)} -> FISIOTERAPIS | E11: 0
A12: =ID!A12 -> B1241001 | B12: {=_xlfn.XLOOKUP(A12,ID!$A11:A24,ID!$B11:B24)} -> JOHANA PRITY | C12: {=_xlfn.XLOOKUP(A12,ID!$A11:A24,ID!$C11:C24)} -> PRITY | D12: {=_xlfn.XLOOKUP(A12,ID!$A11:A24,ID!$D11:D24)} -> FISIOTERAPIS | E12: 0
A13: =ID!A13 -> B1250101 | B13: {=_xlfn.XLOOKUP(A13,ID!$A12:A24,ID!$B12:B24)} -> WAHYU TRI SETYO NUGROHO | C13: {=_xlfn.XLOOKUP(A13,ID!$A12:A24,ID!$C12:C24)} -> WAHYU | D13: {=_xlfn.XLOOKUP(A13,ID!$A12:A24,ID!$D12:D24)} -> FISIOTERAPIS | E13: 0
A14: =ID!A14 -> B1250102 | B14: {=_xlfn.XLOOKUP(A14,ID!$A13:A24,ID!$B13:B24)} -> ORY KUSTI OVIANDAR | C14: {=_xlfn.XLOOKUP(A14,ID!$A13:A24,ID!$C13:C24)} -> ORY | D14: {=_xlfn.XLOOKUP(A14,ID!$A13:A24,ID!$D13:D24)} -> FISIOTERAPIS | E14: 600000 | F14: DENDA TIDAK MENGIKUTI FAMILY GATHERING
A15: =ID!A15 -> B1250501 | B15: {=_xlfn.XLOOKUP(A15,ID!$A14:A24,ID!$B14:B24)} -> HENA AURA PUTRI | C15: {=_xlfn.XLOOKUP(A15,ID!$A14:A24,ID!$C14:C24)} -> HENA | D15: {=_xlfn.XLOOKUP(A15,ID!$A14:A24,ID!$D14:D24)} -> FISIOTERAPIS | E15: 0
A16: =ID!A16 -> B1250601 | B16: {=_xlfn.XLOOKUP(A16,ID!$A15:A24,ID!$B15:B24)} -> SRI OKTAVIA MADANI | C16: {=_xlfn.XLOOKUP(A16,ID!$A15:A24,ID!$C15:C24)} -> OKTA | D16: {=_xlfn.XLOOKUP(A16,ID!$A15:A24,ID!$D15:D24)} -> FISIOTERAPIS | E16: 0
A17: =ID!A17 -> B1251001 | B17: {=_xlfn.XLOOKUP(A17,ID!$A16:A24,ID!$B16:B24)} -> AULIA SRI RAMADANTI | C17: {=_xlfn.XLOOKUP(A17,ID!$A16:A24,ID!$C16:C24)} -> AUL | D17: {=_xlfn.XLOOKUP(A17,ID!$A16:A24,ID!$D16:D24)} -> FISIOTERAPIS | E17: 0
A18: =ID!A18 -> B1251201 | B18: {=_xlfn.XLOOKUP(A18,ID!$A17:A24,ID!$B17:B24)} -> PUTRI QADAR RAMA DANIA | C18: {=_xlfn.XLOOKUP(A18,ID!$A17:A24,ID!$C17:C24)} -> PUTRI | D18: {=_xlfn.XLOOKUP(A18,ID!$A17:A24,ID!$D17:D24)} -> FISIOTERAPIS | E18: 0
A19: =ID!A19 -> C1260501 | B19: {=_xlfn.XLOOKUP(A19,ID!$A18:A24,ID!$B18:B24)} -> ALAMSYAH | C19: {=_xlfn.XLOOKUP(A19,ID!$A18:A24,ID!$C18:C24)} -> ALAM | D19: {=_xlfn.XLOOKUP(A19,ID!$A18:A24,ID!$D18:D24)} -> MASSEUR | E19: 0
A20: =ID!A20 -> D1260501 | B20: {=_xlfn.XLOOKUP(A20,ID!$A19:A24,ID!$B19:B24)} -> IBNU K. A. PURNAMAWANGSA | C20: {=_xlfn.XLOOKUP(A20,ID!$A19:A24,ID!$C19:C24)} -> IBNU | D20: {=_xlfn.XLOOKUP(A20,ID!$A19:A24,ID!$D19:D24)} -> STAF HR | E20: 600000 | F20: DENDA TIDAK MENGIKUTI FAMILY GATHERING
E23: =SUM(E7:E20) -> 1200000
A24: Catatan:

Sheet SLIP
B3: Fisioterapi Gang Sehat
B4: Jl. Kesehatan Gg. Kesehatan Dalam No. 4,
B5: Pontianak, Kalimantan Barat 78115
B6: +62 813-4611-1417 / fisio.ggsehat@gmail.com
B8: Slip Gaji
B9: =TEMP!A2 -> PERIODE SEPTEMBER 2026
B11: No. Karyawan | D11: Jabatan
B12: {=_xlfn.XLOOKUP(B15,ID!B7:$B33,ID!A7:$A33)} -> B1251001 | D12: {=_xlfn.XLOOKUP(B15,ID!B7:$B33,ID!D7:$D33)} -> FISIOTERAPIS
B14: Nama Karyawan | D14: Tanggal
B15: AULIA SRI RAMADANTI | D15: =TODAY() -> 46300
B18: Komponen | F18: Pendapatan | G18: Potongan
B19: Gaji Pokok | F19: {=_xlfn.XLOOKUP(B15,ID!B7:$B33,ID!E7:$E33)} -> 1000000
B20: Tunjangan Jabatan | F20: {=_xlfn.XLOOKUP(B15,ID!B7:$B33,ID!H7:$H33)} -> 0
B21: Tunjangan Operasional | F21: {=_xlfn.XLOOKUP(B15,ABS!B7:$B33,ABS!AR7:$AR33)} -> 500000
B22: Tunjangan Insentif | F22: {=_xlfn.XLOOKUP(B15,INS!B7:$B33,INS!P7:$P33)} -> 1500000
B23: Bonus Visit | F23: {=_xlfn.XLOOKUP(B15,GAJI!B7:$B33,GAJI!F7:$F33)} -> 1600000
C24: Terlambat | G24: {=_xlfn.XLOOKUP(B15,ABS!B7:$B33,ABS!AS7:$AS33)} -> 0
C25: Tidak absen | G25: {=_xlfn.XLOOKUP(B15,ABS!B7:$B33,ABS!AT7:$AT33)} -> 0
C26: Denda | G26: {=_xlfn.XLOOKUP(B15,DENDA!$B$7:$B33,DENDA!$E$7:$E33)} -> 0
B27: {="Catatan:"&CHAR(10)&_xlfn.XLOOKUP(B15,DENDA!$B$7:$B33,DENDA!$F$7:$F33)} -> Catatan: | F27: Pendapatan | G27: =sum(F19:F23) -> 4600000
F28: Potongan | G28: =sum(G24:G26) -> 0
F29: =floor((G27-G28),1000) -> 4600000
B30: Penerima:
G33: `

Sheet CATATAN
A1: Catatan Error Penggajian
A3: No | B3: Catatan
A4: 1
A5: 2
A6: 3

Sheet AUTO INS
A1: INSENTIF FT KLINIK | G1: INSENTIF SM KLINIK | L1: INSENTIF FT VISIT
A2: =IFERROR(__xludf.DUMMYFUNCTION("importrange(""https://docs.google.com/spreadsheets/d/1aW3sXnkheKBRbfzWyPuTKDGfpreWLadXapsXPiXVWTI/edit?gid=32028930#gid=32028930"",""Ambil Data Penggajian Karyawan!O4:R17"")"),"ID") -> ID | B2: =IFERROR(__xludf.DUMMYFUNCTION("""COMPUTED_VALUE"""),"PT") -> PT | C2: =IFERROR(__xludf.DUMMYFUNCTION("""COMPUTED_VALUE"""),"ST") -> ST | D2: =IFERROR(__xludf.DUMMYFUNCTION("""COMPUTED_VALUE"""),"TA") -> TA | G2: =IFERROR(__xludf.DUMMYFUNCTION("IMPORTRANGE(""https://docs.google.com/spreadsheets/d/1gkriwcnFY3HBXnqeB5yAIfGRV5a_RuK9kR3zI8kzsZU/edit?gid=1198341984#gid=1198341984"",""Ambil Data Penggajian!H2:J3"")"),"ID") -> ID | H2: =IFERROR(__xludf.DUMMYFUNCTION("""COMPUTED_VALUE"""),"FB") -> FB | I2: =IFERROR(__xludf.DUMMYFUNCTION("""COMPUTED_VALUE"""),"SG") -> SG | L2: =IFERROR(__xludf.DUMMYFUNCTION("IMPORTRANGE(""https://docs.google.com/spreadsheets/d/1rGngrFis1E2Z1PSo8Tv63LG8vgc5otTCsxhuf5coKXw/edit?gid=2082991645#gid=2082991645"",""Visit!M2:Q12"")"),"Nama") -> Nama | M2: =IFERROR(__xludf.DUMMYFUNCTION("""COMPUTED_VALUE"""),"PT") -> PT | N2: =IFERROR(__xludf.DUMMYFUNCTION("""COMPUTED_VALUE"""),"ST") -> ST | O2: =IFERROR(__xludf.DUMMYFUNCTION("""COMPUTED_VALUE"""),"TA") -> TA | P2: =IFERROR(__xludf.DUMMYFUNCTION("""COMPUTED_VALUE"""),"Jarak") -> Jarak
A3: =IFERROR(__xludf.DUMMYFUNCTION("""COMPUTED_VALUE"""),"DHEA") -> DHEA | D3: =IFERROR(__xludf.DUMMYFUNCTION("""COMPUTED_VALUE"""),54.0) -> 54 | G3: =IFERROR(__xludf.DUMMYFUNCTION("""COMPUTED_VALUE"""),"ALAM") -> ALAM | H3: =IFERROR(__xludf.DUMMYFUNCTION("""COMPUTED_VALUE"""),4.0) -> 4 | I3: =IFERROR(__xludf.DUMMYFUNCTION("""COMPUTED_VALUE"""),2.0) -> 2 | L3: =IFERROR(__xludf.DUMMYFUNCTION("""COMPUTED_VALUE"""),"HESTI") -> HESTI | M3: =IFERROR(__xludf.DUMMYFUNCTION("""COMPUTED_VALUE"""),0.0) -> 0 | N3: =IFERROR(__xludf.DUMMYFUNCTION("""COMPUTED_VALUE"""),0.0) -> 0 | O3: =IFERROR(__xludf.DUMMYFUNCTION("""COMPUTED_VALUE"""),0.0) -> 0 | P3: =IFERROR(__xludf.DUMMYFUNCTION("""COMPUTED_VALUE"""),0.0) -> 0
A4: =IFERROR(__xludf.DUMMYFUNCTION("""COMPUTED_VALUE"""),"ICA") -> ICA | L4: =IFERROR(__xludf.DUMMYFUNCTION("""COMPUTED_VALUE"""),"NADA") -> NADA | M4: =IFERROR(__xludf.DUMMYFUNCTION("""COMPUTED_VALUE"""),0.0) -> 0 | N4: =IFERROR(__xludf.DUMMYFUNCTION("""COMPUTED_VALUE"""),0.0) -> 0 | O4: =IFERROR(__xludf.DUMMYFUNCTION("""COMPUTED_VALUE"""),0.0) -> 0 | P4: =IFERROR(__xludf.DUMMYFUNCTION("""COMPUTED_VALUE"""),0.0) -> 0
A5: =IFERROR(__xludf.DUMMYFUNCTION("""COMPUTED_VALUE"""),"HESTI") -> HESTI | B5: =IFERROR(__xludf.DUMMYFUNCTION("""COMPUTED_VALUE"""),6.0) -> 6 | C5: =IFERROR(__xludf.DUMMYFUNCTION("""COMPUTED_VALUE"""),1.0) -> 1 | D5: =IFERROR(__xludf.DUMMYFUNCTION("""COMPUTED_VALUE"""),1.0) -> 1 | L5: =IFERROR(__xludf.DUMMYFUNCTION("""COMPUTED_VALUE"""),"DESTY") -> DESTY | M5: =IFERROR(__xludf.DUMMYFUNCTION("""COMPUTED_VALUE"""),0.0) -> 0 | N5: =IFERROR(__xludf.DUMMYFUNCTION("""COMPUTED_VALUE"""),0.0) -> 0 | O5: =IFERROR(__xludf.DUMMYFUNCTION("""COMPUTED_VALUE"""),0.0) -> 0 | P5: =IFERROR(__xludf.DUMMYFUNCTION("""COMPUTED_VALUE"""),0.0) -> 0
A6: =IFERROR(__xludf.DUMMYFUNCTION("""COMPUTED_VALUE"""),"NADA") -> NADA | B6: =IFERROR(__xludf.DUMMYFUNCTION("""COMPUTED_VALUE"""),0.0) -> 0 | C6: =IFERROR(__xludf.DUMMYFUNCTION("""COMPUTED_VALUE"""),0.0) -> 0 | D6: =IFERROR(__xludf.DUMMYFUNCTION("""COMPUTED_VALUE"""),0.0) -> 0 | L6: =IFERROR(__xludf.DUMMYFUNCTION("""COMPUTED_VALUE"""),"PRITY") -> PRITY | M6: =IFERROR(__xludf.DUMMYFUNCTION("""COMPUTED_VALUE"""),0.0) -> 0 | N6: =IFERROR(__xludf.DUMMYFUNCTION("""COMPUTED_VALUE"""),0.0) -> 0 | O6: =IFERROR(__xludf.DUMMYFUNCTION("""COMPUTED_VALUE"""),0.0) -> 0 | P6: =IFERROR(__xludf.DUMMYFUNCTION("""COMPUTED_VALUE"""),0.0) -> 0
A7: =IFERROR(__xludf.DUMMYFUNCTION("""COMPUTED_VALUE"""),"DESTY") -> DESTY | B7: =IFERROR(__xludf.DUMMYFUNCTION("""COMPUTED_VALUE"""),6.0) -> 6 | C7: =IFERROR(__xludf.DUMMYFUNCTION("""COMPUTED_VALUE"""),2.0) -> 2 | D7: =IFERROR(__xludf.DUMMYFUNCTION("""COMPUTED_VALUE"""),2.0) -> 2 | L7: =IFERROR(__xludf.DUMMYFUNCTION("""COMPUTED_VALUE"""),"WAHYU") -> WAHYU | M7: =IFERROR(__xludf.DUMMYFUNCTION("""COMPUTED_VALUE"""),0.0) -> 0 | N7: =IFERROR(__xludf.DUMMYFUNCTION("""COMPUTED_VALUE"""),0.0) -> 0 | O7: =IFERROR(__xludf.DUMMYFUNCTION("""COMPUTED_VALUE"""),0.0) -> 0 | P7: =IFERROR(__xludf.DUMMYFUNCTION("""COMPUTED_VALUE"""),0.0) -> 0
A8: =IFERROR(__xludf.DUMMYFUNCTION("""COMPUTED_VALUE"""),"PRITY") -> PRITY | B8: =IFERROR(__xludf.DUMMYFUNCTION("""COMPUTED_VALUE"""),5.0) -> 5 | C8: =IFERROR(__xludf.DUMMYFUNCTION("""COMPUTED_VALUE"""),4.0) -> 4 | D8: =IFERROR(__xludf.DUMMYFUNCTION("""COMPUTED_VALUE"""),5.0) -> 5 | L8: =IFERROR(__xludf.DUMMYFUNCTION("""COMPUTED_VALUE"""),"ORY") -> ORY | M8: =IFERROR(__xludf.DUMMYFUNCTION("""COMPUTED_VALUE"""),0.0) -> 0 | N8: =IFERROR(__xludf.DUMMYFUNCTION("""COMPUTED_VALUE"""),0.0) -> 0 | O8: =IFERROR(__xludf.DUMMYFUNCTION("""COMPUTED_VALUE"""),0.0) -> 0 | P8: =IFERROR(__xludf.DUMMYFUNCTION("""COMPUTED_VALUE"""),0.0) -> 0
A9: =IFERROR(__xludf.DUMMYFUNCTION("""COMPUTED_VALUE"""),"WAHYU") -> WAHYU | B9: =IFERROR(__xludf.DUMMYFUNCTION("""COMPUTED_VALUE"""),6.0) -> 6 | C9: =IFERROR(__xludf.DUMMYFUNCTION("""COMPUTED_VALUE"""),1.0) -> 1 | D9: =IFERROR(__xludf.DUMMYFUNCTION("""COMPUTED_VALUE"""),4.0) -> 4 | L9: =IFERROR(__xludf.DUMMYFUNCTION("""COMPUTED_VALUE"""),"HENA") -> HENA | M9: =IFERROR(__xludf.DUMMYFUNCTION("""COMPUTED_VALUE"""),0.0) -> 0 | N9: =IFERROR(__xludf.DUMMYFUNCTION("""COMPUTED_VALUE"""),0.0) -> 0 | O9: =IFERROR(__xludf.DUMMYFUNCTION("""COMPUTED_VALUE"""),0.0) -> 0 | P9: =IFERROR(__xludf.DUMMYFUNCTION("""COMPUTED_VALUE"""),0.0) -> 0
A10: =IFERROR(__xludf.DUMMYFUNCTION("""COMPUTED_VALUE"""),"ORY") -> ORY | B10: =IFERROR(__xludf.DUMMYFUNCTION("""COMPUTED_VALUE"""),0.0) -> 0 | C10: =IFERROR(__xludf.DUMMYFUNCTION("""COMPUTED_VALUE"""),0.0) -> 0 | D10: =IFERROR(__xludf.DUMMYFUNCTION("""COMPUTED_VALUE"""),0.0) -> 0 | L10: =IFERROR(__xludf.DUMMYFUNCTION("""COMPUTED_VALUE"""),"OKTA") -> OKTA | M10: =IFERROR(__xludf.DUMMYFUNCTION("""COMPUTED_VALUE"""),0.0) -> 0 | N10: =IFERROR(__xludf.DUMMYFUNCTION("""COMPUTED_VALUE"""),0.0) -> 0 | O10: =IFERROR(__xludf.DUMMYFUNCTION("""COMPUTED_VALUE"""),0.0) -> 0 | P10: =IFERROR(__xludf.DUMMYFUNCTION("""COMPUTED_VALUE"""),0.0) -> 0
A11: =IFERROR(__xludf.DUMMYFUNCTION("""COMPUTED_VALUE"""),"HENA") -> HENA | B11: =IFERROR(__xludf.DUMMYFUNCTION("""COMPUTED_VALUE"""),7.0) -> 7 | C11: =IFERROR(__xludf.DUMMYFUNCTION("""COMPUTED_VALUE"""),0.0) -> 0 | D11: =IFERROR(__xludf.DUMMYFUNCTION("""COMPUTED_VALUE"""),5.0) -> 5 | L11: =IFERROR(__xludf.DUMMYFUNCTION("""COMPUTED_VALUE"""),"AUL") -> AUL | M11: =IFERROR(__xludf.DUMMYFUNCTION("""COMPUTED_VALUE"""),0.0) -> 0 | N11: =IFERROR(__xludf.DUMMYFUNCTION("""COMPUTED_VALUE"""),0.0) -> 0 | O11: =IFERROR(__xludf.DUMMYFUNCTION("""COMPUTED_VALUE"""),0.0) -> 0 | P11: =IFERROR(__xludf.DUMMYFUNCTION("""COMPUTED_VALUE"""),0.0) -> 0
A12: =IFERROR(__xludf.DUMMYFUNCTION("""COMPUTED_VALUE"""),"OKTA") -> OKTA | B12: =IFERROR(__xludf.DUMMYFUNCTION("""COMPUTED_VALUE"""),6.0) -> 6 | C12: =IFERROR(__xludf.DUMMYFUNCTION("""COMPUTED_VALUE"""),1.0) -> 1 | D12: =IFERROR(__xludf.DUMMYFUNCTION("""COMPUTED_VALUE"""),6.0) -> 6 | L12: =IFERROR(__xludf.DUMMYFUNCTION("""COMPUTED_VALUE"""),"PUTRI") -> PUTRI | M12: =IFERROR(__xludf.DUMMYFUNCTION("""COMPUTED_VALUE"""),0.0) -> 0 | N12: =IFERROR(__xludf.DUMMYFUNCTION("""COMPUTED_VALUE"""),0.0) -> 0 | O12: =IFERROR(__xludf.DUMMYFUNCTION("""COMPUTED_VALUE"""),0.0) -> 0 | P12: =IFERROR(__xludf.DUMMYFUNCTION("""COMPUTED_VALUE"""),0.0) -> 0
A13: =IFERROR(__xludf.DUMMYFUNCTION("""COMPUTED_VALUE"""),"AUL") -> AUL | B13: =IFERROR(__xludf.DUMMYFUNCTION("""COMPUTED_VALUE"""),6.0) -> 6 | C13: =IFERROR(__xludf.DUMMYFUNCTION("""COMPUTED_VALUE"""),3.0) -> 3 | D13: =IFERROR(__xludf.DUMMYFUNCTION("""COMPUTED_VALUE"""),1.0) -> 1
A14: =IFERROR(__xludf.DUMMYFUNCTION("""COMPUTED_VALUE"""),"PUTRI") -> PUTRI | B14: =IFERROR(__xludf.DUMMYFUNCTION("""COMPUTED_VALUE"""),4.0) -> 4 | C14: =IFERROR(__xludf.DUMMYFUNCTION("""COMPUTED_VALUE"""),1.0) -> 1 | D14: =IFERROR(__xludf.DUMMYFUNCTION("""COMPUTED_VALUE"""),2.0) -> 2
A15: =IFERROR(__xludf.DUMMYFUNCTION("""COMPUTED_VALUE"""),"ALAM") -> ALAM | B15: =IFERROR(__xludf.DUMMYFUNCTION("""COMPUTED_VALUE"""),0.0) -> 0 | C15: =IFERROR(__xludf.DUMMYFUNCTION("""COMPUTED_VALUE"""),0.0) -> 0 | D15: =IFERROR(__xludf.DUMMYFUNCTION("""COMPUTED_VALUE"""),0.0) -> 0
