Workbook

Sheet Revise Page Tarif Layanan
B1: Tarif Layanan
B2: Fisioterapi Gang Sehat Pontianak
B4: DATA LAMA | F4: DATA PERUBAHAN
B5: NAMA | C5: KATEGORI | D5: SESI | E5: HARGA (RP) | F5: NAMA 2 | G5: KATEGORI 2 | H5: PERTEMUAN | I5: HARGA (RP) 2 | J5: DURASI PER PERTEMUAN (MENIT) | K5: KETERANGAN
B6: TUKAR TUNAI | C6: LAINNYA | D6: - | E6: - | F6: - | G6: - | H6: - | I6: - | J6: - | K6: Tukar Tunai adalah pengeluaran. Halaman ini hanya daftar pemasukan sesuai pricelist.
B7: Paket Khusus | C7: PAKET KLINIK | D7: 10 | E7: 500000 | F7: - | G7: - | H7: - | I7: - | J7: - | K7: Tidak ada Paket Khusus dalam pricelist. Jika diskon khusus dapat diinput ke tab diskon.
B8: PAKET SM SEGMENTAL | C8: PAKET SPORT MASSAGE | D8: - | E8: 440000 | F8: - | G8: - | H8: - | I8: - | J8: - | K8: Duplikat. Nama sudah ada (identik) tapi kategori beda.
B9: Sport Massage | C9: SESI KLINIK | D9: 1 | E9: 150000 | F9: - | G9: - | H9: - | I9: - | J9: - | K9: Harga lama. Layanan sudah tidak berlaku.
B10: Paket Penyesuaian | C10: SESI KLINIK | D10: 3 | E10: - | F10: - | G10: - | H10: - | I10: - | J10: - | K10: Tidak ada paket penyesuaian dalam pricelist.
B11: Paket 1 | C11: PAKET KLINIK | D11: 5 | E11: 650000 | F11: PAKET 1 FISIOTERAPI | G11: KLINIK - FT PAKET | H11: 5 | I11: 650000 | J11: 60 | K11: -
B12: Paket 2 | C12: PAKET KLINIK | D12: 10 | E12: 1200000 | F12: PAKET 2 FISIOTERAPI | G12: KLINIK - FT PAKET | H12: 10 | I12: 1200000 | J12: 60 | K12: -
B13: Paket Gold | C13: PAKET KLINIK | D13: 10 | E13: 1300000 | F13: PAKET GOLD FISIOTERAPI | G13: KLINIK - FT PAKET | H13: 10 | I13: 1300000 | J13: 60 | K13: -
B14: Paket Platinum | C14: PAKET KLINIK | D14: 20 | E14: 2400000 | F14: PAKET PLATINUM FISIOTERAPI | G14: KLINIK - FT PAKET | H14: 20 | I14: 2400000 | J14: 60 | K14: -
B15: Paket Silver | C15: PAKET KLINIK | D15: 5 | E15: 750000 | F15: PAKET SILVER FISIOTERAPI | G15: KLINIK - FT PAKET | H15: 5 | I15: 750000 | J15: 60 | K15: -
B16: Sesi Terapi | C16: SESI KLINIK | D16: 1 | E16: 180000 | F16: SESI FISIOTERAPI | G16: KLINIK - FT SESI | H16: 1 | I16: 180000 | J16: 60 | K16: -
B17: Sesi | C17: SESI KLINIK | D17: 1 | E17: 150000 | F17: SESI FISIOTERAPI LAMA | G17: KLINIK - FT SESI | H17: 1 | I17: 150000 | J17: 60 | K17: -
B18: Terapi Awal | C18: TA KLINIK | D18: - | E18: 250000 | F18: TERAPI AWAL FISIOTERAPI | G18: KLINIK - FT TERAPI AWAL | H18: 1 | I18: 250000 | J18: 60 | K18: -
B19: - | C19: - | D19: - | E19: - | F19: PAKET 1 KELAS LANSIA | G19: KLINIK - KL PAKET | H19: 4 | I19: 160000 | J19: 60 | K19: Layanan ini tidak ada di data lama karena belum pernah diinput sebelumnya.
B20: - | C20: - | D20: - | E20: - | F20: PAKET 1 PRIVAT COUPLE LANSIA | G20: KLINIK - KL PAKET | H20: 4 | I20: 760000 | J20: 60 | K20: Layanan ini tidak ada di data lama karena belum pernah diinput sebelumnya.
B21: - | C21: - | D21: - | E21: - | F21: PAKET 1 PRIVAT LANSIA | G21: KLINIK - KL PAKET | H21: 4 | I21: 400000 | J21: 60 | K21: Layanan ini tidak ada di data lama karena belum pernah diinput sebelumnya.
B22: - | C22: - | D22: - | E22: - | F22: PAKET 2 KELAS LANSIA | G22: KLINIK - KL PAKET | H22: 8 | I22: 240000 | J22: 60 | K22: Layanan ini tidak ada di data lama karena belum pernah diinput sebelumnya.
B23: - | C23: - | D23: - | E23: - | F23: PAKET 2 PRIVAT COUPLE LANSIA | G23: KLINIK - KL PAKET | H23: 8 | I23: 1440000 | J23: 60 | K23: Layanan ini tidak ada di data lama karena belum pernah diinput sebelumnya.
B24: - | C24: - | D24: - | E24: - | F24: PAKET 2 PRIVAT LANSIA | G24: KLINIK - KL PAKET | H24: 8 | I24: 720000 | J24: 60 | K24: Layanan ini tidak ada di data lama karena belum pernah diinput sebelumnya.
B25: - | C25: - | D25: - | E25: - | F25: PAKET 3 PRIVAT COUPLE LANSIA | G25: KLINIK - KL PAKET | H25: 12 | I25: 2040000 | J25: 60 | K25: Layanan ini tidak ada di data lama karena belum pernah diinput sebelumnya.
B26: - | C26: - | D26: - | E26: - | F26: PAKET 3 PRIVAT LANSIA | G26: KLINIK - KL PAKET | H26: 12 | I26: 960000 | J26: 60 | K26: Layanan ini tidak ada di data lama karena belum pernah diinput sebelumnya.
B27: - | C27: - | D27: - | E27: - | F27: SESI KELAS LANSIA | G27: KLINIK - KL SESI | H27: 1 | I27: 50000 | J27: 60 | K27: Layanan ini tidak ada di data lama karena belum pernah diinput sebelumnya.
B28: - | C28: - | D28: - | E28: - | F28: SESI PRIVAT COUPLE LANSIA | G28: KLINIK - KL SESI | H28: 1 | I28: 200000 | J28: 60 | K28: Layanan ini tidak ada di data lama karena belum pernah diinput sebelumnya.
B29: - | C29: - | D29: - | E29: - | F29: SESI PRIVAT LANSIA | G29: KLINIK - KL SESI | H29: 1 | I29: 110000 | J29: 60 | K29: Layanan ini tidak ada di data lama karena belum pernah diinput sebelumnya.
B30: - | C30: - | D30: - | E30: - | F30: PAKET GOLD KELAS SKOLIOSIS | G30: KLINIK - KS PAKET | H30: 8 | I30: 800000 | J30: 60 | K30: Layanan ini tidak ada di data lama karena belum pernah diinput sebelumnya.
... B33: - | C33: - | D33: - | E33: - | F33: SESI KELAS SKOLIOSIS | G33: KLINIK - KS SESI | H33: 1 | I33: 110000 | J33: 60 | K33: Layanan ini tidak ada di data lama karena belum pernah diinput sebelumnya.
B34: PAKET SM COMBO | C34: SPORT MASSAGE | D34: 3 | E34: 460000 | F34: PAKET COMBO 1 SPORTS MASSAGE | G34: KLINIK - SM PAKET | H34: 3 | I34: 460000 | J34: - | K34: Paket ini adalah kombinasi 2 layanan: 2x SESI FULL BODY SPORTS MASSAGE dan 1x SESI SEGMENTAL SPORTS MASSAGE
B35: PAKET SM COMBO 2 | C35: SPORT MASSAGE | D35: 4 | E35: 500000 | F35: PAKET COMBO 2 SPORTS MASSAGE | G35: KLINIK - SM PAKET | H35: 4 | I35: 500000 | J35: - | K35: Paket ini adalah kombinasi 2 layanan: 1x SESI FULL BODY SPORTS MASSAGE dan 3x SESI SEGMENTAL SPORTS MASSAGE
B36: Paket Combo SM Full | C36: SPORT MASSAGE | D36: 3 | E36: 525000 | F36: PAKET FULL BODY SPORTS MASSAGE | G36: KLINIK - SM PAKET | H36: 3 | I36: 525000 | J36: 90 | K36: -
B37: PAKET SM SEGMENTAL | C37: SPORT MASSAGE | D37: 4 | E37: 440000 | F37: PAKET SEGMENTAL SPORTS MASSAGE | G37: KLINIK - SM PAKET | H37: 4 | I37: 440000 | J37: 60 | K37: -
B38: Full body SM | C38: SPORT MASSAGE | D38: 2 | E38: 195000 | F38: SESI FULL BODY SPORTS MASSAGE | G38: KLINIK - SM SESI | H38: 1 | I38: 195000 | J38: 90 | K38: -
B39: Segmental SM | C39: SPORT MASSAGE | D39: 1 | E39: 125000 | F39: SESI SEGMENTAL SPORTS MASSAGE | G39: KLINIK - SM SESI | H39: 1 | I39: 125000 | J39: 60 | K39: -
B40: Pakt Home Visit | C40: PAKET VISIT | D40: 10 | E40: 1800000 | F40: PAKET FISIOTERAPI HOME VISIT | G40: VISIT - FT PAKET | H40: 10 | I40: 1800000 | J40: 60 | K40: -
B41: - | C41: - | D41: - | E41: - | F41: PAKET FISIOTERAPI HOME VISIT + JARAK | G41: VISIT - FT PAKET | H41: 10 | I41: 1800000 | J41: 60 | K41: Layanan ini tidak ada di data lama karena belum pernah diinput sebelumnya.
B42: - | C42: - | D42: - | E42: - | F42: SESI FISIOTERAPI HOME VISIT | G42: VISIT - FT SESI | H42: 1 | I42: 200000 | J42: 60 | K42: Layanan ini tidak ada di data lama karena belum pernah diinput sebelumnya.
B43: - | C43: - | D43: - | E43: - | F43: SESI FISIOTERAPI HOME VISIT + JARAK | G43: VISIT - FT SESI | H43: 1 | I43: 250000 | J43: 60 | K43: Layanan ini tidak ada di data lama karena belum pernah diinput sebelumnya.
B44: Home Visit | C44: TA VISIT | D44: 1 | E44: 300000 | F44: TERAPI AWAL FISIOTERAPI HOME VISIT | G44: VISIT - FT TERAPI AWAL | H44: 1 | I44: 300000 | J44: 60 | K44: -
B45: - | C45: - | D45: - | E45: - | F45: TERAPI AWAL FISIOTERAPI HOME VISIT + JARAK | G45: VISIT - FT TERAPI AWAL | H45: 1 | I45: 350000 | J45: 60 | K45: -
B46: - | C46: - | D46: - | E46: - | F46: PAKET 1 PRIVAT KEBUGARAN HOME VISIT | G46: VISIT - KL PAKET | H46: 4 | I46: 640000 | J46: 60 | K46: Layanan ini tidak ada di data lama karena belum pernah diinput sebelumnya.
B47: - | C47: - | D47: - | E47: - | F47: PAKET 1 PRIVAT KEBUGARAN HOME VISIT + JARAK | G47: VISIT - KL PAKET | H47: 4 | I47: =(H47*50000)+I42 -> 400000 | J47: 60 | K47: Layanan ini tidak ada di data lama karena belum pernah diinput sebelumnya.
B48: - | C48: - | D48: - | E48: - | F48: PAKET 2 PRIVAT KEBUGARAN HOME VISIT | G48: VISIT - KL PAKET | H48: 8 | I48: 1200000 | J48: 60 | K48: Layanan ini tidak ada di data lama karena belum pernah diinput sebelumnya.
B49: - | C49: - | D49: - | E49: - | F49: PAKET 2 PRIVAT KEBUGARAN HOME VISIT + JARAK | G49: VISIT - KL PAKET | H49: 8 | I49: =(H49*50000)+I44 -> 700000 | J49: 60 | K49: Layanan ini tidak ada di data lama karena belum pernah diinput sebelumnya.
B50: - | C50: - | D50: - | E50: - | F50: PAKET 3 PRIVAT KEBUGARAN HOME VISIT | G50: VISIT - KL PAKET | H50: 12 | I50: 1680000 | J50: 60 | K50: Layanan ini tidak ada di data lama karena belum pernah diinput sebelumnya.
B51: - | C51: - | D51: - | E51: - | F51: PAKET 3 PRIVAT KEBUGARAN HOME VISIT + JARAK | G51: VISIT - KL PAKET | H51: 12 | I51: =(H51*50000)+I47 -> 1000000 | J51: 60 | K51: Layanan ini tidak ada di data lama karena belum pernah diinput sebelumnya.
B52: - | C52: - | D52: - | E52: - | F52: SESI PRIVAT KEBUGARAN HOME VISIT | G52: VISIT - KL SESI | H52: 1 | I52: 170000 | J52: 60 | K52: Layanan ini tidak ada di data lama karena belum pernah diinput sebelumnya.
B53: - | C53: - | D53: - | E53: - | F53: SESI PRIVAT KEBUGARAN HOME VISIT + JARAK | G53: VISIT - KL SESI | H53: 1 | I53: =(H53*50000)+I49 -> 750000 | J53: 60 | K53: Layanan ini tidak ada di data lama karena belum pernah diinput sebelumnya.
B54: - | C54: - | D54: - | E54: - | F54: PAKET FULL BODY SPORTS MASSAGE HOME VISIT | G54: VISIT - SM PAKET | H54: 2 | I54: 570000 | J54: 90 | K54: Layanan ini tidak ada di data lama karena belum pernah diinput sebelumnya.
B55: - | C55: - | D55: - | E55: - | F55: PAKET FULL BODY SPORTS MASSAGE HOME VISIT + JARAK | G55: VISIT - SM PAKET | H55: 2 | I55: =(50000*H55)+I53 -> 850000 | J55: 90 | K55: Layanan ini tidak ada di data lama karena belum pernah diinput sebelumnya.
B56: - | C56: - | D56: - | E56: - | F56: PAKET SEGMENTAL SPORTS MASSAGE HOME VISIT | G56: VISIT - SM PAKET | H56: 3 | I56: 540000 | J56: 60 | K56: Layanan ini tidak ada di data lama karena belum pernah diinput sebelumnya.
B57: - | C57: - | D57: - | E57: - | F57: PAKET SEGMENTAL SPORTS MASSAGE HOME VISIT + JARAK | G57: VISIT - SM PAKET | H57: 3 | I57: =(50000*H57)+I55 -> 1000000 | J57: 60 | K57: Layanan ini tidak ada di data lama karena belum pernah diinput sebelumnya.
B58: - | C58: - | D58: - | E58: - | F58: SESI FULL BODY SPORTS MASSAGE HOME VISIT | G58: VISIT - SM SESI | H58: 1 | I58: 300000 | J58: 90 | K58: Layanan ini tidak ada di data lama karena belum pernah diinput sebelumnya.
B59: - | C59: - | D59: - | E59: - | F59: SESI FULL BODY SPORTS MASSAGE HOME VISIT + JARAK | G59: VISIT - SM SESI | H59: 1 | I59: =(50000*H59)+I57 -> 1050000 | J59: 90 | K59: Layanan ini tidak ada di data lama karena belum pernah diinput sebelumnya.
B60: - | C60: - | D60: - | E60: - | F60: SESI SEGMENTAL SPORTS MASSAGE HOME VISIT | G60: VISIT - SM SESI | H60: 1 | I60: 190000 | J60: 60 | K60: Layanan ini tidak ada di data lama karena belum pernah diinput sebelumnya.
B61: - | C61: - | D61: - | E61: - | F61: SESI SEGMENTAL SPORTS MASSAGE HOME VISIT + JARAK | G61: VISIT - SM SESI | H61: 1 | I61: =(50000*H61)+I59 -> 1100000 | J61: 60 | K61: Layanan ini tidak ada di data lama karena belum pernah diinput sebelumnya.

Sheet Revise Supabase
B1: Tarif Layanan
B2: Fisioterapi Gang Sehat Pontianak
B4: False Description | C4: True Description | D4: True Category | E4: True Price (Rp) | F4: Notes
B5: AIR MINERAL ×1 | C5: - | D5: - | E5: {=_xlfn.XLOOKUP(C5,'Revise Page Tarif Layanan'!$F$6:$F927,'Revise Page Tarif Layanan'!$I$6:$I927)} -> - | F5: PENGELUARAN
B6: AIR MINERAL ×2 | C6: - | D6: - | E6: {=_xlfn.XLOOKUP(C6,'Revise Page Tarif Layanan'!$F$6:$F927,'Revise Page Tarif Layanan'!$I$6:$I927)} -> - | F6: PENGELUARAN
B7: AN SUMIATI 172 | C7: - | D7: - | E7: {=_xlfn.XLOOKUP(C7,'Revise Page Tarif Layanan'!$F$6:$F927,'Revise Page Tarif Layanan'!$I$6:$I927)} -> - | F7: NAMA PASIEN (?)
B8: AN. ARRON | C8: - | D8: - | E8: {=_xlfn.XLOOKUP(C8,'Revise Page Tarif Layanan'!$F$6:$F927,'Revise Page Tarif Layanan'!$I$6:$I927)} -> - | F8: NAMA PASIEN (?)
B9: AN. AZMAN | C9: - | D9: - | E9: {=_xlfn.XLOOKUP(C9,'Revise Page Tarif Layanan'!$F$6:$F927,'Revise Page Tarif Layanan'!$I$6:$I927)} -> - | F9: NAMA PASIEN (?)
B10: an. Muhammad Athallah Raisyauqi | C10: - | D10: - | E10: {=_xlfn.XLOOKUP(C10,'Revise Page Tarif Layanan'!$F$6:$F927,'Revise Page Tarif Layanan'!$I$6:$I927)} -> - | F10: NAMA PASIEN (?)
B11: AN. YOVINKA SUTIONO | C11: - | D11: - | E11: {=_xlfn.XLOOKUP(C11,'Revise Page Tarif Layanan'!$F$6:$F927,'Revise Page Tarif Layanan'!$I$6:$I927)} -> - | F11: NAMA PASIEN (?)
B12: ANDIKA | C12: - | D12: - | E12: {=_xlfn.XLOOKUP(C12,'Revise Page Tarif Layanan'!$F$6:$F927,'Revise Page Tarif Layanan'!$I$6:$I927)} -> - | F12: NAMA PASIEN (?)
B13: BALANCE TUKAR TUNAI | C13: - | D13: - | E13: {=_xlfn.XLOOKUP(C13,'Revise Page Tarif Layanan'!$F$6:$F927,'Revise Page Tarif Layanan'!$I$6:$I927)} -> - | F13: PENGELUARAN
B14: BEASISWA BG ED0 | C14: - | D14: - | E14: {=_xlfn.XLOOKUP(C14,'Revise Page Tarif Layanan'!$F$6:$F927,'Revise Page Tarif Layanan'!$I$6:$I927)} -> - | F14: DISKON
B15: BELI ICE BAG | C15: - | D15: - | E15: {=_xlfn.XLOOKUP(C15,'Revise Page Tarif Layanan'!$F$6:$F927,'Revise Page Tarif Layanan'!$I$6:$I927)} -> - | F15: TOKO
B16: DEDDY TANJAYA | C16: - | D16: - | E16: {=_xlfn.XLOOKUP(C16,'Revise Page Tarif Layanan'!$F$6:$F927,'Revise Page Tarif Layanan'!$I$6:$I927)} -> - | F16: NAMA PASIEN (?)
B17: DISKON BG EDO | C17: - | D17: - | E17: {=_xlfn.XLOOKUP(C17,'Revise Page Tarif Layanan'!$F$6:$F927,'Revise Page Tarif Layanan'!$I$6:$I927)} -> - | F17: DISKON
B18: DOKU GS261009CA47NVDY · QRIS · ref 602c0643-7605-44d6-a264-0464b5091cc3 | C18: - | D18: - | E18: {=_xlfn.XLOOKUP(C18,'Revise Page Tarif Layanan'!$F$6:$F927,'Revise Page Tarif Layanan'!$I$6:$I927)} -> - | F18: (?)
B19: ENDANG MULYANI | C19: - | D19: - | E19: {=_xlfn.XLOOKUP(C19,'Revise Page Tarif Layanan'!$F$6:$F927,'Revise Page Tarif Layanan'!$I$6:$I927)} -> - | F19: NAMA PASIEN (?)
B20: FITRA ISWANDI | C20: - | D20: - | E20: {=_xlfn.XLOOKUP(C20,'Revise Page Tarif Layanan'!$F$6:$F927,'Revise Page Tarif Layanan'!$I$6:$I927)} -> - | F20: NAMA PASIEN (?)
B21: Full body SM | C21: SESI FULL BODY SPORTS MASSAGE | D21: KLINIK - SM SESI | E21: {=_xlfn.XLOOKUP(C21,'Revise Page Tarif Layanan'!$F$6:$F927,'Revise Page Tarif Layanan'!$I$6:$I927)} -> 195000 | F21: -
B22: Home Visit | C22: TERAPI AWAL FISIOTERAPI HOME VISIT | D22: VISIT - FT TERAPI AWAL | E22: {=_xlfn.XLOOKUP(C22,'Revise Page Tarif Layanan'!$F$6:$F927,'Revise Page Tarif Layanan'!$I$6:$I927)} -> 300000 | F22: -
B23: Impor data historis (KODE: TRX/2025/09/0002) · tanggal dari sistem order (tidak ditemukan di buku kas) | C23: - | D23: - | E23: {=_xlfn.XLOOKUP(C23,'Revise Page Tarif Layanan'!$F$6:$F927,'Revise Page Tarif Layanan'!$I$6:$I927)} -> - | F23: DATA IMPOR (?)
B24: Impor data historis (KODE: TRX/2025/09/0007) · tanggal dari sistem order (tidak ditemukan di buku kas) | C24: - | D24: - | E24: {=_xlfn.XLOOKUP(C24,'Revise Page Tarif Layanan'!$F$6:$F927,'Revise Page Tarif Layanan'!$I$6:$I927)} -> - | F24: DATA IMPOR (?)
B25: Impor data historis (KODE: TRX/2025/09/0012) · tanggal dari sistem order (tidak ditemukan di buku kas) | C25: - | D25: - | E25: {=_xlfn.XLOOKUP(C25,'Revise Page Tarif Layanan'!$F$6:$F927,'Revise Page Tarif Layanan'!$I$6:$I927)} -> - | F25: DATA IMPOR (?)
B26: Impor data historis (KODE: TRX/2025/09/0013) · tanggal dari sistem order (tidak ditemukan di buku kas) | C26: - | D26: - | E26: {=_xlfn.XLOOKUP(C26,'Revise Page Tarif Layanan'!$F$6:$F927,'Revise Page Tarif Layanan'!$I$6:$I927)} -> - | F26: DATA IMPOR (?)
B27: Impor data historis (KODE: TRX/2025/09/0014) · tanggal dari sistem order (tidak ditemukan di buku kas) | C27: - | D27: - | E27: {=_xlfn.XLOOKUP(C27,'Revise Page Tarif Layanan'!$F$6:$F927,'Revise Page Tarif Layanan'!$I$6:$I927)} -> - | F27: DATA IMPOR (?)
B28: Impor data historis (KODE: TRX/2025/09/0017) | C28: - | D28: - | E28: {=_xlfn.XLOOKUP(C28,'Revise Page Tarif Layanan'!$F$6:$F927,'Revise Page Tarif Layanan'!$I$6:$I927)} -> - | F28: DATA IMPOR (?)
B29: Impor data historis (KODE: TRX/2025/09/0018) · tanggal dari sistem order (tidak ditemukan di buku kas) | C29: - | D29: - | E29: {=_xlfn.XLOOKUP(C29,'Revise Page Tarif Layanan'!$F$6:$F927,'Revise Page Tarif Layanan'!$I$6:$I927)} -> - | F29: DATA IMPOR (?)
B30: Impor data historis (KODE: TRX/2025/09/0022) · tanggal dari sistem order (tidak ditemukan di buku kas) | C30: - | D30: - | E30: {=_xlfn.XLOOKUP(C30,'Revise Page Tarif Layanan'!$F$6:$F927,'Revise Page Tarif Layanan'!$I$6:$I927)} -> - | F30: DATA IMPOR (?)
B31: Impor data historis (KODE: TRX/2025/09/0023) · tanggal dari sistem order (tidak ditemukan di buku kas) | C31: - | D31: - | E31: {=_xlfn.XLOOKUP(C31,'Revise Page Tarif Layanan'!$F$6:$F927,'Revise Page Tarif Layanan'!$I$6:$I927)} -> - | F31: DATA IMPOR (?)
B32: Impor data historis (KODE: TRX/2025/10/0001) · tanggal dari sistem order (tidak ditemukan di buku kas) | C32: - | D32: - | E32: {=_xlfn.XLOOKUP(C32,'Revise Page Tarif Layanan'!$F$6:$F927,'Revise Page Tarif Layanan'!$I$6:$I927)} -> - | F32: DATA IMPOR (?)
B33: Impor data historis (KODE: TRX/2025/10/0004) | C33: - | D33: - | E33: {=_xlfn.XLOOKUP(C33,'Revise Page Tarif Layanan'!$F$6:$F927,'Revise Page Tarif Layanan'!$I$6:$I927)} -> - | F33: DATA IMPOR (?)
B34: Impor data historis (KODE: TRX/2025/10/0005) · tanggal dari sistem order (tidak ditemukan di buku kas) | C34: - | D34: - | E34: {=_xlfn.XLOOKUP(C34,'Revise Page Tarif Layanan'!$F$6:$F927,'Revise Page Tarif Layanan'!$I$6:$I927)} -> - | F34: DATA IMPOR (?)
B35: Impor data historis (KODE: TRX/2025/10/0006) · tanggal dari sistem order (tidak ditemukan di buku kas) | C35: - | D35: - | E35: {=_xlfn.XLOOKUP(C35,'Revise Page Tarif Layanan'!$F$6:$F927,'Revise Page Tarif Layanan'!$I$6:$I927)} -> - | F35: DATA IMPOR (?)
B36: Impor data historis (KODE: TRX/2025/10/0007) · tanggal dari sistem order (tidak ditemukan di buku kas) | C36: - | D36: - | E36: {=_xlfn.XLOOKUP(C36,'Revise Page Tarif Layanan'!$F$6:$F927,'Revise Page Tarif Layanan'!$I$6:$I927)} -> - | F36: DATA IMPOR (?)
B37: Impor data historis (KODE: TRX/2025/10/0008) · tanggal dari sistem order (tidak ditemukan di buku kas) | C37: - | D37: - | E37: {=_xlfn.XLOOKUP(C37,'Revise Page Tarif Layanan'!$F$6:$F927,'Revise Page Tarif Layanan'!$I$6:$I927)} -> - | F37: DATA IMPOR (?)
B38: Impor data historis (KODE: TRX/2025/10/0011) · tanggal dari sistem order (tidak ditemukan di buku kas) | C38: - | D38: - | E38: {=_xlfn.XLOOKUP(C38,'Revise Page Tarif Layanan'!$F$6:$F927,'Revise Page Tarif Layanan'!$I$6:$I927)} -> - | F38: DATA IMPOR (?)
B39: Impor data historis (KODE: TRX/2025/10/0012) · tanggal dari sistem order (tidak ditemukan di buku kas) | C39: - | D39: - | E39: {=_xlfn.XLOOKUP(C39,'Revise Page Tarif Layanan'!$F$6:$F927,'Revise Page Tarif Layanan'!$I$6:$I927)} -> - | F39: DATA IMPOR (?)
B40: Impor data historis (KODE: TRX/2025/10/0018) | C40: - | D40: - | E40: {=_xlfn.XLOOKUP(C40,'Revise Page Tarif Layanan'!$F$6:$F927,'Revise Page Tarif Layanan'!$I$6:$I927)} -> - | F40: DATA IMPOR (?)
B41: Impor data historis (KODE: TRX/2025/10/0019) · tanggal dari sistem order (tidak ditemukan di buku kas) | C41: - | D41: - | E41: {=_xlfn.XLOOKUP(C41,'Revise Page Tarif Layanan'!$F$6:$F927,'Revise Page Tarif Layanan'!$I$6:$I927)} -> - | F41: DATA IMPOR (?)
B42: Impor data historis (KODE: TRX/2025/10/0020) · tanggal dari sistem order (tidak ditemukan di buku kas) | C42: - | D42: - | E42: {=_xlfn.XLOOKUP(C42,'Revise Page Tarif Layanan'!$F$6:$F927,'Revise Page Tarif Layanan'!$I$6:$I927)} -> - | F42: DATA IMPOR (?)
B43: Impor data historis (KODE: TRX/2025/10/0021) · tanggal dari sistem order (tidak ditemukan di buku kas) | C43: - | D43: - | E43: {=_xlfn.XLOOKUP(C43,'Revise Page Tarif Layanan'!$F$6:$F927,'Revise Page Tarif Layanan'!$I$6:$I927)} -> - | F43: DATA IMPOR (?)
B44: Impor data historis (KODE: TRX/2025/10/0022) · tanggal dari sistem order (tidak ditemukan di buku kas) | C44: - | D44: - | E44: {=_xlfn.XLOOKUP(C44,'Revise Page Tarif Layanan'!$F$6:$F927,'Revise Page Tarif Layanan'!$I$6:$I927)} -> - | F44: DATA IMPOR (?)
B45: Impor data historis (KODE: TRX/2025/10/0023) · tanggal dari sistem order (tidak ditemukan di buku kas) | C45: - | D45: - | E45: {=_xlfn.XLOOKUP(C45,'Revise Page Tarif Layanan'!$F$6:$F927,'Revise Page Tarif Layanan'!$I$6:$I927)} -> - | F45: DATA IMPOR (?)
B46: Impor data historis (KODE: TRX/2025/10/0024) · tanggal dari sistem order (tidak ditemukan di buku kas) | C46: - | D46: - | E46: {=_xlfn.XLOOKUP(C46,'Revise Page Tarif Layanan'!$F$6:$F927,'Revise Page Tarif Layanan'!$I$6:$I927)} -> - | F46: DATA IMPOR (?)
B47: Impor data historis (KODE: TRX/2025/10/0025) | C47: - | D47: - | E47: {=_xlfn.XLOOKUP(C47,'Revise Page Tarif Layanan'!$F$6:$F927,'Revise Page Tarif Layanan'!$I$6:$I927)} -> - | F47: DATA IMPOR (?)
B48: Impor data historis (KODE: TRX/2025/10/0026) · tanggal dari sistem order (tidak ditemukan di buku kas) | C48: - | D48: - | E48: {=_xlfn.XLOOKUP(C48,'Revise Page Tarif Layanan'!$F$6:$F927,'Revise Page Tarif Layanan'!$I$6:$I927)} -> - | F48: DATA IMPOR (?)
B49: Impor data historis (KODE: TRX/2025/10/0027) · tanggal dari sistem order (tidak ditemukan di buku kas) | C49: - | D49: - | E49: {=_xlfn.XLOOKUP(C49,'Revise Page Tarif Layanan'!$F$6:$F927,'Revise Page Tarif Layanan'!$I$6:$I927)} -> - | F49: DATA IMPOR (?)
B50: Impor data historis (KODE: TRX/2025/10/0028) · tanggal dari sistem order (tidak ditemukan di buku kas) | C50: - | D50: - | E50: {=_xlfn.XLOOKUP(C50,'Revise Page Tarif Layanan'!$F$6:$F927,'Revise Page Tarif Layanan'!$I$6:$I927)} -> - | F50: DATA IMPOR (?)
B51: Impor data historis (KODE: TRX/2025/10/0030) · tanggal dari sistem order (tidak ditemukan di buku kas) | C51: - | D51: - | E51: {=_xlfn.XLOOKUP(C51,'Revise Page Tarif Layanan'!$F$6:$F927,'Revise Page Tarif Layanan'!$I$6:$I927)} -> - | F51: DATA IMPOR (?)
B52: Impor data historis (KODE: TRX/2025/10/0031) · tanggal dari sistem order (tidak ditemukan di buku kas) | C52: - | D52: - | E52: {=_xlfn.XLOOKUP(C52,'Revise Page Tarif Layanan'!$F$6:$F927,'Revise Page Tarif Layanan'!$I$6:$I927)} -> - | F52: DATA IMPOR (?)
B53: Impor data historis (KODE: TRX/2025/10/0032) · tanggal dari sistem order (tidak ditemukan di buku kas) | C53: - | D53: - | E53: {=_xlfn.XLOOKUP(C53,'Revise Page Tarif Layanan'!$F$6:$F927,'Revise Page Tarif Layanan'!$I$6:$I927)} -> - | F53: DATA IMPOR (?)
B54: Impor data historis (KODE: TRX/2025/10/0034) · tanggal dari sistem order (tidak ditemukan di buku kas) | C54: - | D54: - | E54: {=_xlfn.XLOOKUP(C54,'Revise Page Tarif Layanan'!$F$6:$F927,'Revise Page Tarif Layanan'!$I$6:$I927)} -> - | F54: DATA IMPOR (?)
B55: Impor data historis (KODE: TRX/2025/10/0036) · tanggal dari sistem order (tidak ditemukan di buku kas) | C55: - | D55: - | E55: {=_xlfn.XLOOKUP(C55,'Revise Page Tarif Layanan'!$F$6:$F927,'Revise Page Tarif Layanan'!$I$6:$I927)} -> - | F55: DATA IMPOR (?)
B56: Impor data historis (KODE: TRX/2025/10/0037) · tanggal dari sistem order (tidak ditemukan di buku kas) | C56: - | D56: - | E56: {=_xlfn.XLOOKUP(C56,'Revise Page Tarif Layanan'!$F$6:$F927,'Revise Page Tarif Layanan'!$I$6:$I927)} -> - | F56: DATA IMPOR (?)
B57: Impor data historis (KODE: TRX/2025/10/0041) · tanggal dari sistem order (tidak ditemukan di buku kas) | C57: - | D57: - | E57: {=_xlfn.XLOOKUP(C57,'Revise Page Tarif Layanan'!$F$6:$F927,'Revise Page Tarif Layanan'!$I$6:$I927)} -> - | F57: DATA IMPOR (?)
B58: Impor data historis (KODE: TRX/2025/10/0044) · tanggal dari sistem order (tidak ditemukan di buku kas) | C58: - | D58: - | E58: {=_xlfn.XLOOKUP(C58,'Revise Page Tarif Layanan'!$F$6:$F927,'Revise Page Tarif Layanan'!$I$6:$I927)} -> - | F58: DATA IMPOR (?)
B59: Impor data historis (KODE: TRX/2025/10/0046) · tanggal dari sistem order (tidak ditemukan di buku kas) | C59: - | D59: - | E59: {=_xlfn.XLOOKUP(C59,'Revise Page Tarif Layanan'!$F$6:$F927,'Revise Page Tarif Layanan'!$I$6:$I927)} -> - | F59: DATA IMPOR (?)
B60: Impor data historis (KODE: TRX/2025/10/0047) | C60: - | D60: - | E60: {=_xlfn.XLOOKUP(C60,'Revise Page Tarif Layanan'!$F$6:$F927,'Revise Page Tarif Layanan'!$I$6:$I927)} -> - | F60: DATA IMPOR (?)
B61: Impor data historis (KODE: TRX/2025/10/0048) · tanggal dari sistem order (tidak ditemukan di buku kas) | C61: - | D61: - | E61: {=_xlfn.XLOOKUP(C61,'Revise Page Tarif Layanan'!$F$6:$F927,'Revise Page Tarif Layanan'!$I$6:$I927)} -> - | F61: DATA IMPOR (?)
B62: Impor data historis (KODE: TRX/2025/10/0049) · tanggal dari sistem order (tidak ditemukan di buku kas) | C62: - | D62: - | E62: {=_xlfn.XLOOKUP(C62,'Revise Page Tarif Layanan'!$F$6:$F927,'Revise Page Tarif Layanan'!$I$6:$I927)} -> - | F62: DATA IMPOR (?)
B63: Impor data historis (KODE: TRX/2025/10/0051) · tanggal dari sistem order (tidak ditemukan di buku kas) | C63: - | D63: - | E63: {=_xlfn.XLOOKUP(C63,'Revise Page Tarif Layanan'!$F$6:$F927,'Revise Page Tarif Layanan'!$I$6:$I927)} -> - | F63: DATA IMPOR (?)
B64: Impor data historis (KODE: TRX/2025/10/0052) · tanggal dari sistem order (tidak ditemukan di buku kas) | C64: - | D64: - | E64: {=_xlfn.XLOOKUP(C64,'Revise Page Tarif Layanan'!$F$6:$F927,'Revise Page Tarif Layanan'!$I$6:$I927)} -> - | F64: DATA IMPOR (?)
B65: Impor data historis (KODE: TRX/2025/10/0053) · tanggal dari sistem order (tidak ditemukan di buku kas) | C65: - | D65: - | E65: {=_xlfn.XLOOKUP(C65,'Revise Page Tarif Layanan'!$F$6:$F927,'Revise Page Tarif Layanan'!$I$6:$I927)} -> - | F65: DATA IMPOR (?)
B66: Impor data historis (KODE: TRX/2025/10/0055) | C66: - | D66: - | E66: {=_xlfn.XLOOKUP(C66,'Revise Page Tarif Layanan'!$F$6:$F927,'Revise Page Tarif Layanan'!$I$6:$I927)} -> - | F66: DATA IMPOR (?)
B67: Impor data historis (KODE: TRX/2025/10/0056) · tanggal dari sistem order (tidak ditemukan di buku kas) | C67: - | D67: - | E67: {=_xlfn.XLOOKUP(C67,'Revise Page Tarif Layanan'!$F$6:$F927,'Revise Page Tarif Layanan'!$I$6:$I927)} -> - | F67: DATA IMPOR (?)
B68: Impor data historis (KODE: TRX/2025/10/0057) · tanggal dari sistem order (tidak ditemukan di buku kas) | C68: - | D68: - | E68: {=_xlfn.XLOOKUP(C68,'Revise Page Tarif Layanan'!$F$6:$F927,'Revise Page Tarif Layanan'!$I$6:$I927)} -> - | F68: DATA IMPOR (?)
B69: Impor data historis (KODE: TRX/2025/10/0058) | C69: - | D69: - | E69: {=_xlfn.XLOOKUP(C69,'Revise Page Tarif Layanan'!$F$6:$F927,'Revise Page Tarif Layanan'!$I$6:$I927)} -> - | F69: DATA IMPOR (?)
B70: Impor data historis (KODE: TRX/2025/10/0059) | C70: - | D70: - | E70: {=_xlfn.XLOOKUP(C70,'Revise Page Tarif Layanan'!$F$6:$F927,'Revise Page Tarif Layanan'!$I$6:$I927)} -> - | F70: DATA IMPOR (?)
B71: Impor data historis (KODE: TRX/2025/10/0060) · tanggal dari sistem order (tidak ditemukan di buku kas) | C71: - | D71: - | E71: {=_xlfn.XLOOKUP(C71,'Revise Page Tarif Layanan'!$F$6:$F927,'Revise Page Tarif Layanan'!$I$6:$I927)} -> - | F71: DATA IMPOR (?)
B72: Impor data historis (KODE: TRX/2025/10/0061) | C72: - | D72: - | E72: {=_xlfn.XLOOKUP(C72,'Revise Page Tarif Layanan'!$F$6:$F927,'Revise Page Tarif Layanan'!$I$6:$I927)} -> - | F72: DATA IMPOR (?)
B73: Impor data historis (KODE: TRX/2025/10/0062) · tanggal dari sistem order (tidak ditemukan di buku kas) | C73: - | D73: - | E73: {=_xlfn.XLOOKUP(C73,'Revise Page Tarif Layanan'!$F$6:$F927,'Revise Page Tarif Layanan'!$I$6:$I927)} -> - | F73: DATA IMPOR (?)
B74: Impor data historis (KODE: TRX/2025/10/0063) | C74: - | D74: - | E74: {=_xlfn.XLOOKUP(C74,'Revise Page Tarif Layanan'!$F$6:$F927,'Revise Page Tarif Layanan'!$I$6:$I927)} -> - | F74: DATA IMPOR (?)
B75: Impor data historis (KODE: TRX/2025/10/0064) | C75: - | D75: - | E75: {=_xlfn.XLOOKUP(C75,'Revise Page Tarif Layanan'!$F$6:$F927,'Revise Page Tarif Layanan'!$I$6:$I927)} -> - | F75: DATA IMPOR (?)
B76: Impor data historis (KODE: TRX/2025/10/0065) | C76: - | D76: - | E76: {=_xlfn.XLOOKUP(C76,'Revise Page Tarif Layanan'!$F$6:$F927,'Revise Page Tarif Layanan'!$I$6:$I927)} -> - | F76: DATA IMPOR (?)
B77: Impor data historis (KODE: TRX/2025/10/0066) | C77: - | D77: - | E77: {=_xlfn.XLOOKUP(C77,'Revise Page Tarif Layanan'!$F$6:$F927,'Revise Page Tarif Layanan'!$I$6:$I927)} -> - | F77: DATA IMPOR (?)
B78: Impor data historis (KODE: TRX/2025/10/0067) · tanggal dari sistem order (tidak ditemukan di buku kas) | C78: - | D78: - | E78: {=_xlfn.XLOOKUP(C78,'Revise Page Tarif Layanan'!$F$6:$F927,'Revise Page Tarif Layanan'!$I$6:$I927)} -> - | F78: DATA IMPOR (?)
B79: Impor data historis (KODE: TRX/2025/10/0076) | C79: - | D79: - | E79: {=_xlfn.XLOOKUP(C79,'Revise Page Tarif Layanan'!$F$6:$F927,'Revise Page Tarif Layanan'!$I$6:$I927)} -> - | F79: DATA IMPOR (?)
B80: Impor data historis (KODE: TRX/2025/10/0081) · tanggal dari sistem order (tidak ditemukan di buku kas) | C80: - | D80: - | E80: {=_xlfn.XLOOKUP(C80,'Revise Page Tarif Layanan'!$F$6:$F927,'Revise Page Tarif Layanan'!$I$6:$I927)} -> - | F80: DATA IMPOR (?)
B81: Impor data historis (KODE: TRX/2025/10/0085) · tanggal dari sistem order (tidak ditemukan di buku kas) | C81: - | D81: - | E81: {=_xlfn.XLOOKUP(C81,'Revise Page Tarif Layanan'!$F$6:$F927,'Revise Page Tarif Layanan'!$I$6:$I927)} -> - | F81: DATA IMPOR (?)
B82: Impor data historis (KODE: TRX/2025/10/0086) · tanggal dari sistem order (tidak ditemukan di buku kas) | C82: - | D82: - | E82: {=_xlfn.XLOOKUP(C82,'Revise Page Tarif Layanan'!$F$6:$F927,'Revise Page Tarif Layanan'!$I$6:$I927)} -> - | F82: DATA IMPOR (?)
B83: Impor data historis (KODE: TRX/2025/10/0087) · tanggal dari sistem order (tidak ditemukan di buku kas) | C83: - | D83: - | E83: {=_xlfn.XLOOKUP(C83,'Revise Page Tarif Layanan'!$F$6:$F927,'Revise Page Tarif Layanan'!$I$6:$I927)} -> - | F83: DATA IMPOR (?)
B84: Impor data historis (KODE: TRX/2025/10/0088) · tanggal dari sistem order (tidak ditemukan di buku kas) | C84: - | D84: - | E84: {=_xlfn.XLOOKUP(C84,'Revise Page Tarif Layanan'!$F$6:$F927,'Revise Page Tarif Layanan'!$I$6:$I927)} -> - | F84: DATA IMPOR (?)
B85: Impor data historis (KODE: TRX/2025/10/0090) · tanggal dari sistem order (tidak ditemukan di buku kas) | C85: - | D85: - | E85: {=_xlfn.XLOOKUP(C85,'Revise Page Tarif Layanan'!$F$6:$F927,'Revise Page Tarif Layanan'!$I$6:$I927)} -> - | F85: DATA IMPOR (?)
B86: Impor data historis (KODE: TRX/2025/10/0091) · tanggal dari sistem order (tidak ditemukan di buku kas) | C86: - | D86: - | E86: {=_xlfn.XLOOKUP(C86,'Revise Page Tarif Layanan'!$F$6:$F927,'Revise Page Tarif Layanan'!$I$6:$I927)} -> - | F86: DATA IMPOR (?)
B87: Impor data historis (KODE: TRX/2025/10/0092) | C87: - | D87: - | E87: {=_xlfn.XLOOKUP(C87,'Revise Page Tarif Layanan'!$F$6:$F927,'Revise Page Tarif Layanan'!$I$6:$I927)} -> - | F87: DATA IMPOR (?)
B88: Impor data historis (KODE: TRX/2025/10/0093) | C88: - | D88: - | E88: {=_xlfn.XLOOKUP(C88,'Revise Page Tarif Layanan'!$F$6:$F927,'Revise Page Tarif Layanan'!$I$6:$I927)} -> - | F88: DATA IMPOR (?)
B89: Impor data historis (KODE: TRX/2025/10/0094) | C89: - | D89: - | E89: {=_xlfn.XLOOKUP(C89,'Revise Page Tarif Layanan'!$F$6:$F927,'Revise Page Tarif Layanan'!$I$6:$I927)} -> - | F89: DATA IMPOR (?)
B90: Impor data historis (KODE: TRX/2025/10/0095) | C90: - | D90: - | E90: {=_xlfn.XLOOKUP(C90,'Revise Page Tarif Layanan'!$F$6:$F927,'Revise Page Tarif Layanan'!$I$6:$I927)} -> - | F90: DATA IMPOR (?)
B91: Impor data historis (KODE: TRX/2025/10/0096) · tanggal dari sistem order (tidak ditemukan di buku kas) | C91: - | D91: - | E91: {=_xlfn.XLOOKUP(C91,'Revise Page Tarif Layanan'!$F$6:$F927,'Revise Page Tarif Layanan'!$I$6:$I927)} -> - | F91: DATA IMPOR (?)
B92: Impor data historis (KODE: TRX/2025/10/0097) · tanggal dari sistem order (tidak ditemukan di buku kas) | C92: - | D92: - | E92: {=_xlfn.XLOOKUP(C92,'Revise Page Tarif Layanan'!$F$6:$F927,'Revise Page Tarif Layanan'!$I$6:$I927)} -> - | F92: DATA IMPOR (?)
B93: Impor data historis (KODE: TRX/2025/10/0098) · tanggal dari sistem order (tidak ditemukan di buku kas) | C93: - | D93: - | E93: {=_xlfn.XLOOKUP(C93,'Revise Page Tarif Layanan'!$F$6:$F927,'Revise Page Tarif Layanan'!$I$6:$I927)} -> - | F93: DATA IMPOR (?)
B94: Impor data historis (KODE: TRX/2025/10/0099) · tanggal dari sistem order (tidak ditemukan di buku kas) | C94: - | D94: - | E94: {=_xlfn.XLOOKUP(C94,'Revise Page Tarif Layanan'!$F$6:$F927,'Revise Page Tarif Layanan'!$I$6:$I927)} -> - | F94: DATA IMPOR (?)
B95: Impor data historis (KODE: TRX/2025/10/0100) · tanggal dari sistem order (tidak ditemukan di buku kas) | C95: - | D95: - | E95: {=_xlfn.XLOOKUP(C95,'Revise Page Tarif Layanan'!$F$6:$F927,'Revise Page Tarif Layanan'!$I$6:$I927)} -> - | F95: DATA IMPOR (?)
B96: Impor data historis (KODE: TRX/2025/10/0101) · tanggal dari sistem order (tidak ditemukan di buku kas) | C96: - | D96: - | E96: {=_xlfn.XLOOKUP(C96,'Revise Page Tarif Layanan'!$F$6:$F927,'Revise Page Tarif Layanan'!$I$6:$I927)} -> - | F96: DATA IMPOR (?)
B97: Impor data historis (KODE: TRX/2025/10/0102) | C97: - | D97: - | E97: {=_xlfn.XLOOKUP(C97,'Revise Page Tarif Layanan'!$F$6:$F927,'Revise Page Tarif Layanan'!$I$6:$I927)} -> - | F97: DATA IMPOR (?)
B98: Impor data historis (KODE: TRX/2025/10/0104) · tanggal dari sistem order (tidak ditemukan di buku kas) | C98: - | D98: - | E98: {=_xlfn.XLOOKUP(C98,'Revise Page Tarif Layanan'!$F$6:$F927,'Revise Page Tarif Layanan'!$I$6:$I927)} -> - | F98: DATA IMPOR (?)
B99: Impor data historis (KODE: TRX/2025/10/0105) | C99: - | D99: - | E99: {=_xlfn.XLOOKUP(C99,'Revise Page Tarif Layanan'!$F$6:$F927,'Revise Page Tarif Layanan'!$I$6:$I927)} -> - | F99: DATA IMPOR (?)
B100: Impor data historis (KODE: TRX/2025/10/0107) | C100: - | D100: - | E100: {=_xlfn.XLOOKUP(C100,'Revise Page Tarif Layanan'!$F$6:$F927,'Revise Page Tarif Layanan'!$I$6:$I927)} -> - | F100: DATA IMPOR (?)
B101: Impor data historis (KODE: TRX/2025/10/0111) | C101: - | D101: - | E101: {=_xlfn.XLOOKUP(C101,'Revise Page Tarif Layanan'!$F$6:$F927,'Revise Page Tarif Layanan'!$I$6:$I927)} -> - | F101: DATA IMPOR (?)
...
